AnalysisRunId,GlobalId,IfcClass,MetricId,MetricName,Value,Unit,LifecycleStage,Scenario,Source,Confidence,ComputationMethod
run-2026-09-17-01,2O2Fr$t4X7Zf8NOew3FNtn,IFCWALLSTANDARDCASE,NRC.EC.A1A3.TOTAL,EmbodiedCarbon_A1A3_kgCO2e,615.5,kgCO2e,A1-A3,Baseline,synthetic-generator-v1,0.5,type-base-x-hash-jitter
run-2026-09-17-01,2O2Fr$t4X7Zf8NOew3FNtn,IFCWALLSTANDARDCASE,NRC.EC.A1A5.TOTAL,EmbodiedCarbon_A1A5_kgCO2e,689.4,kgCO2e,A1-A5,Baseline,synthetic-generator-v1,0.5,type-base-x-hash-jitter
run-2026-09-17-01,2O2Fr$t4X7Zf8NOew3FNtn,IFCWALLSTANDARDCASE,NRC.OC.ANNUAL,OperationalCarbon_kgCO2e_per_year,372.0,kgCO2e/yr,B6,Baseline,synthetic-generator-v1,0.5,type-base-x-hash-jitter
run-2026-09-17-01,2O2Fr$t4X7Zf8NOew3FNtn,IFCWALLSTANDARDCASE,NRC.EUI.ANNUAL,EnergyUseIntensity_kWh_per_m2_year,83.6,kWh/m2/yr,B6,Baseline,synthetic-generator-v1,0.5,type-base-x-hash-jitter
run-2026-09-17-01,2O2Fr$t4X7Zf8NOew3FNqI,IFCWALLSTANDARDCASE,NRC.EC.A1A3.TOTAL,EmbodiedCarbon_A1A3_kgCO2e,690.0,kgCO2e,A1-A3,Baseline,synthetic-generator-v1,0.5,type-base-x-hash-jitter
run-2026-09-17-01,2O2Fr$t4X7Zf8NOew3FNqI,IFCWALLSTANDARDCASE,NRC.EC.A1A5.TOTAL,EmbodiedCarbon_A1A5_kgCO2e,772.8,kgCO2e,A1-A5,Baseline,synthetic-generator-v1,0.5,type-base-x-hash-jitter
run-2026-09-17-01,2O2Fr$t4X7Zf8NOew3FNqI,IFCWALLSTANDARDCASE,NRC.OC.ANNUAL,OperationalCarbon_kgCO2e_per_year,332.0,kgCO2e/yr,B6,Baseline,synthetic-generator-v1,0.5,type-base-x-hash-jitter
run-2026-09-17-01,2O2Fr$t4X7Zf8NOew3FNqI,IFCWALLSTANDARDCASE,NRC.EUI.ANNUAL,EnergyUseIntensity_kWh_per_m2_year,79.2,kWh/m2/yr,B6,Baseline,synthetic-generator-v1,0.5,type-base-x-hash-jitter
run-2026-09-17-01,2O2Fr$t4X7Zf8NOew3FNr2,IFCWALLSTANDARDCASE,NRC.EC.A1A3.TOTAL,EmbodiedCarbon_A1A3_kgCO2e,887.5,kgCO2e,A1-A3,Baseline,synthetic-generator-v1,0.5,type-base-x-hash-jitter
run-2026-09-17-01,2O2Fr$t4X7Zf8NOew3FNr2,IFCWALLSTANDARDCASE,NRC.EC.A1A5.TOTAL,EmbodiedCarbon_A1A5_kgCO2e,994.0,kgCO2e,A1-A5,Baseline,synthetic-generator-v1,0.5,type-base-x-hash-jitter
run-2026-09-17-01,2O2Fr$t4X7Zf8NOew3FNr2,IFCWALLSTANDARDCASE,NRC.OC.ANNUAL,OperationalCarbon_kgCO2e_per_year,310.8,kgCO2e/yr,B6,Baseline,synthetic-generator-v1,0.5,type-base-x-hash-jitter
run-2026-09-17-01,2O2Fr$t4X7Zf8NOew3FNr2,IFCWALLSTANDARDCASE,NRC.EUI.ANNUAL,EnergyUseIntensity_kWh_per_m2_year,63.9,kWh/m2/yr,B6,Baseline,synthetic-generator-v1,0.5,type-base-x-hash-jitter
run-2026-09-17-01,2O2Fr$t4X7Zf8NOew3FNhv,IFCWALLSTANDARDCASE,NRC.EC.A1A3.TOTAL,EmbodiedCarbon_A1A3_kgCO2e,1037.8,kgCO2e,A1-A3,Baseline,synthetic-generator-v1,0.5,type-base-x-hash-jitter
run-2026-09-17-01,2O2Fr$t4X7Zf8NOew3FNhv,IFCWALLSTANDARDCASE,NRC.EC.A1A5.TOTAL,EmbodiedCarbon_A1A5_kgCO2e,1162.3,kgCO2e,A1-A5,Baseline,synthetic-generator-v1,0.5,type-base-x-hash-jitter
run-2026-09-17-01,2O2Fr$t4X7Zf8NOew3FNhv,IFCWALLSTANDARDCASE,NRC.OC.ANNUAL,OperationalCarbon_kgCO2e_per_year,368.6,kgCO2e/yr,B6,Baseline,synthetic-generator-v1,0.5,type-base-x-hash-jitter
run-2026-09-17-01,2O2Fr$t4X7Zf8NOew3FNhv,IFCWALLSTANDARDCASE,NRC.EUI.ANNUAL,EnergyUseIntensity_kWh_per_m2_year,55.5,kWh/m2/yr,B6,Baseline,synthetic-generator-v1,0.5,type-base-x-hash-jitter
run-2026-09-17-01,2O2Fr$t4X7Zf8NOew3FNld,IFCWALLSTANDARDCASE,NRC.EC.A1A3.TOTAL,EmbodiedCarbon_A1A3_kgCO2e,768.3,kgCO2e,A1-A3,Baseline,synthetic-generator-v1,0.5,type-base-x-hash-jitter
run-2026-09-17-01,2O2Fr$t4X7Zf8NOew3FNld,IFCWALLSTANDARDCASE,NRC.EC.A1A5.TOTAL,EmbodiedCarbon_A1A5_kgCO2e,860.5,kgCO2e,A1-A5,Baseline,synthetic-generator-v1,0.5,type-base-x-hash-jitter
run-2026-09-17-01,2O2Fr$t4X7Zf8NOew3FNld,IFCWALLSTANDARDCASE,NRC.OC.ANNUAL,OperationalCarbon_kgCO2e_per_year,354.2,kgCO2e/yr,B6,Baseline,synthetic-generator-v1,0.5,type-base-x-hash-jitter
run-2026-09-17-01,2O2Fr$t4X7Zf8NOew3FNld,IFCWALLSTANDARDCASE,NRC.EUI.ANNUAL,EnergyUseIntensity_kWh_per_m2_year,49.4,kWh/m2/yr,B6,Baseline,synthetic-generator-v1,0.5,type-base-x-hash-jitter
run-2026-09-17-01,2O2Fr$t4X7Zf8NOew3FNau,IFCWALLSTANDARDCASE,NRC.EC.A1A3.TOTAL,EmbodiedCarbon_A1A3_kgCO2e,664.2,kgCO2e,A1-A3,Baseline,synthetic-generator-v1,0.5,type-base-x-hash-jitter
run-2026-09-17-01,2O2Fr$t4X7Zf8NOew3FNau,IFCWALLSTANDARDCASE,NRC.EC.A1A5.TOTAL,EmbodiedCarbon_A1A5_kgCO2e,743.9,kgCO2e,A1-A5,Baseline,synthetic-generator-v1,0.5,type-base-x-hash-jitter
run-2026-09-17-01,2O2Fr$t4X7Zf8NOew3FNau,IFCWALLSTANDARDCASE,NRC.OC.ANNUAL,OperationalCarbon_kgCO2e_per_year,360.8,kgCO2e/yr,B6,Baseline,synthetic-generator-v1,0.5,type-base-x-hash-jitter
run-2026-09-17-01,2O2Fr$t4X7Zf8NOew3FNau,IFCWALLSTANDARDCASE,NRC.EUI.ANNUAL,EnergyUseIntensity_kWh_per_m2_year,45.4,kWh/m2/yr,B6,Baseline,synthetic-generator-v1,0.5,type-base-x-hash-jitter
run-2026-09-17-01,2O2Fr$t4X7Zf8NOew3FNbT,IFCWALLSTANDARDCASE,NRC.EC.A1A3.TOTAL,EmbodiedCarbon_A1A3_kgCO2e,694.1,kgCO2e,A1-A3,Baseline,synthetic-generator-v1,0.5,type-base-x-hash-jitter
run-2026-09-17-01,2O2Fr$t4X7Zf8NOew3FNbT,IFCWALLSTANDARDCASE,NRC.EC.A1A5.TOTAL,EmbodiedCarbon_A1A5_kgCO2e,777.4,kgCO2e,A1-A5,Baseline,synthetic-generator-v1,0.5,type-base-x-hash-jitter
run-2026-09-17-01,2O2Fr$t4X7Zf8NOew3FNbT,IFCWALLSTANDARDCASE,NRC.OC.ANNUAL,OperationalCarbon_kgCO2e_per_year,328.6,kgCO2e/yr,B6,Baseline,synthetic-generator-v1,0.5,type-base-x-hash-jitter
run-2026-09-17-01,2O2Fr$t4X7Zf8NOew3FNbT,IFCWALLSTANDARDCASE,NRC.EUI.ANNUAL,EnergyUseIntensity_kWh_per_m2_year,51.1,kWh/m2/yr,B6,Baseline,synthetic-generator-v1,0.5,type-base-x-hash-jitter
run-2026-09-17-01,2O2Fr$t4X7Zf8NOew3FKRi,IFCWALLSTANDARDCASE,NRC.EC.A1A3.TOTAL,EmbodiedCarbon_A1A3_kgCO2e,741.0,kgCO2e,A1-A3,Baseline,synthetic-generator-v1,0.5,type-base-x-hash-jitter
run-2026-09-17-01,2O2Fr$t4X7Zf8NOew3FKRi,IFCWALLSTANDARDCASE,NRC.EC.A1A5.TOTAL,EmbodiedCarbon_A1A5_kgCO2e,829.9,kgCO2e,A1-A5,Baseline,synthetic-generator-v1,0.5,type-base-x-hash-jitter
run-2026-09-17-01,2O2Fr$t4X7Zf8NOew3FKRi,IFCWALLSTANDARDCASE,NRC.OC.ANNUAL,OperationalCarbon_kgCO2e_per_year,330.8,kgCO2e/yr,B6,Baseline,synthetic-generator-v1,0.5,type-base-x-hash-jitter
run-2026-09-17-01,2O2Fr$t4X7Zf8NOew3FKRi,IFCWALLSTANDARDCASE,NRC.EUI.ANNUAL,EnergyUseIntensity_kWh_per_m2_year,65.1,kWh/m2/yr,B6,Baseline,synthetic-generator-v1,0.5,type-base-x-hash-jitter
run-2026-09-17-01,2O2Fr$t4X7Zf8NOew3FKRH,IFCWALLSTANDARDCASE,NRC.EC.A1A3.TOTAL,EmbodiedCarbon_A1A3_kgCO2e,764.9,kgCO2e,A1-A3,Baseline,synthetic-generator-v1,0.5,type-base-x-hash-jitter
run-2026-09-17-01,2O2Fr$t4X7Zf8NOew3FKRH,IFCWALLSTANDARDCASE,NRC.EC.A1A5.TOTAL,EmbodiedCarbon_A1A5_kgCO2e,856.7,kgCO2e,A1-A5,Baseline,synthetic-generator-v1,0.5,type-base-x-hash-jitter
run-2026-09-17-01,2O2Fr$t4X7Zf8NOew3FKRH,IFCWALLSTANDARDCASE,NRC.OC.ANNUAL,OperationalCarbon_kgCO2e_per_year,297.5,kgCO2e/yr,B6,Baseline,synthetic-generator-v1,0.5,type-base-x-hash-jitter
run-2026-09-17-01,2O2Fr$t4X7Zf8NOew3FKRH,IFCWALLSTANDARDCASE,NRC.EUI.ANNUAL,EnergyUseIntensity_kWh_per_m2_year,64.8,kWh/m2/yr,B6,Baseline,synthetic-generator-v1,0.5,type-base-x-hash-jitter
run-2026-09-17-01,2O2Fr$t4X7Zf8NOew3FKST,IFCWALLSTANDARDCASE,NRC.EC.A1A3.TOTAL,EmbodiedCarbon_A1A3_kgCO2e,874.4,kgCO2e,A1-A3,Baseline,synthetic-generator-v1,0.5,type-base-x-hash-jitter
run-2026-09-17-01,2O2Fr$t4X7Zf8NOew3FKST,IFCWALLSTANDARDCASE,NRC.EC.A1A5.TOTAL,EmbodiedCarbon_A1A5_kgCO2e,979.3,kgCO2e,A1-A5,Baseline,synthetic-generator-v1,0.5,type-base-x-hash-jitter
run-2026-09-17-01,2O2Fr$t4X7Zf8NOew3FKST,IFCWALLSTANDARDCASE,NRC.OC.ANNUAL,OperationalCarbon_kgCO2e_per_year,310.8,kgCO2e/yr,B6,Baseline,synthetic-generator-v1,0.5,type-base-x-hash-jitter
run-2026-09-17-01,2O2Fr$t4X7Zf8NOew3FKST,IFCWALLSTANDARDCASE,NRC.EUI.ANNUAL,EnergyUseIntensity_kWh_per_m2_year,63.9,kWh/m2/yr,B6,Baseline,synthetic-generator-v1,0.5,type-base-x-hash-jitter
run-2026-09-17-01,2O2Fr$t4X7Zf8NOew3FKIu,IFCWALLSTANDARDCASE,NRC.EC.A1A3.TOTAL,EmbodiedCarbon_A1A3_kgCO2e,1042.6,kgCO2e,A1-A3,Baseline,synthetic-generator-v1,0.5,type-base-x-hash-jitter
run-2026-09-17-01,2O2Fr$t4X7Zf8NOew3FKIu,IFCWALLSTANDARDCASE,NRC.EC.A1A5.TOTAL,EmbodiedCarbon_A1A5_kgCO2e,1167.7,kgCO2e,A1-A5,Baseline,synthetic-generator-v1,0.5,type-base-x-hash-jitter
run-2026-09-17-01,2O2Fr$t4X7Zf8NOew3FKIu,IFCWALLSTANDARDCASE,NRC.OC.ANNUAL,OperationalCarbon_kgCO2e_per_year,333.1,kgCO2e/yr,B6,Baseline,synthetic-generator-v1,0.5,type-base-x-hash-jitter
run-2026-09-17-01,2O2Fr$t4X7Zf8NOew3FKIu,IFCWALLSTANDARDCASE,NRC.EUI.ANNUAL,EnergyUseIntensity_kWh_per_m2_year,86.2,kWh/m2/yr,B6,Baseline,synthetic-generator-v1,0.5,type-base-x-hash-jitter
run-2026-09-17-01,2O2Fr$t4X7Zf8NOew3FKGS,IFCWALLSTANDARDCASE,NRC.EC.A1A3.TOTAL,EmbodiedCarbon_A1A3_kgCO2e,842.1,kgCO2e,A1-A3,Baseline,synthetic-generator-v1,0.5,type-base-x-hash-jitter
run-2026-09-17-01,2O2Fr$t4X7Zf8NOew3FKGS,IFCWALLSTANDARDCASE,NRC.EC.A1A5.TOTAL,EmbodiedCarbon_A1A5_kgCO2e,943.2,kgCO2e,A1-A5,Baseline,synthetic-generator-v1,0.5,type-base-x-hash-jitter
run-2026-09-17-01,2O2Fr$t4X7Zf8NOew3FKGS,IFCWALLSTANDARDCASE,NRC.OC.ANNUAL,OperationalCarbon_kgCO2e_per_year,297.5,kgCO2e/yr,B6,Baseline,synthetic-generator-v1,0.5,type-base-x-hash-jitter
run-2026-09-17-01,2O2Fr$t4X7Zf8NOew3FKGS,IFCWALLSTANDARDCASE,NRC.EUI.ANNUAL,EnergyUseIntensity_kWh_per_m2_year,64.8,kWh/m2/yr,B6,Baseline,synthetic-generator-v1,0.5,type-base-x-hash-jitter
run-2026-09-17-01,2O2Fr$t4X7Zf8NOew3FK80,IFCWALLSTANDARDCASE,NRC.EC.A1A3.TOTAL,EmbodiedCarbon_A1A3_kgCO2e,850.5,kgCO2e,A1-A3,Baseline,synthetic-generator-v1,0.5,type-base-x-hash-jitter
run-2026-09-17-01,2O2Fr$t4X7Zf8NOew3FK80,IFCWALLSTANDARDCASE,NRC.EC.A1A5.TOTAL,EmbodiedCarbon_A1A5_kgCO2e,952.6,kgCO2e,A1-A5,Baseline,synthetic-generator-v1,0.5,type-base-x-hash-jitter
run-2026-09-17-01,2O2Fr$t4X7Zf8NOew3FK80,IFCWALLSTANDARDCASE,NRC.OC.ANNUAL,OperationalCarbon_kgCO2e_per_year,247.5,kgCO2e/yr,B6,Baseline,synthetic-generator-v1,0.5,type-base-x-hash-jitter
run-2026-09-17-01,2O2Fr$t4X7Zf8NOew3FK80,IFCWALLSTANDARDCASE,NRC.EUI.ANNUAL,EnergyUseIntensity_kWh_per_m2_year,82.3,kWh/m2/yr,B6,Baseline,synthetic-generator-v1,0.5,type-base-x-hash-jitter
run-2026-09-17-01,2O2Fr$t4X7Zf8NOew3FK9N,IFCWALLSTANDARDCASE,NRC.EC.A1A3.TOTAL,EmbodiedCarbon_A1A3_kgCO2e,1029.6,kgCO2e,A1-A3,Baseline,synthetic-generator-v1,0.5,type-base-x-hash-jitter
run-2026-09-17-01,2O2Fr$t4X7Zf8NOew3FK9N,IFCWALLSTANDARDCASE,NRC.EC.A1A5.TOTAL,EmbodiedCarbon_A1A5_kgCO2e,1153.2,kgCO2e,A1-A5,Baseline,synthetic-generator-v1,0.5,type-base-x-hash-jitter
run-2026-09-17-01,2O2Fr$t4X7Zf8NOew3FK9N,IFCWALLSTANDARDCASE,NRC.OC.ANNUAL,OperationalCarbon_kgCO2e_per_year,278.6,kgCO2e/yr,B6,Baseline,synthetic-generator-v1,0.5,type-base-x-hash-jitter
run-2026-09-17-01,2O2Fr$t4X7Zf8NOew3FK9N,IFCWALLSTANDARDCASE,NRC.EUI.ANNUAL,EnergyUseIntensity_kWh_per_m2_year,69.6,kWh/m2/yr,B6,Baseline,synthetic-generator-v1,0.5,type-base-x-hash-jitter
run-2026-09-17-01,2O2Fr$t4X7Zf8NOew3FKEr,IFCWALLSTANDARDCASE,NRC.EC.A1A3.TOTAL,EmbodiedCarbon_A1A3_kgCO2e,844.6,kgCO2e,A1-A3,Baseline,synthetic-generator-v1,0.5,type-base-x-hash-jitter
run-2026-09-17-01,2O2Fr$t4X7Zf8NOew3FKEr,IFCWALLSTANDARDCASE,NRC.EC.A1A5.TOTAL,EmbodiedCarbon_A1A5_kgCO2e,946.0,kgCO2e,A1-A5,Baseline,synthetic-generator-v1,0.5,type-base-x-hash-jitter
run-2026-09-17-01,2O2Fr$t4X7Zf8NOew3FKEr,IFCWALLSTANDARDCASE,NRC.OC.ANNUAL,OperationalCarbon_kgCO2e_per_year,326.4,kgCO2e/yr,B6,Baseline,synthetic-generator-v1,0.5,type-base-x-hash-jitter
run-2026-09-17-01,2O2Fr$t4X7Zf8NOew3FKEr,IFCWALLSTANDARDCASE,NRC.EUI.ANNUAL,EnergyUseIntensity_kWh_per_m2_year,83.1,kWh/m2/yr,B6,Baseline,synthetic-generator-v1,0.5,type-base-x-hash-jitter
run-2026-09-17-01,2O2Fr$t4X7Zf8NOew3FKE5,IFCWALLSTANDARDCASE,NRC.EC.A1A3.TOTAL,EmbodiedCarbon_A1A3_kgCO2e,576.8,kgCO2e,A1-A3,Baseline,synthetic-generator-v1,0.5,type-base-x-hash-jitter
run-2026-09-17-01,2O2Fr$t4X7Zf8NOew3FKE5,IFCWALLSTANDARDCASE,NRC.EC.A1A5.TOTAL,EmbodiedCarbon_A1A5_kgCO2e,646.0,kgCO2e,A1-A5,Baseline,synthetic-generator-v1,0.5,type-base-x-hash-jitter
run-2026-09-17-01,2O2Fr$t4X7Zf8NOew3FKE5,IFCWALLSTANDARDCASE,NRC.OC.ANNUAL,OperationalCarbon_kgCO2e_per_year,265.3,kgCO2e/yr,B6,Baseline,synthetic-generator-v1,0.5,type-base-x-hash-jitter
run-2026-09-17-01,2O2Fr$t4X7Zf8NOew3FKE5,IFCWALLSTANDARDCASE,NRC.EUI.ANNUAL,EnergyUseIntensity_kWh_per_m2_year,70.5,kWh/m2/yr,B6,Baseline,synthetic-generator-v1,0.5,type-base-x-hash-jitter
run-2026-09-17-01,2O2Fr$t4X7Zf8NOew3FK3E,IFCWALLSTANDARDCASE,NRC.EC.A1A3.TOTAL,EmbodiedCarbon_A1A3_kgCO2e,654.4,kgCO2e,A1-A3,Baseline,synthetic-generator-v1,0.5,type-base-x-hash-jitter
run-2026-09-17-01,2O2Fr$t4X7Zf8NOew3FK3E,IFCWALLSTANDARDCASE,NRC.EC.A1A5.TOTAL,EmbodiedCarbon_A1A5_kgCO2e,732.9,kgCO2e,A1-A5,Baseline,synthetic-generator-v1,0.5,type-base-x-hash-jitter
run-2026-09-17-01,2O2Fr$t4X7Zf8NOew3FK3E,IFCWALLSTANDARDCASE,NRC.OC.ANNUAL,OperationalCarbon_kgCO2e_per_year,263.1,kgCO2e/yr,B6,Baseline,synthetic-generator-v1,0.5,type-base-x-hash-jitter
run-2026-09-17-01,2O2Fr$t4X7Zf8NOew3FK3E,IFCWALLSTANDARDCASE,NRC.EUI.ANNUAL,EnergyUseIntensity_kWh_per_m2_year,56.5,kWh/m2/yr,B6,Baseline,synthetic-generator-v1,0.5,type-base-x-hash-jitter
run-2026-09-17-01,2O2Fr$t4X7Zf8NOew3FK04,IFCWALLSTANDARDCASE,NRC.EC.A1A3.TOTAL,EmbodiedCarbon_A1A3_kgCO2e,618.2,kgCO2e,A1-A3,Baseline,synthetic-generator-v1,0.5,type-base-x-hash-jitter
run-2026-09-17-01,2O2Fr$t4X7Zf8NOew3FK04,IFCWALLSTANDARDCASE,NRC.EC.A1A5.TOTAL,EmbodiedCarbon_A1A5_kgCO2e,692.4,kgCO2e,A1-A5,Baseline,synthetic-generator-v1,0.5,type-base-x-hash-jitter
run-2026-09-17-01,2O2Fr$t4X7Zf8NOew3FK04,IFCWALLSTANDARDCASE,NRC.OC.ANNUAL,OperationalCarbon_kgCO2e_per_year,243.1,kgCO2e/yr,B6,Baseline,synthetic-generator-v1,0.5,type-base-x-hash-jitter
run-2026-09-17-01,2O2Fr$t4X7Zf8NOew3FK04,IFCWALLSTANDARDCASE,NRC.EUI.ANNUAL,EnergyUseIntensity_kWh_per_m2_year,54.3,kWh/m2/yr,B6,Baseline,synthetic-generator-v1,0.5,type-base-x-hash-jitter
run-2026-09-17-01,2O2Fr$t4X7Zf8NOew3FK1b,IFCWALLSTANDARDCASE,NRC.EC.A1A3.TOTAL,EmbodiedCarbon_A1A3_kgCO2e,624.4,kgCO2e,A1-A3,Baseline,synthetic-generator-v1,0.5,type-base-x-hash-jitter
run-2026-09-17-01,2O2Fr$t4X7Zf8NOew3FK1b,IFCWALLSTANDARDCASE,NRC.EC.A1A5.TOTAL,EmbodiedCarbon_A1A5_kgCO2e,699.3,kgCO2e,A1-A5,Baseline,synthetic-generator-v1,0.5,type-base-x-hash-jitter
run-2026-09-17-01,2O2Fr$t4X7Zf8NOew3FK1b,IFCWALLSTANDARDCASE,NRC.OC.ANNUAL,OperationalCarbon_kgCO2e_per_year,290.8,kgCO2e/yr,B6,Baseline,synthetic-generator-v1,0.5,type-base-x-hash-jitter
run-2026-09-17-01,2O2Fr$t4X7Zf8NOew3FK1b,IFCWALLSTANDARDCASE,NRC.EUI.ANNUAL,EnergyUseIntensity_kWh_per_m2_year,61.7,kWh/m2/yr,B6,Baseline,synthetic-generator-v1,0.5,type-base-x-hash-jitter
run-2026-09-17-01,2O2Fr$t4X7Zf8NOew3FK4F,IFCSLAB,NRC.EC.A1A3.TOTAL,EmbodiedCarbon_A1A3_kgCO2e,2933.1,kgCO2e,A1-A3,Baseline,synthetic-generator-v1,0.5,type-base-x-hash-jitter
run-2026-09-17-01,2O2Fr$t4X7Zf8NOew3FK4F,IFCSLAB,NRC.EC.A1A5.TOTAL,EmbodiedCarbon_A1A5_kgCO2e,3285.1,kgCO2e,A1-A5,Baseline,synthetic-generator-v1,0.5,type-base-x-hash-jitter
run-2026-09-17-01,2O2Fr$t4X7Zf8NOew3FK4F,IFCSLAB,NRC.OC.ANNUAL,OperationalCarbon_kgCO2e_per_year,204.3,kgCO2e/yr,B6,Baseline,synthetic-generator-v1,0.5,type-base-x-hash-jitter
run-2026-09-17-01,2O2Fr$t4X7Zf8NOew3FK4F,IFCSLAB,NRC.EUI.ANNUAL,EnergyUseIntensity_kWh_per_m2_year,65.5,kWh/m2/yr,B6,Baseline,synthetic-generator-v1,0.5,type-base-x-hash-jitter
run-2026-09-17-01,2O2Fr$t4X7Zf8NOew3FKcz,IFCSLAB,NRC.EC.A1A3.TOTAL,EmbodiedCarbon_A1A3_kgCO2e,2182.5,kgCO2e,A1-A3,Baseline,synthetic-generator-v1,0.5,type-base-x-hash-jitter
run-2026-09-17-01,2O2Fr$t4X7Zf8NOew3FKcz,IFCSLAB,NRC.EC.A1A5.TOTAL,EmbodiedCarbon_A1A5_kgCO2e,2444.4,kgCO2e,A1-A5,Baseline,synthetic-generator-v1,0.5,type-base-x-hash-jitter
run-2026-09-17-01,2O2Fr$t4X7Zf8NOew3FKcz,IFCSLAB,NRC.OC.ANNUAL,OperationalCarbon_kgCO2e_per_year,303.2,kgCO2e/yr,B6,Baseline,synthetic-generator-v1,0.5,type-base-x-hash-jitter
run-2026-09-17-01,2O2Fr$t4X7Zf8NOew3FKcz,IFCSLAB,NRC.EUI.ANNUAL,EnergyUseIntensity_kWh_per_m2_year,68.5,kWh/m2/yr,B6,Baseline,synthetic-generator-v1,0.5,type-base-x-hash-jitter
run-2026-09-17-01,2O2Fr$t4X7Zf8NOew3FKau,IFCWALL,NRC.EC.A1A3.TOTAL,EmbodiedCarbon_A1A3_kgCO2e,999.6,kgCO2e,A1-A3,Baseline,synthetic-generator-v1,0.5,type-base-x-hash-jitter
run-2026-09-17-01,2O2Fr$t4X7Zf8NOew3FKau,IFCWALL,NRC.EC.A1A5.TOTAL,EmbodiedCarbon_A1A5_kgCO2e,1119.6,kgCO2e,A1-A5,Baseline,synthetic-generator-v1,0.5,type-base-x-hash-jitter
run-2026-09-17-01,2O2Fr$t4X7Zf8NOew3FKau,IFCWALL,NRC.OC.ANNUAL,OperationalCarbon_kgCO2e_per_year,357.5,kgCO2e/yr,B6,Baseline,synthetic-generator-v1,0.5,type-base-x-hash-jitter
run-2026-09-17-01,2O2Fr$t4X7Zf8NOew3FKau,IFCWALL,NRC.EUI.ANNUAL,EnergyUseIntensity_kWh_per_m2_year,70.4,kWh/m2/yr,B6,Baseline,synthetic-generator-v1,0.5,type-base-x-hash-jitter
run-2026-09-17-01,2O2Fr$t4X7Zf8NOew3FLQD,IFCWALLSTANDARDCASE,NRC.EC.A1A3.TOTAL,EmbodiedCarbon_A1A3_kgCO2e,642.9,kgCO2e,A1-A3,Baseline,synthetic-generator-v1,0.5,type-base-x-hash-jitter
run-2026-09-17-01,2O2Fr$t4X7Zf8NOew3FLQD,IFCWALLSTANDARDCASE,NRC.EC.A1A5.TOTAL,EmbodiedCarbon_A1A5_kgCO2e,720.0,kgCO2e,A1-A5,Baseline,synthetic-generator-v1,0.5,type-base-x-hash-jitter
run-2026-09-17-01,2O2Fr$t4X7Zf8NOew3FLQD,IFCWALLSTANDARDCASE,NRC.OC.ANNUAL,OperationalCarbon_kgCO2e_per_year,293.1,kgCO2e/yr,B6,Baseline,synthetic-generator-v1,0.5,type-base-x-hash-jitter
run-2026-09-17-01,2O2Fr$t4X7Zf8NOew3FLQD,IFCWALLSTANDARDCASE,NRC.EUI.ANNUAL,EnergyUseIntensity_kWh_per_m2_year,82.8,kWh/m2/yr,B6,Baseline,synthetic-generator-v1,0.5,type-base-x-hash-jitter
run-2026-09-17-01,2O2Fr$t4X7Zf8NOew3FLR9,IFCWALLSTANDARDCASE,NRC.EC.A1A3.TOTAL,EmbodiedCarbon_A1A3_kgCO2e,706.6,kgCO2e,A1-A3,Baseline,synthetic-generator-v1,0.5,type-base-x-hash-jitter
run-2026-09-17-01,2O2Fr$t4X7Zf8NOew3FLR9,IFCWALLSTANDARDCASE,NRC.EC.A1A5.TOTAL,EmbodiedCarbon_A1A5_kgCO2e,791.4,kgCO2e,A1-A5,Baseline,synthetic-generator-v1,0.5,type-base-x-hash-jitter
run-2026-09-17-01,2O2Fr$t4X7Zf8NOew3FLR9,IFCWALLSTANDARDCASE,NRC.OC.ANNUAL,OperationalCarbon_kgCO2e_per_year,283.1,kgCO2e/yr,B6,Baseline,synthetic-generator-v1,0.5,type-base-x-hash-jitter
run-2026-09-17-01,2O2Fr$t4X7Zf8NOew3FLR9,IFCWALLSTANDARDCASE,NRC.EUI.ANNUAL,EnergyUseIntensity_kWh_per_m2_year,58.7,kWh/m2/yr,B6,Baseline,synthetic-generator-v1,0.5,type-base-x-hash-jitter
run-2026-09-17-01,2O2Fr$t4X7Zf8NOew3FLOH,IFCWALLSTANDARDCASE,NRC.EC.A1A3.TOTAL,EmbodiedCarbon_A1A3_kgCO2e,700.1,kgCO2e,A1-A3,Baseline,synthetic-generator-v1,0.5,type-base-x-hash-jitter
run-2026-09-17-01,2O2Fr$t4X7Zf8NOew3FLOH,IFCWALLSTANDARDCASE,NRC.EC.A1A5.TOTAL,EmbodiedCarbon_A1A5_kgCO2e,784.1,kgCO2e,A1-A5,Baseline,synthetic-generator-v1,0.5,type-base-x-hash-jitter
run-2026-09-17-01,2O2Fr$t4X7Zf8NOew3FLOH,IFCWALLSTANDARDCASE,NRC.OC.ANNUAL,OperationalCarbon_kgCO2e_per_year,295.3,kgCO2e/yr,B6,Baseline,synthetic-generator-v1,0.5,type-base-x-hash-jitter
run-2026-09-17-01,2O2Fr$t4X7Zf8NOew3FLOH,IFCWALLSTANDARDCASE,NRC.EUI.ANNUAL,EnergyUseIntensity_kWh_per_m2_year,50.8,kWh/m2/yr,B6,Baseline,synthetic-generator-v1,0.5,type-base-x-hash-jitter
run-2026-09-17-01,2O2Fr$t4X7Zf8NOew3FLPP,IFCWALLSTANDARDCASE,NRC.EC.A1A3.TOTAL,EmbodiedCarbon_A1A3_kgCO2e,996.8,kgCO2e,A1-A3,Baseline,synthetic-generator-v1,0.5,type-base-x-hash-jitter
run-2026-09-17-01,2O2Fr$t4X7Zf8NOew3FLPP,IFCWALLSTANDARDCASE,NRC.EC.A1A5.TOTAL,EmbodiedCarbon_A1A5_kgCO2e,1116.4,kgCO2e,A1-A5,Baseline,synthetic-generator-v1,0.5,type-base-x-hash-jitter
run-2026-09-17-01,2O2Fr$t4X7Zf8NOew3FLPP,IFCWALLSTANDARDCASE,NRC.OC.ANNUAL,OperationalCarbon_kgCO2e_per_year,304.2,kgCO2e/yr,B6,Baseline,synthetic-generator-v1,0.5,type-base-x-hash-jitter
run-2026-09-17-01,2O2Fr$t4X7Zf8NOew3FLPP,IFCWALLSTANDARDCASE,NRC.EUI.ANNUAL,EnergyUseIntensity_kWh_per_m2_year,67.9,kWh/m2/yr,B6,Baseline,synthetic-generator-v1,0.5,type-base-x-hash-jitter
run-2026-09-17-01,2O2Fr$t4X7Zf8NOew3FLTF,IFCWALLSTANDARDCASE,NRC.EC.A1A3.TOTAL,EmbodiedCarbon_A1A3_kgCO2e,803.7,kgCO2e,A1-A3,Baseline,synthetic-generator-v1,0.5,type-base-x-hash-jitter
run-2026-09-17-01,2O2Fr$t4X7Zf8NOew3FLTF,IFCWALLSTANDARDCASE,NRC.EC.A1A5.TOTAL,EmbodiedCarbon_A1A5_kgCO2e,900.1,kgCO2e,A1-A5,Baseline,synthetic-generator-v1,0.5,type-base-x-hash-jitter
run-2026-09-17-01,2O2Fr$t4X7Zf8NOew3FLTF,IFCWALLSTANDARDCASE,NRC.OC.ANNUAL,OperationalCarbon_kgCO2e_per_year,298.6,kgCO2e/yr,B6,Baseline,synthetic-generator-v1,0.5,type-base-x-hash-jitter
run-2026-09-17-01,2O2Fr$t4X7Zf8NOew3FLTF,IFCWALLSTANDARDCASE,NRC.EUI.ANNUAL,EnergyUseIntensity_kWh_per_m2_year,71.8,kWh/m2/yr,B6,Baseline,synthetic-generator-v1,0.5,type-base-x-hash-jitter
run-2026-09-17-01,2O2Fr$t4X7Zf8NOew3FLIE,IFCWALLSTANDARDCASE,NRC.EC.A1A3.TOTAL,EmbodiedCarbon_A1A3_kgCO2e,951.9,kgCO2e,A1-A3,Baseline,synthetic-generator-v1,0.5,type-base-x-hash-jitter
run-2026-09-17-01,2O2Fr$t4X7Zf8NOew3FLIE,IFCWALLSTANDARDCASE,NRC.EC.A1A5.TOTAL,EmbodiedCarbon_A1A5_kgCO2e,1066.1,kgCO2e,A1-A5,Baseline,synthetic-generator-v1,0.5,type-base-x-hash-jitter
run-2026-09-17-01,2O2Fr$t4X7Zf8NOew3FLIE,IFCWALLSTANDARDCASE,NRC.OC.ANNUAL,OperationalCarbon_kgCO2e_per_year,286.4,kgCO2e/yr,B6,Baseline,synthetic-generator-v1,0.5,type-base-x-hash-jitter
run-2026-09-17-01,2O2Fr$t4X7Zf8NOew3FLIE,IFCWALLSTANDARDCASE,NRC.EUI.ANNUAL,EnergyUseIntensity_kWh_per_m2_year,79.7,kWh/m2/yr,B6,Baseline,synthetic-generator-v1,0.5,type-base-x-hash-jitter
run-2026-09-17-01,2O2Fr$t4X7Zf8NOew3FLJd,IFCWALLSTANDARDCASE,NRC.EC.A1A3.TOTAL,EmbodiedCarbon_A1A3_kgCO2e,660.2,kgCO2e,A1-A3,Baseline,synthetic-generator-v1,0.5,type-base-x-hash-jitter
run-2026-09-17-01,2O2Fr$t4X7Zf8NOew3FLJd,IFCWALLSTANDARDCASE,NRC.EC.A1A5.TOTAL,EmbodiedCarbon_A1A5_kgCO2e,739.4,kgCO2e,A1-A5,Baseline,synthetic-generator-v1,0.5,type-base-x-hash-jitter
run-2026-09-17-01,2O2Fr$t4X7Zf8NOew3FLJd,IFCWALLSTANDARDCASE,NRC.OC.ANNUAL,OperationalCarbon_kgCO2e_per_year,318.6,kgCO2e/yr,B6,Baseline,synthetic-generator-v1,0.5,type-base-x-hash-jitter
run-2026-09-17-01,2O2Fr$t4X7Zf8NOew3FLJd,IFCWALLSTANDARDCASE,NRC.EUI.ANNUAL,EnergyUseIntensity_kWh_per_m2_year,73.0,kWh/m2/yr,B6,Baseline,synthetic-generator-v1,0.5,type-base-x-hash-jitter
run-2026-09-17-01,2O2Fr$t4X7Zf8NOew3FLMr,IFCWALLSTANDARDCASE,NRC.EC.A1A3.TOTAL,EmbodiedCarbon_A1A3_kgCO2e,624.7,kgCO2e,A1-A3,Baseline,synthetic-generator-v1,0.5,type-base-x-hash-jitter
run-2026-09-17-01,2O2Fr$t4X7Zf8NOew3FLMr,IFCWALLSTANDARDCASE,NRC.EC.A1A5.TOTAL,EmbodiedCarbon_A1A5_kgCO2e,699.7,kgCO2e,A1-A5,Baseline,synthetic-generator-v1,0.5,type-base-x-hash-jitter
run-2026-09-17-01,2O2Fr$t4X7Zf8NOew3FLMr,IFCWALLSTANDARDCASE,NRC.OC.ANNUAL,OperationalCarbon_kgCO2e_per_year,335.3,kgCO2e/yr,B6,Baseline,synthetic-generator-v1,0.5,type-base-x-hash-jitter
run-2026-09-17-01,2O2Fr$t4X7Zf8NOew3FLMr,IFCWALLSTANDARDCASE,NRC.EUI.ANNUAL,EnergyUseIntensity_kWh_per_m2_year,54.2,kWh/m2/yr,B6,Baseline,synthetic-generator-v1,0.5,type-base-x-hash-jitter
run-2026-09-17-01,2O2Fr$t4X7Zf8NOew3FLKI,IFCWALLSTANDARDCASE,NRC.EC.A1A3.TOTAL,EmbodiedCarbon_A1A3_kgCO2e,678.1,kgCO2e,A1-A3,Baseline,synthetic-generator-v1,0.5,type-base-x-hash-jitter
run-2026-09-17-01,2O2Fr$t4X7Zf8NOew3FLKI,IFCWALLSTANDARDCASE,NRC.EC.A1A5.TOTAL,EmbodiedCarbon_A1A5_kgCO2e,759.5,kgCO2e,A1-A5,Baseline,synthetic-generator-v1,0.5,type-base-x-hash-jitter
run-2026-09-17-01,2O2Fr$t4X7Zf8NOew3FLKI,IFCWALLSTANDARDCASE,NRC.OC.ANNUAL,OperationalCarbon_kgCO2e_per_year,292.0,kgCO2e/yr,B6,Baseline,synthetic-generator-v1,0.5,type-base-x-hash-jitter
run-2026-09-17-01,2O2Fr$t4X7Zf8NOew3FLKI,IFCWALLSTANDARDCASE,NRC.EUI.ANNUAL,EnergyUseIntensity_kWh_per_m2_year,75.8,kWh/m2/yr,B6,Baseline,synthetic-generator-v1,0.5,type-base-x-hash-jitter
run-2026-09-17-01,2O2Fr$t4X7Zf8NOew3FL8v,IFCWALLSTANDARDCASE,NRC.EC.A1A3.TOTAL,EmbodiedCarbon_A1A3_kgCO2e,827.4,kgCO2e,A1-A3,Baseline,synthetic-generator-v1,0.5,type-base-x-hash-jitter
run-2026-09-17-01,2O2Fr$t4X7Zf8NOew3FL8v,IFCWALLSTANDARDCASE,NRC.EC.A1A5.TOTAL,EmbodiedCarbon_A1A5_kgCO2e,926.7,kgCO2e,A1-A5,Baseline,synthetic-generator-v1,0.5,type-base-x-hash-jitter
run-2026-09-17-01,2O2Fr$t4X7Zf8NOew3FL8v,IFCWALLSTANDARDCASE,NRC.OC.ANNUAL,OperationalCarbon_kgCO2e_per_year,318.6,kgCO2e/yr,B6,Baseline,synthetic-generator-v1,0.5,type-base-x-hash-jitter
run-2026-09-17-01,2O2Fr$t4X7Zf8NOew3FL8v,IFCWALLSTANDARDCASE,NRC.EUI.ANNUAL,EnergyUseIntensity_kWh_per_m2_year,73.0,kWh/m2/yr,B6,Baseline,synthetic-generator-v1,0.5,type-base-x-hash-jitter
run-2026-09-17-01,2O2Fr$t4X7Zf8NOew3FL9r,IFCWALLSTANDARDCASE,NRC.EC.A1A3.TOTAL,EmbodiedCarbon_A1A3_kgCO2e,785.7,kgCO2e,A1-A3,Baseline,synthetic-generator-v1,0.5,type-base-x-hash-jitter
run-2026-09-17-01,2O2Fr$t4X7Zf8NOew3FL9r,IFCWALLSTANDARDCASE,NRC.EC.A1A5.TOTAL,EmbodiedCarbon_A1A5_kgCO2e,880.0,kgCO2e,A1-A5,Baseline,synthetic-generator-v1,0.5,type-base-x-hash-jitter
run-2026-09-17-01,2O2Fr$t4X7Zf8NOew3FL9r,IFCWALLSTANDARDCASE,NRC.OC.ANNUAL,OperationalCarbon_kgCO2e_per_year,315.3,kgCO2e/yr,B6,Baseline,synthetic-generator-v1,0.5,type-base-x-hash-jitter
run-2026-09-17-01,2O2Fr$t4X7Zf8NOew3FL9r,IFCWALLSTANDARDCASE,NRC.EUI.ANNUAL,EnergyUseIntensity_kWh_per_m2_year,52.0,kWh/m2/yr,B6,Baseline,synthetic-generator-v1,0.5,type-base-x-hash-jitter
run-2026-09-17-01,2O2Fr$t4X7Zf8NOew3FL96,IFCWALLSTANDARDCASE,NRC.EC.A1A3.TOTAL,EmbodiedCarbon_A1A3_kgCO2e,844.6,kgCO2e,A1-A3,Baseline,synthetic-generator-v1,0.5,type-base-x-hash-jitter
run-2026-09-17-01,2O2Fr$t4X7Zf8NOew3FL96,IFCWALLSTANDARDCASE,NRC.EC.A1A5.TOTAL,EmbodiedCarbon_A1A5_kgCO2e,946.0,kgCO2e,A1-A5,Baseline,synthetic-generator-v1,0.5,type-base-x-hash-jitter
run-2026-09-17-01,2O2Fr$t4X7Zf8NOew3FL96,IFCWALLSTANDARDCASE,NRC.OC.ANNUAL,OperationalCarbon_kgCO2e_per_year,255.3,kgCO2e/yr,B6,Baseline,synthetic-generator-v1,0.5,type-base-x-hash-jitter
run-2026-09-17-01,2O2Fr$t4X7Zf8NOew3FL96,IFCWALLSTANDARDCASE,NRC.EUI.ANNUAL,EnergyUseIntensity_kWh_per_m2_year,46.4,kWh/m2/yr,B6,Baseline,synthetic-generator-v1,0.5,type-base-x-hash-jitter
run-2026-09-17-01,2O2Fr$t4X7Zf8NOew3FLEJ,IFCWALLSTANDARDCASE,NRC.EC.A1A3.TOTAL,EmbodiedCarbon_A1A3_kgCO2e,915.6,kgCO2e,A1-A3,Baseline,synthetic-generator-v1,0.5,type-base-x-hash-jitter
run-2026-09-17-01,2O2Fr$t4X7Zf8NOew3FLEJ,IFCWALLSTANDARDCASE,NRC.EC.A1A5.TOTAL,EmbodiedCarbon_A1A5_kgCO2e,1025.5,kgCO2e,A1-A5,Baseline,synthetic-generator-v1,0.5,type-base-x-hash-jitter
run-2026-09-17-01,2O2Fr$t4X7Zf8NOew3FLEJ,IFCWALLSTANDARDCASE,NRC.OC.ANNUAL,OperationalCarbon_kgCO2e_per_year,287.5,kgCO2e/yr,B6,Baseline,synthetic-generator-v1,0.5,type-base-x-hash-jitter
run-2026-09-17-01,2O2Fr$t4X7Zf8NOew3FLEJ,IFCWALLSTANDARDCASE,NRC.EUI.ANNUAL,EnergyUseIntensity_kWh_per_m2_year,86.7,kWh/m2/yr,B6,Baseline,synthetic-generator-v1,0.5,type-base-x-hash-jitter
run-2026-09-17-01,2O2Fr$t4X7Zf8NOew3FLCm,IFCWALLSTANDARDCASE,NRC.EC.A1A3.TOTAL,EmbodiedCarbon_A1A3_kgCO2e,832.6,kgCO2e,A1-A3,Baseline,synthetic-generator-v1,0.5,type-base-x-hash-jitter
run-2026-09-17-01,2O2Fr$t4X7Zf8NOew3FLCm,IFCWALLSTANDARDCASE,NRC.EC.A1A5.TOTAL,EmbodiedCarbon_A1A5_kgCO2e,932.5,kgCO2e,A1-A5,Baseline,synthetic-generator-v1,0.5,type-base-x-hash-jitter
run-2026-09-17-01,2O2Fr$t4X7Zf8NOew3FLCm,IFCWALLSTANDARDCASE,NRC.OC.ANNUAL,OperationalCarbon_kgCO2e_per_year,320.8,kgCO2e/yr,B6,Baseline,synthetic-generator-v1,0.5,type-base-x-hash-jitter
run-2026-09-17-01,2O2Fr$t4X7Zf8NOew3FLCm,IFCWALLSTANDARDCASE,NRC.EUI.ANNUAL,EnergyUseIntensity_kWh_per_m2_year,87.0,kWh/m2/yr,B6,Baseline,synthetic-generator-v1,0.5,type-base-x-hash-jitter
run-2026-09-17-01,1hOSvn6df7F8_7GcBWlRqU,IFCSLAB,NRC.EC.A1A3.TOTAL,EmbodiedCarbon_A1A3_kgCO2e,2277.2,kgCO2e,A1-A3,Baseline,synthetic-generator-v1,0.5,type-base-x-hash-jitter
run-2026-09-17-01,1hOSvn6df7F8_7GcBWlRqU,IFCSLAB,NRC.EC.A1A5.TOTAL,EmbodiedCarbon_A1A5_kgCO2e,2550.5,kgCO2e,A1-A5,Baseline,synthetic-generator-v1,0.5,type-base-x-hash-jitter
run-2026-09-17-01,1hOSvn6df7F8_7GcBWlRqU,IFCSLAB,NRC.OC.ANNUAL,OperationalCarbon_kgCO2e_per_year,211.1,kgCO2e/yr,B6,Baseline,synthetic-generator-v1,0.5,type-base-x-hash-jitter
run-2026-09-17-01,1hOSvn6df7F8_7GcBWlRqU,IFCSLAB,NRC.EUI.ANNUAL,EnergyUseIntensity_kWh_per_m2_year,47.4,kWh/m2/yr,B6,Baseline,synthetic-generator-v1,0.5,type-base-x-hash-jitter
run-2026-09-17-01,1hOSvn6df7F8_7GcBWlRrM,IFCSLAB,NRC.EC.A1A3.TOTAL,EmbodiedCarbon_A1A3_kgCO2e,3003.1,kgCO2e,A1-A3,Baseline,synthetic-generator-v1,0.5,type-base-x-hash-jitter
run-2026-09-17-01,1hOSvn6df7F8_7GcBWlRrM,IFCSLAB,NRC.EC.A1A5.TOTAL,EmbodiedCarbon_A1A5_kgCO2e,3363.5,kgCO2e,A1-A5,Baseline,synthetic-generator-v1,0.5,type-base-x-hash-jitter
run-2026-09-17-01,1hOSvn6df7F8_7GcBWlRrM,IFCSLAB,NRC.OC.ANNUAL,OperationalCarbon_kgCO2e_per_year,204.4,kgCO2e/yr,B6,Baseline,synthetic-generator-v1,0.5,type-base-x-hash-jitter
run-2026-09-17-01,1hOSvn6df7F8_7GcBWlRrM,IFCSLAB,NRC.EUI.ANNUAL,EnergyUseIntensity_kWh_per_m2_year,44.3,kWh/m2/yr,B6,Baseline,synthetic-generator-v1,0.5,type-base-x-hash-jitter
run-2026-09-17-01,1hOSvn6df7F8_7GcBWlR72,IFCWINDOW,NRC.EC.A1A3.TOTAL,EmbodiedCarbon_A1A3_kgCO2e,199.6,kgCO2e,A1-A3,Baseline,synthetic-generator-v1,0.5,type-base-x-hash-jitter
run-2026-09-17-01,1hOSvn6df7F8_7GcBWlR72,IFCWINDOW,NRC.EC.A1A5.TOTAL,EmbodiedCarbon_A1A5_kgCO2e,223.6,kgCO2e,A1-A5,Baseline,synthetic-generator-v1,0.5,type-base-x-hash-jitter
run-2026-09-17-01,1hOSvn6df7F8_7GcBWlR72,IFCWINDOW,NRC.OC.ANNUAL,OperationalCarbon_kgCO2e_per_year,15.8,kgCO2e/yr,B6,Baseline,synthetic-generator-v1,0.5,type-base-x-hash-jitter
run-2026-09-17-01,1hOSvn6df7F8_7GcBWlR72,IFCWINDOW,NRC.EUI.ANNUAL,EnergyUseIntensity_kWh_per_m2_year,26.4,kWh/m2/yr,B6,Baseline,synthetic-generator-v1,0.5,type-base-x-hash-jitter
run-2026-09-17-01,1hOSvn6df7F8_7GcBWlRBU,IFCWINDOW,NRC.EC.A1A3.TOTAL,EmbodiedCarbon_A1A3_kgCO2e,190.7,kgCO2e,A1-A3,Baseline,synthetic-generator-v1,0.5,type-base-x-hash-jitter
run-2026-09-17-01,1hOSvn6df7F8_7GcBWlRBU,IFCWINDOW,NRC.EC.A1A5.TOTAL,EmbodiedCarbon_A1A5_kgCO2e,213.6,kgCO2e,A1-A5,Baseline,synthetic-generator-v1,0.5,type-base-x-hash-jitter
run-2026-09-17-01,1hOSvn6df7F8_7GcBWlRBU,IFCWINDOW,NRC.OC.ANNUAL,OperationalCarbon_kgCO2e_per_year,15.4,kgCO2e/yr,B6,Baseline,synthetic-generator-v1,0.5,type-base-x-hash-jitter
run-2026-09-17-01,1hOSvn6df7F8_7GcBWlRBU,IFCWINDOW,NRC.EUI.ANNUAL,EnergyUseIntensity_kWh_per_m2_year,10.9,kWh/m2/yr,B6,Baseline,synthetic-generator-v1,0.5,type-base-x-hash-jitter
run-2026-09-17-01,1hOSvn6df7F8_7GcBWlRGQ,IFCDOOR,NRC.EC.A1A3.TOTAL,EmbodiedCarbon_A1A3_kgCO2e,110.6,kgCO2e,A1-A3,Baseline,synthetic-generator-v1,0.5,type-base-x-hash-jitter
run-2026-09-17-01,1hOSvn6df7F8_7GcBWlRGQ,IFCDOOR,NRC.EC.A1A5.TOTAL,EmbodiedCarbon_A1A5_kgCO2e,123.9,kgCO2e,A1-A5,Baseline,synthetic-generator-v1,0.5,type-base-x-hash-jitter
run-2026-09-17-01,1hOSvn6df7F8_7GcBWlRGQ,IFCDOOR,NRC.OC.ANNUAL,OperationalCarbon_kgCO2e_per_year,59.5,kgCO2e/yr,B6,Baseline,synthetic-generator-v1,0.5,type-base-x-hash-jitter
run-2026-09-17-01,1hOSvn6df7F8_7GcBWlRGQ,IFCDOOR,NRC.EUI.ANNUAL,EnergyUseIntensity_kWh_per_m2_year,25.9,kWh/m2/yr,B6,Baseline,synthetic-generator-v1,0.5,type-base-x-hash-jitter
run-2026-09-17-01,1hOSvn6df7F8_7GcBWlRH8,IFCDOOR,NRC.EC.A1A3.TOTAL,EmbodiedCarbon_A1A3_kgCO2e,91.6,kgCO2e,A1-A3,Baseline,synthetic-generator-v1,0.5,type-base-x-hash-jitter
run-2026-09-17-01,1hOSvn6df7F8_7GcBWlRH8,IFCDOOR,NRC.EC.A1A5.TOTAL,EmbodiedCarbon_A1A5_kgCO2e,102.6,kgCO2e,A1-A5,Baseline,synthetic-generator-v1,0.5,type-base-x-hash-jitter
run-2026-09-17-01,1hOSvn6df7F8_7GcBWlRH8,IFCDOOR,NRC.OC.ANNUAL,OperationalCarbon_kgCO2e_per_year,146.1,kgCO2e/yr,B6,Baseline,synthetic-generator-v1,0.5,type-base-x-hash-jitter
run-2026-09-17-01,1hOSvn6df7F8_7GcBWlRH8,IFCDOOR,NRC.EUI.ANNUAL,EnergyUseIntensity_kWh_per_m2_year,43.7,kWh/m2/yr,B6,Baseline,synthetic-generator-v1,0.5,type-base-x-hash-jitter
run-2026-09-17-01,1hOSvn6df7F8_7GcBWlRLx,IFCWINDOW,NRC.EC.A1A3.TOTAL,EmbodiedCarbon_A1A3_kgCO2e,179.6,kgCO2e,A1-A3,Baseline,synthetic-generator-v1,0.5,type-base-x-hash-jitter
run-2026-09-17-01,1hOSvn6df7F8_7GcBWlRLx,IFCWINDOW,NRC.EC.A1A5.TOTAL,EmbodiedCarbon_A1A5_kgCO2e,201.2,kgCO2e,A1-A5,Baseline,synthetic-generator-v1,0.5,type-base-x-hash-jitter
run-2026-09-17-01,1hOSvn6df7F8_7GcBWlRLx,IFCWINDOW,NRC.OC.ANNUAL,OperationalCarbon_kgCO2e_per_year,60.9,kgCO2e/yr,B6,Baseline,synthetic-generator-v1,0.5,type-base-x-hash-jitter
run-2026-09-17-01,1hOSvn6df7F8_7GcBWlRLx,IFCWINDOW,NRC.EUI.ANNUAL,EnergyUseIntensity_kWh_per_m2_year,13.3,kWh/m2/yr,B6,Baseline,synthetic-generator-v1,0.5,type-base-x-hash-jitter
run-2026-09-17-01,1hOSvn6df7F8_7GcBWlRRL,IFCWINDOW,NRC.EC.A1A3.TOTAL,EmbodiedCarbon_A1A3_kgCO2e,169.0,kgCO2e,A1-A3,Baseline,synthetic-generator-v1,0.5,type-base-x-hash-jitter
run-2026-09-17-01,1hOSvn6df7F8_7GcBWlRRL,IFCWINDOW,NRC.EC.A1A5.TOTAL,EmbodiedCarbon_A1A5_kgCO2e,189.3,kgCO2e,A1-A5,Baseline,synthetic-generator-v1,0.5,type-base-x-hash-jitter
run-2026-09-17-01,1hOSvn6df7F8_7GcBWlRRL,IFCWINDOW,NRC.OC.ANNUAL,OperationalCarbon_kgCO2e_per_year,22.1,kgCO2e/yr,B6,Baseline,synthetic-generator-v1,0.5,type-base-x-hash-jitter
run-2026-09-17-01,1hOSvn6df7F8_7GcBWlRRL,IFCWINDOW,NRC.EUI.ANNUAL,EnergyUseIntensity_kWh_per_m2_year,33.0,kWh/m2/yr,B6,Baseline,synthetic-generator-v1,0.5,type-base-x-hash-jitter
run-2026-09-17-01,1hOSvn6df7F8_7GcBWlSXO,IFCWINDOW,NRC.EC.A1A3.TOTAL,EmbodiedCarbon_A1A3_kgCO2e,143.3,kgCO2e,A1-A3,Baseline,synthetic-generator-v1,0.5,type-base-x-hash-jitter
run-2026-09-17-01,1hOSvn6df7F8_7GcBWlSXO,IFCWINDOW,NRC.EC.A1A5.TOTAL,EmbodiedCarbon_A1A5_kgCO2e,160.5,kgCO2e,A1-A5,Baseline,synthetic-generator-v1,0.5,type-base-x-hash-jitter
run-2026-09-17-01,1hOSvn6df7F8_7GcBWlSXO,IFCWINDOW,NRC.OC.ANNUAL,OperationalCarbon_kgCO2e_per_year,32.1,kgCO2e/yr,B6,Baseline,synthetic-generator-v1,0.5,type-base-x-hash-jitter
run-2026-09-17-01,1hOSvn6df7F8_7GcBWlSXO,IFCWINDOW,NRC.EUI.ANNUAL,EnergyUseIntensity_kWh_per_m2_year,25.1,kWh/m2/yr,B6,Baseline,synthetic-generator-v1,0.5,type-base-x-hash-jitter
run-2026-09-17-01,1hOSvn6df7F8_7GcBWlSga,IFCWINDOW,NRC.EC.A1A3.TOTAL,EmbodiedCarbon_A1A3_kgCO2e,123.8,kgCO2e,A1-A3,Baseline,synthetic-generator-v1,0.5,type-base-x-hash-jitter
run-2026-09-17-01,1hOSvn6df7F8_7GcBWlSga,IFCWINDOW,NRC.EC.A1A5.TOTAL,EmbodiedCarbon_A1A5_kgCO2e,138.7,kgCO2e,A1-A5,Baseline,synthetic-generator-v1,0.5,type-base-x-hash-jitter
run-2026-09-17-01,1hOSvn6df7F8_7GcBWlSga,IFCWINDOW,NRC.OC.ANNUAL,OperationalCarbon_kgCO2e_per_year,19.4,kgCO2e/yr,B6,Baseline,synthetic-generator-v1,0.5,type-base-x-hash-jitter
run-2026-09-17-01,1hOSvn6df7F8_7GcBWlSga,IFCWINDOW,NRC.EUI.ANNUAL,EnergyUseIntensity_kWh_per_m2_year,22.4,kWh/m2/yr,B6,Baseline,synthetic-generator-v1,0.5,type-base-x-hash-jitter
run-2026-09-17-01,1hOSvn6df7F8_7GcBWlSp1,IFCWINDOW,NRC.EC.A1A3.TOTAL,EmbodiedCarbon_A1A3_kgCO2e,162.6,kgCO2e,A1-A3,Baseline,synthetic-generator-v1,0.5,type-base-x-hash-jitter
run-2026-09-17-01,1hOSvn6df7F8_7GcBWlSp1,IFCWINDOW,NRC.EC.A1A5.TOTAL,EmbodiedCarbon_A1A5_kgCO2e,182.1,kgCO2e,A1-A5,Baseline,synthetic-generator-v1,0.5,type-base-x-hash-jitter
run-2026-09-17-01,1hOSvn6df7F8_7GcBWlSp1,IFCWINDOW,NRC.OC.ANNUAL,OperationalCarbon_kgCO2e_per_year,26.5,kgCO2e/yr,B6,Baseline,synthetic-generator-v1,0.5,type-base-x-hash-jitter
run-2026-09-17-01,1hOSvn6df7F8_7GcBWlSp1,IFCWINDOW,NRC.EUI.ANNUAL,EnergyUseIntensity_kWh_per_m2_year,35.0,kWh/m2/yr,B6,Baseline,synthetic-generator-v1,0.5,type-base-x-hash-jitter
run-2026-09-17-01,1hOSvn6df7F8_7GcBWlSnC,IFCWINDOW,NRC.EC.A1A3.TOTAL,EmbodiedCarbon_A1A3_kgCO2e,128.1,kgCO2e,A1-A3,Baseline,synthetic-generator-v1,0.5,type-base-x-hash-jitter
run-2026-09-17-01,1hOSvn6df7F8_7GcBWlSnC,IFCWINDOW,NRC.EC.A1A5.TOTAL,EmbodiedCarbon_A1A5_kgCO2e,143.5,kgCO2e,A1-A5,Baseline,synthetic-generator-v1,0.5,type-base-x-hash-jitter
run-2026-09-17-01,1hOSvn6df7F8_7GcBWlSnC,IFCWINDOW,NRC.OC.ANNUAL,OperationalCarbon_kgCO2e_per_year,42.1,kgCO2e/yr,B6,Baseline,synthetic-generator-v1,0.5,type-base-x-hash-jitter
run-2026-09-17-01,1hOSvn6df7F8_7GcBWlSnC,IFCWINDOW,NRC.EUI.ANNUAL,EnergyUseIntensity_kWh_per_m2_year,17.2,kWh/m2/yr,B6,Baseline,synthetic-generator-v1,0.5,type-base-x-hash-jitter
run-2026-09-17-01,1hOSvn6df7F8_7GcBWlS_W,IFCWINDOW,NRC.EC.A1A3.TOTAL,EmbodiedCarbon_A1A3_kgCO2e,145.6,kgCO2e,A1-A3,Baseline,synthetic-generator-v1,0.5,type-base-x-hash-jitter
run-2026-09-17-01,1hOSvn6df7F8_7GcBWlS_W,IFCWINDOW,NRC.EC.A1A5.TOTAL,EmbodiedCarbon_A1A5_kgCO2e,163.1,kgCO2e,A1-A5,Baseline,synthetic-generator-v1,0.5,type-base-x-hash-jitter
run-2026-09-17-01,1hOSvn6df7F8_7GcBWlS_W,IFCWINDOW,NRC.OC.ANNUAL,OperationalCarbon_kgCO2e_per_year,47.6,kgCO2e/yr,B6,Baseline,synthetic-generator-v1,0.5,type-base-x-hash-jitter
run-2026-09-17-01,1hOSvn6df7F8_7GcBWlS_W,IFCWINDOW,NRC.EUI.ANNUAL,EnergyUseIntensity_kWh_per_m2_year,26.2,kWh/m2/yr,B6,Baseline,synthetic-generator-v1,0.5,type-base-x-hash-jitter
run-2026-09-17-01,1hOSvn6df7F8_7GcBWlS2V,IFCWINDOW,NRC.EC.A1A3.TOTAL,EmbodiedCarbon_A1A3_kgCO2e,154.8,kgCO2e,A1-A3,Baseline,synthetic-generator-v1,0.5,type-base-x-hash-jitter
run-2026-09-17-01,1hOSvn6df7F8_7GcBWlS2V,IFCWINDOW,NRC.EC.A1A5.TOTAL,EmbodiedCarbon_A1A5_kgCO2e,173.4,kgCO2e,A1-A5,Baseline,synthetic-generator-v1,0.5,type-base-x-hash-jitter
run-2026-09-17-01,1hOSvn6df7F8_7GcBWlS2V,IFCWINDOW,NRC.OC.ANNUAL,OperationalCarbon_kgCO2e_per_year,47.0,kgCO2e/yr,B6,Baseline,synthetic-generator-v1,0.5,type-base-x-hash-jitter
run-2026-09-17-01,1hOSvn6df7F8_7GcBWlS2V,IFCWINDOW,NRC.EUI.ANNUAL,EnergyUseIntensity_kWh_per_m2_year,16.8,kWh/m2/yr,B6,Baseline,synthetic-generator-v1,0.5,type-base-x-hash-jitter
run-2026-09-17-01,1hOSvn6df7F8_7GcBWlS1M,IFCWINDOW,NRC.EC.A1A3.TOTAL,EmbodiedCarbon_A1A3_kgCO2e,144.7,kgCO2e,A1-A3,Baseline,synthetic-generator-v1,0.5,type-base-x-hash-jitter
run-2026-09-17-01,1hOSvn6df7F8_7GcBWlS1M,IFCWINDOW,NRC.EC.A1A5.TOTAL,EmbodiedCarbon_A1A5_kgCO2e,162.1,kgCO2e,A1-A5,Baseline,synthetic-generator-v1,0.5,type-base-x-hash-jitter
run-2026-09-17-01,1hOSvn6df7F8_7GcBWlS1M,IFCWINDOW,NRC.OC.ANNUAL,OperationalCarbon_kgCO2e_per_year,37.0,kgCO2e/yr,B6,Baseline,synthetic-generator-v1,0.5,type-base-x-hash-jitter
run-2026-09-17-01,1hOSvn6df7F8_7GcBWlS1M,IFCWINDOW,NRC.EUI.ANNUAL,EnergyUseIntensity_kWh_per_m2_year,24.7,kWh/m2/yr,B6,Baseline,synthetic-generator-v1,0.5,type-base-x-hash-jitter
run-2026-09-17-01,1hOSvn6df7F8_7GcBWlS4Q,IFCWINDOW,NRC.EC.A1A3.TOTAL,EmbodiedCarbon_A1A3_kgCO2e,161.7,kgCO2e,A1-A3,Baseline,synthetic-generator-v1,0.5,type-base-x-hash-jitter
run-2026-09-17-01,1hOSvn6df7F8_7GcBWlS4Q,IFCWINDOW,NRC.EC.A1A5.TOTAL,EmbodiedCarbon_A1A5_kgCO2e,181.1,kgCO2e,A1-A5,Baseline,synthetic-generator-v1,0.5,type-base-x-hash-jitter
run-2026-09-17-01,1hOSvn6df7F8_7GcBWlS4Q,IFCWINDOW,NRC.OC.ANNUAL,OperationalCarbon_kgCO2e_per_year,44.7,kgCO2e/yr,B6,Baseline,synthetic-generator-v1,0.5,type-base-x-hash-jitter
run-2026-09-17-01,1hOSvn6df7F8_7GcBWlS4Q,IFCWINDOW,NRC.EUI.ANNUAL,EnergyUseIntensity_kWh_per_m2_year,21.7,kWh/m2/yr,B6,Baseline,synthetic-generator-v1,0.5,type-base-x-hash-jitter
run-2026-09-17-01,1hOSvn6df7F8_7GcBWlS8Z,IFCDOOR,NRC.EC.A1A3.TOTAL,EmbodiedCarbon_A1A3_kgCO2e,88.7,kgCO2e,A1-A3,Baseline,synthetic-generator-v1,0.5,type-base-x-hash-jitter
run-2026-09-17-01,1hOSvn6df7F8_7GcBWlS8Z,IFCDOOR,NRC.EC.A1A5.TOTAL,EmbodiedCarbon_A1A5_kgCO2e,99.3,kgCO2e,A1-A5,Baseline,synthetic-generator-v1,0.5,type-base-x-hash-jitter
run-2026-09-17-01,1hOSvn6df7F8_7GcBWlS8Z,IFCDOOR,NRC.OC.ANNUAL,OperationalCarbon_kgCO2e_per_year,54.0,kgCO2e/yr,B6,Baseline,synthetic-generator-v1,0.5,type-base-x-hash-jitter
run-2026-09-17-01,1hOSvn6df7F8_7GcBWlS8Z,IFCDOOR,NRC.EUI.ANNUAL,EnergyUseIntensity_kWh_per_m2_year,21.9,kWh/m2/yr,B6,Baseline,synthetic-generator-v1,0.5,type-base-x-hash-jitter
run-2026-09-17-01,1hOSvn6df7F8_7GcBWlS9F,IFCDOOR,NRC.EC.A1A3.TOTAL,EmbodiedCarbon_A1A3_kgCO2e,104.7,kgCO2e,A1-A3,Baseline,synthetic-generator-v1,0.5,type-base-x-hash-jitter
run-2026-09-17-01,1hOSvn6df7F8_7GcBWlS9F,IFCDOOR,NRC.EC.A1A5.TOTAL,EmbodiedCarbon_A1A5_kgCO2e,117.3,kgCO2e,A1-A5,Baseline,synthetic-generator-v1,0.5,type-base-x-hash-jitter
run-2026-09-17-01,1hOSvn6df7F8_7GcBWlS9F,IFCDOOR,NRC.OC.ANNUAL,OperationalCarbon_kgCO2e_per_year,146.1,kgCO2e/yr,B6,Baseline,synthetic-generator-v1,0.5,type-base-x-hash-jitter
run-2026-09-17-01,1hOSvn6df7F8_7GcBWlS9F,IFCDOOR,NRC.EUI.ANNUAL,EnergyUseIntensity_kWh_per_m2_year,43.7,kWh/m2/yr,B6,Baseline,synthetic-generator-v1,0.5,type-base-x-hash-jitter
run-2026-09-17-01,1hOSvn6df7F8_7GcBWlSFK,IFCDOOR,NRC.EC.A1A3.TOTAL,EmbodiedCarbon_A1A3_kgCO2e,109.3,kgCO2e,A1-A3,Baseline,synthetic-generator-v1,0.5,type-base-x-hash-jitter
run-2026-09-17-01,1hOSvn6df7F8_7GcBWlSFK,IFCDOOR,NRC.EC.A1A5.TOTAL,EmbodiedCarbon_A1A5_kgCO2e,122.4,kgCO2e,A1-A5,Baseline,synthetic-generator-v1,0.5,type-base-x-hash-jitter
run-2026-09-17-01,1hOSvn6df7F8_7GcBWlSFK,IFCDOOR,NRC.OC.ANNUAL,OperationalCarbon_kgCO2e_per_year,53.9,kgCO2e/yr,B6,Baseline,synthetic-generator-v1,0.5,type-base-x-hash-jitter
run-2026-09-17-01,1hOSvn6df7F8_7GcBWlSFK,IFCDOOR,NRC.EUI.ANNUAL,EnergyUseIntensity_kWh_per_m2_year,45.8,kWh/m2/yr,B6,Baseline,synthetic-generator-v1,0.5,type-base-x-hash-jitter
run-2026-09-17-01,1hOSvn6df7F8_7GcBWlSDm,IFCDOOR,NRC.EC.A1A3.TOTAL,EmbodiedCarbon_A1A3_kgCO2e,94.1,kgCO2e,A1-A3,Baseline,synthetic-generator-v1,0.5,type-base-x-hash-jitter
run-2026-09-17-01,1hOSvn6df7F8_7GcBWlSDm,IFCDOOR,NRC.EC.A1A5.TOTAL,EmbodiedCarbon_A1A5_kgCO2e,105.4,kgCO2e,A1-A5,Baseline,synthetic-generator-v1,0.5,type-base-x-hash-jitter
run-2026-09-17-01,1hOSvn6df7F8_7GcBWlSDm,IFCDOOR,NRC.OC.ANNUAL,OperationalCarbon_kgCO2e_per_year,85.1,kgCO2e/yr,B6,Baseline,synthetic-generator-v1,0.5,type-base-x-hash-jitter
run-2026-09-17-01,1hOSvn6df7F8_7GcBWlSDm,IFCDOOR,NRC.EUI.ANNUAL,EnergyUseIntensity_kWh_per_m2_year,21.2,kWh/m2/yr,B6,Baseline,synthetic-generator-v1,0.5,type-base-x-hash-jitter
run-2026-09-17-01,1oKjKg9PD3fP1iIwXLh3lK,IFCSTAIRFLIGHT,NRC.EC.A1A3.TOTAL,EmbodiedCarbon_A1A3_kgCO2e,243.6,kgCO2e,A1-A3,Baseline,synthetic-generator-v1,0.5,type-base-x-hash-jitter
run-2026-09-17-01,1oKjKg9PD3fP1iIwXLh3lK,IFCSTAIRFLIGHT,NRC.EC.A1A5.TOTAL,EmbodiedCarbon_A1A5_kgCO2e,272.8,kgCO2e,A1-A5,Baseline,synthetic-generator-v1,0.5,type-base-x-hash-jitter
run-2026-09-17-01,1oKjKg9PD3fP1iIwXLh3lK,IFCSTAIRFLIGHT,NRC.OC.ANNUAL,OperationalCarbon_kgCO2e_per_year,168.5,kgCO2e/yr,B6,Baseline,synthetic-generator-v1,0.5,type-base-x-hash-jitter
run-2026-09-17-01,1oKjKg9PD3fP1iIwXLh3lK,IFCSTAIRFLIGHT,NRC.EUI.ANNUAL,EnergyUseIntensity_kWh_per_m2_year,45.0,kWh/m2/yr,B6,Baseline,synthetic-generator-v1,0.5,type-base-x-hash-jitter
run-2026-09-17-01,1gtrSK5QnDuxDwygd0EDGO,IFCMEMBER,NRC.EC.A1A3.TOTAL,EmbodiedCarbon_A1A3_kgCO2e,130.1,kgCO2e,A1-A3,Baseline,synthetic-generator-v1,0.5,type-base-x-hash-jitter
run-2026-09-17-01,1gtrSK5QnDuxDwygd0EDGO,IFCMEMBER,NRC.EC.A1A5.TOTAL,EmbodiedCarbon_A1A5_kgCO2e,145.7,kgCO2e,A1-A5,Baseline,synthetic-generator-v1,0.5,type-base-x-hash-jitter
run-2026-09-17-01,1gtrSK5QnDuxDwygd0EDGO,IFCMEMBER,NRC.OC.ANNUAL,OperationalCarbon_kgCO2e_per_year,96.5,kgCO2e/yr,B6,Baseline,synthetic-generator-v1,0.5,type-base-x-hash-jitter
run-2026-09-17-01,1gtrSK5QnDuxDwygd0EDGO,IFCMEMBER,NRC.EUI.ANNUAL,EnergyUseIntensity_kWh_per_m2_year,45.3,kWh/m2/yr,B6,Baseline,synthetic-generator-v1,0.5,type-base-x-hash-jitter
run-2026-09-17-01,34qUFGjJzFKwVWpXe2dTPt,IFCMEMBER,NRC.EC.A1A3.TOTAL,EmbodiedCarbon_A1A3_kgCO2e,97.8,kgCO2e,A1-A3,Baseline,synthetic-generator-v1,0.5,type-base-x-hash-jitter
run-2026-09-17-01,34qUFGjJzFKwVWpXe2dTPt,IFCMEMBER,NRC.EC.A1A5.TOTAL,EmbodiedCarbon_A1A5_kgCO2e,109.5,kgCO2e,A1-A5,Baseline,synthetic-generator-v1,0.5,type-base-x-hash-jitter
run-2026-09-17-01,34qUFGjJzFKwVWpXe2dTPt,IFCMEMBER,NRC.OC.ANNUAL,OperationalCarbon_kgCO2e_per_year,174.2,kgCO2e/yr,B6,Baseline,synthetic-generator-v1,0.5,type-base-x-hash-jitter
run-2026-09-17-01,34qUFGjJzFKwVWpXe2dTPt,IFCMEMBER,NRC.EUI.ANNUAL,EnergyUseIntensity_kWh_per_m2_year,40.1,kWh/m2/yr,B6,Baseline,synthetic-generator-v1,0.5,type-base-x-hash-jitter
run-2026-09-17-01,0wkEuT1wr1kOyafLY4v_O1,IFCSTAIR,NRC.EC.A1A3.TOTAL,EmbodiedCarbon_A1A3_kgCO2e,778.3,kgCO2e,A1-A3,Baseline,synthetic-generator-v1,0.5,type-base-x-hash-jitter
run-2026-09-17-01,0wkEuT1wr1kOyafLY4v_O1,IFCSTAIR,NRC.EC.A1A5.TOTAL,EmbodiedCarbon_A1A5_kgCO2e,871.7,kgCO2e,A1-A5,Baseline,synthetic-generator-v1,0.5,type-base-x-hash-jitter
run-2026-09-17-01,0wkEuT1wr1kOyafLY4v_O1,IFCSTAIR,NRC.OC.ANNUAL,OperationalCarbon_kgCO2e_per_year,100.9,kgCO2e/yr,B6,Baseline,synthetic-generator-v1,0.5,type-base-x-hash-jitter
run-2026-09-17-01,0wkEuT1wr1kOyafLY4v_O1,IFCSTAIR,NRC.EUI.ANNUAL,EnergyUseIntensity_kWh_per_m2_year,21.3,kWh/m2/yr,B6,Baseline,synthetic-generator-v1,0.5,type-base-x-hash-jitter
run-2026-09-17-01,0wkEuT1wr1kOyafLY4v_PL,IFCRAILING,NRC.EC.A1A3.TOTAL,EmbodiedCarbon_A1A3_kgCO2e,68.4,kgCO2e,A1-A3,Baseline,synthetic-generator-v1,0.5,type-base-x-hash-jitter
run-2026-09-17-01,0wkEuT1wr1kOyafLY4v_PL,IFCRAILING,NRC.EC.A1A5.TOTAL,EmbodiedCarbon_A1A5_kgCO2e,76.6,kgCO2e,A1-A5,Baseline,synthetic-generator-v1,0.5,type-base-x-hash-jitter
run-2026-09-17-01,0wkEuT1wr1kOyafLY4v_PL,IFCRAILING,NRC.OC.ANNUAL,OperationalCarbon_kgCO2e_per_year,49.7,kgCO2e/yr,B6,Baseline,synthetic-generator-v1,0.5,type-base-x-hash-jitter
run-2026-09-17-01,0wkEuT1wr1kOyafLY4v_PL,IFCRAILING,NRC.EUI.ANNUAL,EnergyUseIntensity_kWh_per_m2_year,22.6,kWh/m2/yr,B6,Baseline,synthetic-generator-v1,0.5,type-base-x-hash-jitter
run-2026-09-17-01,0wkEuT1wr1kOyafLY4v_PH,IFCRAILING,NRC.EC.A1A3.TOTAL,EmbodiedCarbon_A1A3_kgCO2e,59.2,kgCO2e,A1-A3,Baseline,synthetic-generator-v1,0.5,type-base-x-hash-jitter
run-2026-09-17-01,0wkEuT1wr1kOyafLY4v_PH,IFCRAILING,NRC.EC.A1A5.TOTAL,EmbodiedCarbon_A1A5_kgCO2e,66.3,kgCO2e,A1-A5,Baseline,synthetic-generator-v1,0.5,type-base-x-hash-jitter
run-2026-09-17-01,0wkEuT1wr1kOyafLY4v_PH,IFCRAILING,NRC.OC.ANNUAL,OperationalCarbon_kgCO2e_per_year,45.3,kgCO2e/yr,B6,Baseline,synthetic-generator-v1,0.5,type-base-x-hash-jitter
run-2026-09-17-01,0wkEuT1wr1kOyafLY4v_PH,IFCRAILING,NRC.EUI.ANNUAL,EnergyUseIntensity_kWh_per_m2_year,9.6,kWh/m2/yr,B6,Baseline,synthetic-generator-v1,0.5,type-base-x-hash-jitter
run-2026-09-17-01,0wkEuT1wr1kOyafLY4vyu$,IFCFURNISHINGELEMENT,NRC.EC.A1A3.TOTAL,EmbodiedCarbon_A1A3_kgCO2e,42.7,kgCO2e,A1-A3,Baseline,synthetic-generator-v1,0.5,type-base-x-hash-jitter
run-2026-09-17-01,0wkEuT1wr1kOyafLY4vyu$,IFCFURNISHINGELEMENT,NRC.EC.A1A5.TOTAL,EmbodiedCarbon_A1A5_kgCO2e,47.8,kgCO2e,A1-A5,Baseline,synthetic-generator-v1,0.5,type-base-x-hash-jitter
run-2026-09-17-01,0wkEuT1wr1kOyafLY4vyu$,IFCFURNISHINGELEMENT,NRC.OC.ANNUAL,OperationalCarbon_kgCO2e_per_year,16.0,kgCO2e/yr,B6,Baseline,synthetic-generator-v1,0.5,type-base-x-hash-jitter
run-2026-09-17-01,0wkEuT1wr1kOyafLY4vyu$,IFCFURNISHINGELEMENT,NRC.EUI.ANNUAL,EnergyUseIntensity_kWh_per_m2_year,15.9,kWh/m2/yr,B6,Baseline,synthetic-generator-v1,0.5,type-base-x-hash-jitter
run-2026-09-17-01,0wkEuT1wr1kOyafLY4vy_8,IFCFURNISHINGELEMENT,NRC.EC.A1A3.TOTAL,EmbodiedCarbon_A1A3_kgCO2e,39.9,kgCO2e,A1-A3,Baseline,synthetic-generator-v1,0.5,type-base-x-hash-jitter
run-2026-09-17-01,0wkEuT1wr1kOyafLY4vy_8,IFCFURNISHINGELEMENT,NRC.EC.A1A5.TOTAL,EmbodiedCarbon_A1A5_kgCO2e,44.7,kgCO2e,A1-A5,Baseline,synthetic-generator-v1,0.5,type-base-x-hash-jitter
run-2026-09-17-01,0wkEuT1wr1kOyafLY4vy_8,IFCFURNISHINGELEMENT,NRC.OC.ANNUAL,OperationalCarbon_kgCO2e_per_year,14.8,kgCO2e/yr,B6,Baseline,synthetic-generator-v1,0.5,type-base-x-hash-jitter
run-2026-09-17-01,0wkEuT1wr1kOyafLY4vy_8,IFCFURNISHINGELEMENT,NRC.EUI.ANNUAL,EnergyUseIntensity_kWh_per_m2_year,17.8,kWh/m2/yr,B6,Baseline,synthetic-generator-v1,0.5,type-base-x-hash-jitter
run-2026-09-17-01,0wkEuT1wr1kOyafLY4vy3H,IFCFURNISHINGELEMENT,NRC.EC.A1A3.TOTAL,EmbodiedCarbon_A1A3_kgCO2e,56.4,kgCO2e,A1-A3,Baseline,synthetic-generator-v1,0.5,type-base-x-hash-jitter
run-2026-09-17-01,0wkEuT1wr1kOyafLY4vy3H,IFCFURNISHINGELEMENT,NRC.EC.A1A5.TOTAL,EmbodiedCarbon_A1A5_kgCO2e,63.2,kgCO2e,A1-A5,Baseline,synthetic-generator-v1,0.5,type-base-x-hash-jitter
run-2026-09-17-01,0wkEuT1wr1kOyafLY4vy3H,IFCFURNISHINGELEMENT,NRC.OC.ANNUAL,OperationalCarbon_kgCO2e_per_year,17.0,kgCO2e/yr,B6,Baseline,synthetic-generator-v1,0.5,type-base-x-hash-jitter
run-2026-09-17-01,0wkEuT1wr1kOyafLY4vy3H,IFCFURNISHINGELEMENT,NRC.EUI.ANNUAL,EnergyUseIntensity_kWh_per_m2_year,13.6,kWh/m2/yr,B6,Baseline,synthetic-generator-v1,0.5,type-base-x-hash-jitter
run-2026-09-17-01,0wkEuT1wr1kOyafLY4vy3G,IFCFURNISHINGELEMENT,NRC.EC.A1A3.TOTAL,EmbodiedCarbon_A1A3_kgCO2e,32.9,kgCO2e,A1-A3,Baseline,synthetic-generator-v1,0.5,type-base-x-hash-jitter
run-2026-09-17-01,0wkEuT1wr1kOyafLY4vy3G,IFCFURNISHINGELEMENT,NRC.EC.A1A5.TOTAL,EmbodiedCarbon_A1A5_kgCO2e,36.8,kgCO2e,A1-A5,Baseline,synthetic-generator-v1,0.5,type-base-x-hash-jitter
run-2026-09-17-01,0wkEuT1wr1kOyafLY4vy3G,IFCFURNISHINGELEMENT,NRC.OC.ANNUAL,OperationalCarbon_kgCO2e_per_year,16.9,kgCO2e/yr,B6,Baseline,synthetic-generator-v1,0.5,type-base-x-hash-jitter
run-2026-09-17-01,0wkEuT1wr1kOyafLY4vy3G,IFCFURNISHINGELEMENT,NRC.EUI.ANNUAL,EnergyUseIntensity_kWh_per_m2_year,6.5,kWh/m2/yr,B6,Baseline,synthetic-generator-v1,0.5,type-base-x-hash-jitter
run-2026-09-17-01,0wkEuT1wr1kOyafLY4vy4m,IFCFURNISHINGELEMENT,NRC.EC.A1A3.TOTAL,EmbodiedCarbon_A1A3_kgCO2e,43.9,kgCO2e,A1-A3,Baseline,synthetic-generator-v1,0.5,type-base-x-hash-jitter
run-2026-09-17-01,0wkEuT1wr1kOyafLY4vy4m,IFCFURNISHINGELEMENT,NRC.EC.A1A5.TOTAL,EmbodiedCarbon_A1A5_kgCO2e,49.2,kgCO2e,A1-A5,Baseline,synthetic-generator-v1,0.5,type-base-x-hash-jitter
run-2026-09-17-01,0wkEuT1wr1kOyafLY4vy4m,IFCFURNISHINGELEMENT,NRC.OC.ANNUAL,OperationalCarbon_kgCO2e_per_year,24.8,kgCO2e/yr,B6,Baseline,synthetic-generator-v1,0.5,type-base-x-hash-jitter
run-2026-09-17-01,0wkEuT1wr1kOyafLY4vy4m,IFCFURNISHINGELEMENT,NRC.EUI.ANNUAL,EnergyUseIntensity_kWh_per_m2_year,7.9,kWh/m2/yr,B6,Baseline,synthetic-generator-v1,0.5,type-base-x-hash-jitter
run-2026-09-17-01,0wkEuT1wr1kOyafLY4vy4F,IFCFURNISHINGELEMENT,NRC.EC.A1A3.TOTAL,EmbodiedCarbon_A1A3_kgCO2e,52.6,kgCO2e,A1-A3,Baseline,synthetic-generator-v1,0.5,type-base-x-hash-jitter
run-2026-09-17-01,0wkEuT1wr1kOyafLY4vy4F,IFCFURNISHINGELEMENT,NRC.EC.A1A5.TOTAL,EmbodiedCarbon_A1A5_kgCO2e,58.9,kgCO2e,A1-A5,Baseline,synthetic-generator-v1,0.5,type-base-x-hash-jitter
run-2026-09-17-01,0wkEuT1wr1kOyafLY4vy4F,IFCFURNISHINGELEMENT,NRC.OC.ANNUAL,OperationalCarbon_kgCO2e_per_year,16.9,kgCO2e/yr,B6,Baseline,synthetic-generator-v1,0.5,type-base-x-hash-jitter
run-2026-09-17-01,0wkEuT1wr1kOyafLY4vy4F,IFCFURNISHINGELEMENT,NRC.EUI.ANNUAL,EnergyUseIntensity_kWh_per_m2_year,6.5,kWh/m2/yr,B6,Baseline,synthetic-generator-v1,0.5,type-base-x-hash-jitter
run-2026-09-17-01,0wkEuT1wr1kOyafLY4vy6l,IFCFURNISHINGELEMENT,NRC.EC.A1A3.TOTAL,EmbodiedCarbon_A1A3_kgCO2e,42.2,kgCO2e,A1-A3,Baseline,synthetic-generator-v1,0.5,type-base-x-hash-jitter
run-2026-09-17-01,0wkEuT1wr1kOyafLY4vy6l,IFCFURNISHINGELEMENT,NRC.EC.A1A5.TOTAL,EmbodiedCarbon_A1A5_kgCO2e,47.3,kgCO2e,A1-A5,Baseline,synthetic-generator-v1,0.5,type-base-x-hash-jitter
run-2026-09-17-01,0wkEuT1wr1kOyafLY4vy6l,IFCFURNISHINGELEMENT,NRC.OC.ANNUAL,OperationalCarbon_kgCO2e_per_year,25.9,kgCO2e/yr,B6,Baseline,synthetic-generator-v1,0.5,type-base-x-hash-jitter
run-2026-09-17-01,0wkEuT1wr1kOyafLY4vy6l,IFCFURNISHINGELEMENT,NRC.EUI.ANNUAL,EnergyUseIntensity_kWh_per_m2_year,14.9,kWh/m2/yr,B6,Baseline,synthetic-generator-v1,0.5,type-base-x-hash-jitter
run-2026-09-17-01,0wkEuT1wr1kOyafLY4vy6k,IFCFURNISHINGELEMENT,NRC.EC.A1A3.TOTAL,EmbodiedCarbon_A1A3_kgCO2e,43.3,kgCO2e,A1-A3,Baseline,synthetic-generator-v1,0.5,type-base-x-hash-jitter
run-2026-09-17-01,0wkEuT1wr1kOyafLY4vy6k,IFCFURNISHINGELEMENT,NRC.EC.A1A5.TOTAL,EmbodiedCarbon_A1A5_kgCO2e,48.5,kgCO2e,A1-A5,Baseline,synthetic-generator-v1,0.5,type-base-x-hash-jitter
run-2026-09-17-01,0wkEuT1wr1kOyafLY4vy6k,IFCFURNISHINGELEMENT,NRC.OC.ANNUAL,OperationalCarbon_kgCO2e_per_year,24.8,kgCO2e/yr,B6,Baseline,synthetic-generator-v1,0.5,type-base-x-hash-jitter
run-2026-09-17-01,0wkEuT1wr1kOyafLY4vy6k,IFCFURNISHINGELEMENT,NRC.EUI.ANNUAL,EnergyUseIntensity_kWh_per_m2_year,7.9,kWh/m2/yr,B6,Baseline,synthetic-generator-v1,0.5,type-base-x-hash-jitter
run-2026-09-17-01,0wkEuT1wr1kOyafLY4vyMO,IFCFURNISHINGELEMENT,NRC.EC.A1A3.TOTAL,EmbodiedCarbon_A1A3_kgCO2e,32.3,kgCO2e,A1-A3,Baseline,synthetic-generator-v1,0.5,type-base-x-hash-jitter
run-2026-09-17-01,0wkEuT1wr1kOyafLY4vyMO,IFCFURNISHINGELEMENT,NRC.EC.A1A5.TOTAL,EmbodiedCarbon_A1A5_kgCO2e,36.2,kgCO2e,A1-A5,Baseline,synthetic-generator-v1,0.5,type-base-x-hash-jitter
run-2026-09-17-01,0wkEuT1wr1kOyafLY4vyMO,IFCFURNISHINGELEMENT,NRC.OC.ANNUAL,OperationalCarbon_kgCO2e_per_year,19.3,kgCO2e/yr,B6,Baseline,synthetic-generator-v1,0.5,type-base-x-hash-jitter
run-2026-09-17-01,0wkEuT1wr1kOyafLY4vyMO,IFCFURNISHINGELEMENT,NRC.EUI.ANNUAL,EnergyUseIntensity_kWh_per_m2_year,20.9,kWh/m2/yr,B6,Baseline,synthetic-generator-v1,0.5,type-base-x-hash-jitter
run-2026-09-17-01,0wkEuT1wr1kOyafLY4vyOn,IFCFURNISHINGELEMENT,NRC.EC.A1A3.TOTAL,EmbodiedCarbon_A1A3_kgCO2e,47.8,kgCO2e,A1-A3,Baseline,synthetic-generator-v1,0.5,type-base-x-hash-jitter
run-2026-09-17-01,0wkEuT1wr1kOyafLY4vyOn,IFCFURNISHINGELEMENT,NRC.EC.A1A5.TOTAL,EmbodiedCarbon_A1A5_kgCO2e,53.5,kgCO2e,A1-A5,Baseline,synthetic-generator-v1,0.5,type-base-x-hash-jitter
run-2026-09-17-01,0wkEuT1wr1kOyafLY4vyOn,IFCFURNISHINGELEMENT,NRC.OC.ANNUAL,OperationalCarbon_kgCO2e_per_year,21.6,kgCO2e/yr,B6,Baseline,synthetic-generator-v1,0.5,type-base-x-hash-jitter
run-2026-09-17-01,0wkEuT1wr1kOyafLY4vyOn,IFCFURNISHINGELEMENT,NRC.EUI.ANNUAL,EnergyUseIntensity_kWh_per_m2_year,11.2,kWh/m2/yr,B6,Baseline,synthetic-generator-v1,0.5,type-base-x-hash-jitter
run-2026-09-17-01,2OBrcmyk58NupXoVOHUuXp,IFCDOOR,NRC.EC.A1A3.TOTAL,EmbodiedCarbon_A1A3_kgCO2e,75.4,kgCO2e,A1-A3,Baseline,synthetic-generator-v1,0.5,type-base-x-hash-jitter
run-2026-09-17-01,2OBrcmyk58NupXoVOHUuXp,IFCDOOR,NRC.EC.A1A5.TOTAL,EmbodiedCarbon_A1A5_kgCO2e,84.4,kgCO2e,A1-A5,Baseline,synthetic-generator-v1,0.5,type-base-x-hash-jitter
run-2026-09-17-01,2OBrcmyk58NupXoVOHUuXp,IFCDOOR,NRC.OC.ANNUAL,OperationalCarbon_kgCO2e_per_year,41.9,kgCO2e/yr,B6,Baseline,synthetic-generator-v1,0.5,type-base-x-hash-jitter
run-2026-09-17-01,2OBrcmyk58NupXoVOHUuXp,IFCDOOR,NRC.EUI.ANNUAL,EnergyUseIntensity_kWh_per_m2_year,27.9,kWh/m2/yr,B6,Baseline,synthetic-generator-v1,0.5,type-base-x-hash-jitter
run-2026-09-17-01,2OBrcmyk58NupXoVOHUvVV,IFCDOOR,NRC.EC.A1A3.TOTAL,EmbodiedCarbon_A1A3_kgCO2e,98.3,kgCO2e,A1-A3,Baseline,synthetic-generator-v1,0.5,type-base-x-hash-jitter
run-2026-09-17-01,2OBrcmyk58NupXoVOHUvVV,IFCDOOR,NRC.EC.A1A5.TOTAL,EmbodiedCarbon_A1A5_kgCO2e,110.1,kgCO2e,A1-A5,Baseline,synthetic-generator-v1,0.5,type-base-x-hash-jitter
run-2026-09-17-01,2OBrcmyk58NupXoVOHUvVV,IFCDOOR,NRC.OC.ANNUAL,OperationalCarbon_kgCO2e_per_year,125.2,kgCO2e/yr,B6,Baseline,synthetic-generator-v1,0.5,type-base-x-hash-jitter
run-2026-09-17-01,2OBrcmyk58NupXoVOHUvVV,IFCDOOR,NRC.EUI.ANNUAL,EnergyUseIntensity_kWh_per_m2_year,24.7,kWh/m2/yr,B6,Baseline,synthetic-generator-v1,0.5,type-base-x-hash-jitter
run-2026-09-17-01,2OBrcmyk58NupXoVOHUvR4,IFCDOOR,NRC.EC.A1A3.TOTAL,EmbodiedCarbon_A1A3_kgCO2e,117.5,kgCO2e,A1-A3,Baseline,synthetic-generator-v1,0.5,type-base-x-hash-jitter
run-2026-09-17-01,2OBrcmyk58NupXoVOHUvR4,IFCDOOR,NRC.EC.A1A5.TOTAL,EmbodiedCarbon_A1A5_kgCO2e,131.6,kgCO2e,A1-A5,Baseline,synthetic-generator-v1,0.5,type-base-x-hash-jitter
run-2026-09-17-01,2OBrcmyk58NupXoVOHUvR4,IFCDOOR,NRC.OC.ANNUAL,OperationalCarbon_kgCO2e_per_year,87.4,kgCO2e/yr,B6,Baseline,synthetic-generator-v1,0.5,type-base-x-hash-jitter
run-2026-09-17-01,2OBrcmyk58NupXoVOHUvR4,IFCDOOR,NRC.EUI.ANNUAL,EnergyUseIntensity_kWh_per_m2_year,37.3,kWh/m2/yr,B6,Baseline,synthetic-generator-v1,0.5,type-base-x-hash-jitter
run-2026-09-17-01,2OBrcmyk58NupXoVOHUvPL,IFCDOOR,NRC.EC.A1A3.TOTAL,EmbodiedCarbon_A1A3_kgCO2e,85.9,kgCO2e,A1-A3,Baseline,synthetic-generator-v1,0.5,type-base-x-hash-jitter
run-2026-09-17-01,2OBrcmyk58NupXoVOHUvPL,IFCDOOR,NRC.EC.A1A5.TOTAL,EmbodiedCarbon_A1A5_kgCO2e,96.2,kgCO2e,A1-A5,Baseline,synthetic-generator-v1,0.5,type-base-x-hash-jitter
run-2026-09-17-01,2OBrcmyk58NupXoVOHUvPL,IFCDOOR,NRC.OC.ANNUAL,OperationalCarbon_kgCO2e_per_year,109.6,kgCO2e/yr,B6,Baseline,synthetic-generator-v1,0.5,type-base-x-hash-jitter
run-2026-09-17-01,2OBrcmyk58NupXoVOHUvPL,IFCDOOR,NRC.EUI.ANNUAL,EnergyUseIntensity_kWh_per_m2_year,36.5,kWh/m2/yr,B6,Baseline,synthetic-generator-v1,0.5,type-base-x-hash-jitter
run-2026-09-17-01,2OBrcmyk58NupXoVOHUvGQ,IFCFURNISHINGELEMENT,NRC.EC.A1A3.TOTAL,EmbodiedCarbon_A1A3_kgCO2e,35.6,kgCO2e,A1-A3,Baseline,synthetic-generator-v1,0.5,type-base-x-hash-jitter
run-2026-09-17-01,2OBrcmyk58NupXoVOHUvGQ,IFCFURNISHINGELEMENT,NRC.EC.A1A5.TOTAL,EmbodiedCarbon_A1A5_kgCO2e,39.9,kgCO2e,A1-A5,Baseline,synthetic-generator-v1,0.5,type-base-x-hash-jitter
run-2026-09-17-01,2OBrcmyk58NupXoVOHUvGQ,IFCFURNISHINGELEMENT,NRC.OC.ANNUAL,OperationalCarbon_kgCO2e_per_year,40.2,kgCO2e/yr,B6,Baseline,synthetic-generator-v1,0.5,type-base-x-hash-jitter
run-2026-09-17-01,2OBrcmyk58NupXoVOHUvGQ,IFCFURNISHINGELEMENT,NRC.EUI.ANNUAL,EnergyUseIntensity_kWh_per_m2_year,5.5,kWh/m2/yr,B6,Baseline,synthetic-generator-v1,0.5,type-base-x-hash-jitter
run-2026-09-17-01,2OBrcmyk58NupXoVOHUvH8,IFCFURNISHINGELEMENT,NRC.EC.A1A3.TOTAL,EmbodiedCarbon_A1A3_kgCO2e,43.7,kgCO2e,A1-A3,Baseline,synthetic-generator-v1,0.5,type-base-x-hash-jitter
run-2026-09-17-01,2OBrcmyk58NupXoVOHUvH8,IFCFURNISHINGELEMENT,NRC.EC.A1A5.TOTAL,EmbodiedCarbon_A1A5_kgCO2e,48.9,kgCO2e,A1-A5,Baseline,synthetic-generator-v1,0.5,type-base-x-hash-jitter
run-2026-09-17-01,2OBrcmyk58NupXoVOHUvH8,IFCFURNISHINGELEMENT,NRC.OC.ANNUAL,OperationalCarbon_kgCO2e_per_year,16.8,kgCO2e/yr,B6,Baseline,synthetic-generator-v1,0.5,type-base-x-hash-jitter
run-2026-09-17-01,2OBrcmyk58NupXoVOHUvH8,IFCFURNISHINGELEMENT,NRC.EUI.ANNUAL,EnergyUseIntensity_kWh_per_m2_year,13.2,kWh/m2/yr,B6,Baseline,synthetic-generator-v1,0.5,type-base-x-hash-jitter
run-2026-09-17-01,2OBrcmyk58NupXoVOHUv88,IFCFURNISHINGELEMENT,NRC.EC.A1A3.TOTAL,EmbodiedCarbon_A1A3_kgCO2e,49.9,kgCO2e,A1-A3,Baseline,synthetic-generator-v1,0.5,type-base-x-hash-jitter
run-2026-09-17-01,2OBrcmyk58NupXoVOHUv88,IFCFURNISHINGELEMENT,NRC.EC.A1A5.TOTAL,EmbodiedCarbon_A1A5_kgCO2e,55.9,kgCO2e,A1-A5,Baseline,synthetic-generator-v1,0.5,type-base-x-hash-jitter
run-2026-09-17-01,2OBrcmyk58NupXoVOHUv88,IFCFURNISHINGELEMENT,NRC.OC.ANNUAL,OperationalCarbon_kgCO2e_per_year,65.2,kgCO2e/yr,B6,Baseline,synthetic-generator-v1,0.5,type-base-x-hash-jitter
run-2026-09-17-01,2OBrcmyk58NupXoVOHUv88,IFCFURNISHINGELEMENT,NRC.EUI.ANNUAL,EnergyUseIntensity_kWh_per_m2_year,38.1,kWh/m2/yr,B6,Baseline,synthetic-generator-v1,0.5,type-base-x-hash-jitter
run-2026-09-17-01,2OBrcmyk58NupXoVOHUv3h,IFCFURNISHINGELEMENT,NRC.EC.A1A3.TOTAL,EmbodiedCarbon_A1A3_kgCO2e,46.9,kgCO2e,A1-A3,Baseline,synthetic-generator-v1,0.5,type-base-x-hash-jitter
run-2026-09-17-01,2OBrcmyk58NupXoVOHUv3h,IFCFURNISHINGELEMENT,NRC.EC.A1A5.TOTAL,EmbodiedCarbon_A1A5_kgCO2e,52.5,kgCO2e,A1-A5,Baseline,synthetic-generator-v1,0.5,type-base-x-hash-jitter
run-2026-09-17-01,2OBrcmyk58NupXoVOHUv3h,IFCFURNISHINGELEMENT,NRC.OC.ANNUAL,OperationalCarbon_kgCO2e_per_year,108.5,kgCO2e/yr,B6,Baseline,synthetic-generator-v1,0.5,type-base-x-hash-jitter
run-2026-09-17-01,2OBrcmyk58NupXoVOHUv3h,IFCFURNISHINGELEMENT,NRC.EUI.ANNUAL,EnergyUseIntensity_kWh_per_m2_year,29.5,kWh/m2/yr,B6,Baseline,synthetic-generator-v1,0.5,type-base-x-hash-jitter
run-2026-09-17-01,2OBrcmyk58NupXoVOHUvup,IFCFURNISHINGELEMENT,NRC.EC.A1A3.TOTAL,EmbodiedCarbon_A1A3_kgCO2e,56.9,kgCO2e,A1-A3,Baseline,synthetic-generator-v1,0.5,type-base-x-hash-jitter
run-2026-09-17-01,2OBrcmyk58NupXoVOHUvup,IFCFURNISHINGELEMENT,NRC.EC.A1A5.TOTAL,EmbodiedCarbon_A1A5_kgCO2e,63.7,kgCO2e,A1-A5,Baseline,synthetic-generator-v1,0.5,type-base-x-hash-jitter
run-2026-09-17-01,2OBrcmyk58NupXoVOHUvup,IFCFURNISHINGELEMENT,NRC.OC.ANNUAL,OperationalCarbon_kgCO2e_per_year,24.9,kgCO2e/yr,B6,Baseline,synthetic-generator-v1,0.5,type-base-x-hash-jitter
run-2026-09-17-01,2OBrcmyk58NupXoVOHUvup,IFCFURNISHINGELEMENT,NRC.EUI.ANNUAL,EnergyUseIntensity_kWh_per_m2_year,16.2,kWh/m2/yr,B6,Baseline,synthetic-generator-v1,0.5,type-base-x-hash-jitter
run-2026-09-17-01,2OBrcmyk58NupXoVOHUvuo,IFCFURNISHINGELEMENT,NRC.EC.A1A3.TOTAL,EmbodiedCarbon_A1A3_kgCO2e,43.1,kgCO2e,A1-A3,Baseline,synthetic-generator-v1,0.5,type-base-x-hash-jitter
run-2026-09-17-01,2OBrcmyk58NupXoVOHUvuo,IFCFURNISHINGELEMENT,NRC.EC.A1A5.TOTAL,EmbodiedCarbon_A1A5_kgCO2e,48.3,kgCO2e,A1-A5,Baseline,synthetic-generator-v1,0.5,type-base-x-hash-jitter
run-2026-09-17-01,2OBrcmyk58NupXoVOHUvuo,IFCFURNISHINGELEMENT,NRC.OC.ANNUAL,OperationalCarbon_kgCO2e_per_year,70.8,kgCO2e/yr,B6,Baseline,synthetic-generator-v1,0.5,type-base-x-hash-jitter
run-2026-09-17-01,2OBrcmyk58NupXoVOHUvuo,IFCFURNISHINGELEMENT,NRC.EUI.ANNUAL,EnergyUseIntensity_kWh_per_m2_year,44.2,kWh/m2/yr,B6,Baseline,synthetic-generator-v1,0.5,type-base-x-hash-jitter
run-2026-09-17-01,2OBrcmyk58NupXoVOHUvs2,IFCFURNISHINGELEMENT,NRC.EC.A1A3.TOTAL,EmbodiedCarbon_A1A3_kgCO2e,31.8,kgCO2e,A1-A3,Baseline,synthetic-generator-v1,0.5,type-base-x-hash-jitter
run-2026-09-17-01,2OBrcmyk58NupXoVOHUvs2,IFCFURNISHINGELEMENT,NRC.EC.A1A5.TOTAL,EmbodiedCarbon_A1A5_kgCO2e,35.6,kgCO2e,A1-A5,Baseline,synthetic-generator-v1,0.5,type-base-x-hash-jitter
run-2026-09-17-01,2OBrcmyk58NupXoVOHUvs2,IFCFURNISHINGELEMENT,NRC.OC.ANNUAL,OperationalCarbon_kgCO2e_per_year,22.5,kgCO2e/yr,B6,Baseline,synthetic-generator-v1,0.5,type-base-x-hash-jitter
run-2026-09-17-01,2OBrcmyk58NupXoVOHUvs2,IFCFURNISHINGELEMENT,NRC.EUI.ANNUAL,EnergyUseIntensity_kWh_per_m2_year,16.6,kWh/m2/yr,B6,Baseline,synthetic-generator-v1,0.5,type-base-x-hash-jitter
run-2026-09-17-01,2OBrcmyk58NupXoVOHUvsm,IFCFURNISHINGELEMENT,NRC.EC.A1A3.TOTAL,EmbodiedCarbon_A1A3_kgCO2e,36.4,kgCO2e,A1-A3,Baseline,synthetic-generator-v1,0.5,type-base-x-hash-jitter
run-2026-09-17-01,2OBrcmyk58NupXoVOHUvsm,IFCFURNISHINGELEMENT,NRC.EC.A1A5.TOTAL,EmbodiedCarbon_A1A5_kgCO2e,40.8,kgCO2e,A1-A5,Baseline,synthetic-generator-v1,0.5,type-base-x-hash-jitter
run-2026-09-17-01,2OBrcmyk58NupXoVOHUvsm,IFCFURNISHINGELEMENT,NRC.OC.ANNUAL,OperationalCarbon_kgCO2e_per_year,19.4,kgCO2e/yr,B6,Baseline,synthetic-generator-v1,0.5,type-base-x-hash-jitter
run-2026-09-17-01,2OBrcmyk58NupXoVOHUvsm,IFCFURNISHINGELEMENT,NRC.EUI.ANNUAL,EnergyUseIntensity_kWh_per_m2_year,13.2,kWh/m2/yr,B6,Baseline,synthetic-generator-v1,0.5,type-base-x-hash-jitter
run-2026-09-17-01,2OBrcmyk58NupXoVOHUvtA,IFCFURNISHINGELEMENT,NRC.EC.A1A3.TOTAL,EmbodiedCarbon_A1A3_kgCO2e,50.7,kgCO2e,A1-A3,Baseline,synthetic-generator-v1,0.5,type-base-x-hash-jitter
run-2026-09-17-01,2OBrcmyk58NupXoVOHUvtA,IFCFURNISHINGELEMENT,NRC.EC.A1A5.TOTAL,EmbodiedCarbon_A1A5_kgCO2e,56.8,kgCO2e,A1-A5,Baseline,synthetic-generator-v1,0.5,type-base-x-hash-jitter
run-2026-09-17-01,2OBrcmyk58NupXoVOHUvtA,IFCFURNISHINGELEMENT,NRC.OC.ANNUAL,OperationalCarbon_kgCO2e_per_year,38.1,kgCO2e/yr,B6,Baseline,synthetic-generator-v1,0.5,type-base-x-hash-jitter
run-2026-09-17-01,2OBrcmyk58NupXoVOHUvtA,IFCFURNISHINGELEMENT,NRC.EUI.ANNUAL,EnergyUseIntensity_kWh_per_m2_year,16.8,kWh/m2/yr,B6,Baseline,synthetic-generator-v1,0.5,type-base-x-hash-jitter
run-2026-09-17-01,2OBrcmyk58NupXoVOHUvqp,IFCFURNISHINGELEMENT,NRC.EC.A1A3.TOTAL,EmbodiedCarbon_A1A3_kgCO2e,36.8,kgCO2e,A1-A3,Baseline,synthetic-generator-v1,0.5,type-base-x-hash-jitter
run-2026-09-17-01,2OBrcmyk58NupXoVOHUvqp,IFCFURNISHINGELEMENT,NRC.EC.A1A5.TOTAL,EmbodiedCarbon_A1A5_kgCO2e,41.2,kgCO2e,A1-A5,Baseline,synthetic-generator-v1,0.5,type-base-x-hash-jitter
run-2026-09-17-01,2OBrcmyk58NupXoVOHUvqp,IFCFURNISHINGELEMENT,NRC.OC.ANNUAL,OperationalCarbon_kgCO2e_per_year,20.5,kgCO2e/yr,B6,Baseline,synthetic-generator-v1,0.5,type-base-x-hash-jitter
run-2026-09-17-01,2OBrcmyk58NupXoVOHUvqp,IFCFURNISHINGELEMENT,NRC.EUI.ANNUAL,EnergyUseIntensity_kWh_per_m2_year,20.2,kWh/m2/yr,B6,Baseline,synthetic-generator-v1,0.5,type-base-x-hash-jitter
run-2026-09-17-01,2OBrcmyk58NupXoVOHUvqo,IFCFURNISHINGELEMENT,NRC.EC.A1A3.TOTAL,EmbodiedCarbon_A1A3_kgCO2e,45.9,kgCO2e,A1-A3,Baseline,synthetic-generator-v1,0.5,type-base-x-hash-jitter
run-2026-09-17-01,2OBrcmyk58NupXoVOHUvqo,IFCFURNISHINGELEMENT,NRC.EC.A1A5.TOTAL,EmbodiedCarbon_A1A5_kgCO2e,51.4,kgCO2e,A1-A5,Baseline,synthetic-generator-v1,0.5,type-base-x-hash-jitter
run-2026-09-17-01,2OBrcmyk58NupXoVOHUvqo,IFCFURNISHINGELEMENT,NRC.OC.ANNUAL,OperationalCarbon_kgCO2e_per_year,19.4,kgCO2e/yr,B6,Baseline,synthetic-generator-v1,0.5,type-base-x-hash-jitter
run-2026-09-17-01,2OBrcmyk58NupXoVOHUvqo,IFCFURNISHINGELEMENT,NRC.EUI.ANNUAL,EnergyUseIntensity_kWh_per_m2_year,13.2,kWh/m2/yr,B6,Baseline,synthetic-generator-v1,0.5,type-base-x-hash-jitter
run-2026-09-17-01,2OBrcmyk58NupXoVOHUvqz,IFCFURNISHINGELEMENT,NRC.EC.A1A3.TOTAL,EmbodiedCarbon_A1A3_kgCO2e,32.6,kgCO2e,A1-A3,Baseline,synthetic-generator-v1,0.5,type-base-x-hash-jitter
run-2026-09-17-01,2OBrcmyk58NupXoVOHUvqz,IFCFURNISHINGELEMENT,NRC.EC.A1A5.TOTAL,EmbodiedCarbon_A1A5_kgCO2e,36.5,kgCO2e,A1-A5,Baseline,synthetic-generator-v1,0.5,type-base-x-hash-jitter
run-2026-09-17-01,2OBrcmyk58NupXoVOHUvqz,IFCFURNISHINGELEMENT,NRC.OC.ANNUAL,OperationalCarbon_kgCO2e_per_year,30.5,kgCO2e/yr,B6,Baseline,synthetic-generator-v1,0.5,type-base-x-hash-jitter
run-2026-09-17-01,2OBrcmyk58NupXoVOHUvqz,IFCFURNISHINGELEMENT,NRC.EUI.ANNUAL,EnergyUseIntensity_kWh_per_m2_year,10.3,kWh/m2/yr,B6,Baseline,synthetic-generator-v1,0.5,type-base-x-hash-jitter
run-2026-09-17-01,2OBrcmyk58NupXoVOHUvqy,IFCFURNISHINGELEMENT,NRC.EC.A1A3.TOTAL,EmbodiedCarbon_A1A3_kgCO2e,32.3,kgCO2e,A1-A3,Baseline,synthetic-generator-v1,0.5,type-base-x-hash-jitter
run-2026-09-17-01,2OBrcmyk58NupXoVOHUvqy,IFCFURNISHINGELEMENT,NRC.EC.A1A5.TOTAL,EmbodiedCarbon_A1A5_kgCO2e,36.2,kgCO2e,A1-A5,Baseline,synthetic-generator-v1,0.5,type-base-x-hash-jitter
run-2026-09-17-01,2OBrcmyk58NupXoVOHUvqy,IFCFURNISHINGELEMENT,NRC.OC.ANNUAL,OperationalCarbon_kgCO2e_per_year,29.4,kgCO2e/yr,B6,Baseline,synthetic-generator-v1,0.5,type-base-x-hash-jitter
run-2026-09-17-01,2OBrcmyk58NupXoVOHUvqy,IFCFURNISHINGELEMENT,NRC.EUI.ANNUAL,EnergyUseIntensity_kWh_per_m2_year,19.3,kWh/m2/yr,B6,Baseline,synthetic-generator-v1,0.5,type-base-x-hash-jitter
run-2026-09-17-01,2OBrcmyk58NupXoVOHUvq$,IFCFURNISHINGELEMENT,NRC.EC.A1A3.TOTAL,EmbodiedCarbon_A1A3_kgCO2e,41.5,kgCO2e,A1-A3,Baseline,synthetic-generator-v1,0.5,type-base-x-hash-jitter
run-2026-09-17-01,2OBrcmyk58NupXoVOHUvq$,IFCFURNISHINGELEMENT,NRC.EC.A1A5.TOTAL,EmbodiedCarbon_A1A5_kgCO2e,46.5,kgCO2e,A1-A5,Baseline,synthetic-generator-v1,0.5,type-base-x-hash-jitter
run-2026-09-17-01,2OBrcmyk58NupXoVOHUvq$,IFCFURNISHINGELEMENT,NRC.OC.ANNUAL,OperationalCarbon_kgCO2e_per_year,102.9,kgCO2e/yr,B6,Baseline,synthetic-generator-v1,0.5,type-base-x-hash-jitter
run-2026-09-17-01,2OBrcmyk58NupXoVOHUvq$,IFCFURNISHINGELEMENT,NRC.EUI.ANNUAL,EnergyUseIntensity_kWh_per_m2_year,18.4,kWh/m2/yr,B6,Baseline,synthetic-generator-v1,0.5,type-base-x-hash-jitter
run-2026-09-17-01,2OBrcmyk58NupXoVOHUvq_,IFCFURNISHINGELEMENT,NRC.EC.A1A3.TOTAL,EmbodiedCarbon_A1A3_kgCO2e,38.7,kgCO2e,A1-A3,Baseline,synthetic-generator-v1,0.5,type-base-x-hash-jitter
run-2026-09-17-01,2OBrcmyk58NupXoVOHUvq_,IFCFURNISHINGELEMENT,NRC.EC.A1A5.TOTAL,EmbodiedCarbon_A1A5_kgCO2e,43.3,kgCO2e,A1-A5,Baseline,synthetic-generator-v1,0.5,type-base-x-hash-jitter
run-2026-09-17-01,2OBrcmyk58NupXoVOHUvq_,IFCFURNISHINGELEMENT,NRC.OC.ANNUAL,OperationalCarbon_kgCO2e_per_year,50.8,kgCO2e/yr,B6,Baseline,synthetic-generator-v1,0.5,type-base-x-hash-jitter
run-2026-09-17-01,2OBrcmyk58NupXoVOHUvq_,IFCFURNISHINGELEMENT,NRC.EUI.ANNUAL,EnergyUseIntensity_kWh_per_m2_year,28.0,kWh/m2/yr,B6,Baseline,synthetic-generator-v1,0.5,type-base-x-hash-jitter
run-2026-09-17-01,2OBrcmyk58NupXoVOHUvqu,IFCFURNISHINGELEMENT,NRC.EC.A1A3.TOTAL,EmbodiedCarbon_A1A3_kgCO2e,35.4,kgCO2e,A1-A3,Baseline,synthetic-generator-v1,0.5,type-base-x-hash-jitter
run-2026-09-17-01,2OBrcmyk58NupXoVOHUvqu,IFCFURNISHINGELEMENT,NRC.EC.A1A5.TOTAL,EmbodiedCarbon_A1A5_kgCO2e,39.6,kgCO2e,A1-A5,Baseline,synthetic-generator-v1,0.5,type-base-x-hash-jitter
run-2026-09-17-01,2OBrcmyk58NupXoVOHUvqu,IFCFURNISHINGELEMENT,NRC.OC.ANNUAL,OperationalCarbon_kgCO2e_per_year,25.0,kgCO2e/yr,B6,Baseline,synthetic-generator-v1,0.5,type-base-x-hash-jitter
run-2026-09-17-01,2OBrcmyk58NupXoVOHUvqu,IFCFURNISHINGELEMENT,NRC.EUI.ANNUAL,EnergyUseIntensity_kWh_per_m2_year,7.3,kWh/m2/yr,B6,Baseline,synthetic-generator-v1,0.5,type-base-x-hash-jitter
run-2026-09-17-01,2OBrcmyk58NupXoVOHUvqx,IFCFURNISHINGELEMENT,NRC.EC.A1A3.TOTAL,EmbodiedCarbon_A1A3_kgCO2e,45.6,kgCO2e,A1-A3,Baseline,synthetic-generator-v1,0.5,type-base-x-hash-jitter
run-2026-09-17-01,2OBrcmyk58NupXoVOHUvqx,IFCFURNISHINGELEMENT,NRC.EC.A1A5.TOTAL,EmbodiedCarbon_A1A5_kgCO2e,51.1,kgCO2e,A1-A5,Baseline,synthetic-generator-v1,0.5,type-base-x-hash-jitter
run-2026-09-17-01,2OBrcmyk58NupXoVOHUvqx,IFCFURNISHINGELEMENT,NRC.OC.ANNUAL,OperationalCarbon_kgCO2e_per_year,75.3,kgCO2e/yr,B6,Baseline,synthetic-generator-v1,0.5,type-base-x-hash-jitter
run-2026-09-17-01,2OBrcmyk58NupXoVOHUvqx,IFCFURNISHINGELEMENT,NRC.EUI.ANNUAL,EnergyUseIntensity_kWh_per_m2_year,17.3,kWh/m2/yr,B6,Baseline,synthetic-generator-v1,0.5,type-base-x-hash-jitter
run-2026-09-17-01,2OBrcmyk58NupXoVOHUvqw,IFCFURNISHINGELEMENT,NRC.EC.A1A3.TOTAL,EmbodiedCarbon_A1A3_kgCO2e,51.9,kgCO2e,A1-A3,Baseline,synthetic-generator-v1,0.5,type-base-x-hash-jitter
run-2026-09-17-01,2OBrcmyk58NupXoVOHUvqw,IFCFURNISHINGELEMENT,NRC.EC.A1A5.TOTAL,EmbodiedCarbon_A1A5_kgCO2e,58.1,kgCO2e,A1-A5,Baseline,synthetic-generator-v1,0.5,type-base-x-hash-jitter
run-2026-09-17-01,2OBrcmyk58NupXoVOHUvqw,IFCFURNISHINGELEMENT,NRC.OC.ANNUAL,OperationalCarbon_kgCO2e_per_year,27.2,kgCO2e/yr,B6,Baseline,synthetic-generator-v1,0.5,type-base-x-hash-jitter
run-2026-09-17-01,2OBrcmyk58NupXoVOHUvqw,IFCFURNISHINGELEMENT,NRC.EUI.ANNUAL,EnergyUseIntensity_kWh_per_m2_year,5.3,kWh/m2/yr,B6,Baseline,synthetic-generator-v1,0.5,type-base-x-hash-jitter
run-2026-09-17-01,2OBrcmyk58NupXoVOHUvr5,IFCFURNISHINGELEMENT,NRC.EC.A1A3.TOTAL,EmbodiedCarbon_A1A3_kgCO2e,40.3,kgCO2e,A1-A3,Baseline,synthetic-generator-v1,0.5,type-base-x-hash-jitter
run-2026-09-17-01,2OBrcmyk58NupXoVOHUvr5,IFCFURNISHINGELEMENT,NRC.EC.A1A5.TOTAL,EmbodiedCarbon_A1A5_kgCO2e,45.1,kgCO2e,A1-A5,Baseline,synthetic-generator-v1,0.5,type-base-x-hash-jitter
run-2026-09-17-01,2OBrcmyk58NupXoVOHUvr5,IFCFURNISHINGELEMENT,NRC.OC.ANNUAL,OperationalCarbon_kgCO2e_per_year,24.7,kgCO2e/yr,B6,Baseline,synthetic-generator-v1,0.5,type-base-x-hash-jitter
run-2026-09-17-01,2OBrcmyk58NupXoVOHUvr5,IFCFURNISHINGELEMENT,NRC.EUI.ANNUAL,EnergyUseIntensity_kWh_per_m2_year,14.6,kWh/m2/yr,B6,Baseline,synthetic-generator-v1,0.5,type-base-x-hash-jitter
run-2026-09-17-01,2OBrcmyk58NupXoVOHUvr4,IFCFURNISHINGELEMENT,NRC.EC.A1A3.TOTAL,EmbodiedCarbon_A1A3_kgCO2e,49.4,kgCO2e,A1-A3,Baseline,synthetic-generator-v1,0.5,type-base-x-hash-jitter
run-2026-09-17-01,2OBrcmyk58NupXoVOHUvr4,IFCFURNISHINGELEMENT,NRC.EC.A1A5.TOTAL,EmbodiedCarbon_A1A5_kgCO2e,55.3,kgCO2e,A1-A5,Baseline,synthetic-generator-v1,0.5,type-base-x-hash-jitter
run-2026-09-17-01,2OBrcmyk58NupXoVOHUvr4,IFCFURNISHINGELEMENT,NRC.OC.ANNUAL,OperationalCarbon_kgCO2e_per_year,23.6,kgCO2e/yr,B6,Baseline,synthetic-generator-v1,0.5,type-base-x-hash-jitter
run-2026-09-17-01,2OBrcmyk58NupXoVOHUvr4,IFCFURNISHINGELEMENT,NRC.EUI.ANNUAL,EnergyUseIntensity_kWh_per_m2_year,7.6,kWh/m2/yr,B6,Baseline,synthetic-generator-v1,0.5,type-base-x-hash-jitter
run-2026-09-17-01,2OBrcmyk58NupXoVOHUshs,IFCFURNISHINGELEMENT,NRC.EC.A1A3.TOTAL,EmbodiedCarbon_A1A3_kgCO2e,35.6,kgCO2e,A1-A3,Baseline,synthetic-generator-v1,0.5,type-base-x-hash-jitter
run-2026-09-17-01,2OBrcmyk58NupXoVOHUshs,IFCFURNISHINGELEMENT,NRC.EC.A1A5.TOTAL,EmbodiedCarbon_A1A5_kgCO2e,39.9,kgCO2e,A1-A5,Baseline,synthetic-generator-v1,0.5,type-base-x-hash-jitter
run-2026-09-17-01,2OBrcmyk58NupXoVOHUshs,IFCFURNISHINGELEMENT,NRC.OC.ANNUAL,OperationalCarbon_kgCO2e_per_year,58.6,kgCO2e/yr,B6,Baseline,synthetic-generator-v1,0.5,type-base-x-hash-jitter
run-2026-09-17-01,2OBrcmyk58NupXoVOHUshs,IFCFURNISHINGELEMENT,NRC.EUI.ANNUAL,EnergyUseIntensity_kWh_per_m2_year,22.1,kWh/m2/yr,B6,Baseline,synthetic-generator-v1,0.5,type-base-x-hash-jitter
run-2026-09-17-01,2OBrcmyk58NupXoVOHUsc7,IFCFURNISHINGELEMENT,NRC.EC.A1A3.TOTAL,EmbodiedCarbon_A1A3_kgCO2e,35.2,kgCO2e,A1-A3,Baseline,synthetic-generator-v1,0.5,type-base-x-hash-jitter
run-2026-09-17-01,2OBrcmyk58NupXoVOHUsc7,IFCFURNISHINGELEMENT,NRC.EC.A1A5.TOTAL,EmbodiedCarbon_A1A5_kgCO2e,39.4,kgCO2e,A1-A5,Baseline,synthetic-generator-v1,0.5,type-base-x-hash-jitter
run-2026-09-17-01,2OBrcmyk58NupXoVOHUsc7,IFCFURNISHINGELEMENT,NRC.OC.ANNUAL,OperationalCarbon_kgCO2e_per_year,104.1,kgCO2e/yr,B6,Baseline,synthetic-generator-v1,0.5,type-base-x-hash-jitter
run-2026-09-17-01,2OBrcmyk58NupXoVOHUsc7,IFCFURNISHINGELEMENT,NRC.EUI.ANNUAL,EnergyUseIntensity_kWh_per_m2_year,32.5,kWh/m2/yr,B6,Baseline,synthetic-generator-v1,0.5,type-base-x-hash-jitter
run-2026-09-17-01,2OBrcmyk58NupXoVOHUsab,IFCFURNISHINGELEMENT,NRC.EC.A1A3.TOTAL,EmbodiedCarbon_A1A3_kgCO2e,47.1,kgCO2e,A1-A3,Baseline,synthetic-generator-v1,0.5,type-base-x-hash-jitter
run-2026-09-17-01,2OBrcmyk58NupXoVOHUsab,IFCFURNISHINGELEMENT,NRC.EC.A1A5.TOTAL,EmbodiedCarbon_A1A5_kgCO2e,52.8,kgCO2e,A1-A5,Baseline,synthetic-generator-v1,0.5,type-base-x-hash-jitter
run-2026-09-17-01,2OBrcmyk58NupXoVOHUsab,IFCFURNISHINGELEMENT,NRC.OC.ANNUAL,OperationalCarbon_kgCO2e_per_year,145.2,kgCO2e/yr,B6,Baseline,synthetic-generator-v1,0.5,type-base-x-hash-jitter
run-2026-09-17-01,2OBrcmyk58NupXoVOHUsab,IFCFURNISHINGELEMENT,NRC.EUI.ANNUAL,EnergyUseIntensity_kWh_per_m2_year,40.9,kWh/m2/yr,B6,Baseline,synthetic-generator-v1,0.5,type-base-x-hash-jitter
run-2026-09-17-01,2OBrcmyk58NupXoVOHUsbY,IFCFURNISHINGELEMENT,NRC.EC.A1A3.TOTAL,EmbodiedCarbon_A1A3_kgCO2e,46.4,kgCO2e,A1-A3,Baseline,synthetic-generator-v1,0.5,type-base-x-hash-jitter
run-2026-09-17-01,2OBrcmyk58NupXoVOHUsbY,IFCFURNISHINGELEMENT,NRC.EC.A1A5.TOTAL,EmbodiedCarbon_A1A5_kgCO2e,52.0,kgCO2e,A1-A5,Baseline,synthetic-generator-v1,0.5,type-base-x-hash-jitter
run-2026-09-17-01,2OBrcmyk58NupXoVOHUsbY,IFCFURNISHINGELEMENT,NRC.OC.ANNUAL,OperationalCarbon_kgCO2e_per_year,137.4,kgCO2e/yr,B6,Baseline,synthetic-generator-v1,0.5,type-base-x-hash-jitter
run-2026-09-17-01,2OBrcmyk58NupXoVOHUsbY,IFCFURNISHINGELEMENT,NRC.EUI.ANNUAL,EnergyUseIntensity_kWh_per_m2_year,15.8,kWh/m2/yr,B6,Baseline,synthetic-generator-v1,0.5,type-base-x-hash-jitter
run-2026-09-17-01,2OBrcmyk58NupXoVOHUtVQ,IFCFURNISHINGELEMENT,NRC.EC.A1A3.TOTAL,EmbodiedCarbon_A1A3_kgCO2e,31.5,kgCO2e,A1-A3,Baseline,synthetic-generator-v1,0.5,type-base-x-hash-jitter
run-2026-09-17-01,2OBrcmyk58NupXoVOHUtVQ,IFCFURNISHINGELEMENT,NRC.EC.A1A5.TOTAL,EmbodiedCarbon_A1A5_kgCO2e,35.3,kgCO2e,A1-A5,Baseline,synthetic-generator-v1,0.5,type-base-x-hash-jitter
run-2026-09-17-01,2OBrcmyk58NupXoVOHUtVQ,IFCFURNISHINGELEMENT,NRC.OC.ANNUAL,OperationalCarbon_kgCO2e_per_year,118.5,kgCO2e/yr,B6,Baseline,synthetic-generator-v1,0.5,type-base-x-hash-jitter
run-2026-09-17-01,2OBrcmyk58NupXoVOHUtVQ,IFCFURNISHINGELEMENT,NRC.EUI.ANNUAL,EnergyUseIntensity_kWh_per_m2_year,37.6,kWh/m2/yr,B6,Baseline,synthetic-generator-v1,0.5,type-base-x-hash-jitter
run-2026-09-17-01,2OBrcmyk58NupXoVOHUtOy,IFCFURNISHINGELEMENT,NRC.EC.A1A3.TOTAL,EmbodiedCarbon_A1A3_kgCO2e,43.4,kgCO2e,A1-A3,Baseline,synthetic-generator-v1,0.5,type-base-x-hash-jitter
run-2026-09-17-01,2OBrcmyk58NupXoVOHUtOy,IFCFURNISHINGELEMENT,NRC.EC.A1A5.TOTAL,EmbodiedCarbon_A1A5_kgCO2e,48.6,kgCO2e,A1-A5,Baseline,synthetic-generator-v1,0.5,type-base-x-hash-jitter
run-2026-09-17-01,2OBrcmyk58NupXoVOHUtOy,IFCFURNISHINGELEMENT,NRC.OC.ANNUAL,OperationalCarbon_kgCO2e_per_year,40.8,kgCO2e/yr,B6,Baseline,synthetic-generator-v1,0.5,type-base-x-hash-jitter
run-2026-09-17-01,2OBrcmyk58NupXoVOHUtOy,IFCFURNISHINGELEMENT,NRC.EUI.ANNUAL,EnergyUseIntensity_kWh_per_m2_year,20.9,kWh/m2/yr,B6,Baseline,synthetic-generator-v1,0.5,type-base-x-hash-jitter
run-2026-09-17-01,2OBrcmyk58NupXoVOHUtO$,IFCFURNISHINGELEMENT,NRC.EC.A1A3.TOTAL,EmbodiedCarbon_A1A3_kgCO2e,58.3,kgCO2e,A1-A3,Baseline,synthetic-generator-v1,0.5,type-base-x-hash-jitter
run-2026-09-17-01,2OBrcmyk58NupXoVOHUtO$,IFCFURNISHINGELEMENT,NRC.EC.A1A5.TOTAL,EmbodiedCarbon_A1A5_kgCO2e,65.3,kgCO2e,A1-A5,Baseline,synthetic-generator-v1,0.5,type-base-x-hash-jitter
run-2026-09-17-01,2OBrcmyk58NupXoVOHUtO$,IFCFURNISHINGELEMENT,NRC.OC.ANNUAL,OperationalCarbon_kgCO2e_per_year,66.3,kgCO2e/yr,B6,Baseline,synthetic-generator-v1,0.5,type-base-x-hash-jitter
run-2026-09-17-01,2OBrcmyk58NupXoVOHUtO$,IFCFURNISHINGELEMENT,NRC.EUI.ANNUAL,EnergyUseIntensity_kWh_per_m2_year,45.1,kWh/m2/yr,B6,Baseline,synthetic-generator-v1,0.5,type-base-x-hash-jitter
run-2026-09-17-01,2OBrcmyk58NupXoVOHUtO_,IFCFURNISHINGELEMENT,NRC.EC.A1A3.TOTAL,EmbodiedCarbon_A1A3_kgCO2e,51.9,kgCO2e,A1-A3,Baseline,synthetic-generator-v1,0.5,type-base-x-hash-jitter
run-2026-09-17-01,2OBrcmyk58NupXoVOHUtO_,IFCFURNISHINGELEMENT,NRC.EC.A1A5.TOTAL,EmbodiedCarbon_A1A5_kgCO2e,58.1,kgCO2e,A1-A5,Baseline,synthetic-generator-v1,0.5,type-base-x-hash-jitter
run-2026-09-17-01,2OBrcmyk58NupXoVOHUtO_,IFCFURNISHINGELEMENT,NRC.OC.ANNUAL,OperationalCarbon_kgCO2e_per_year,125.2,kgCO2e/yr,B6,Baseline,synthetic-generator-v1,0.5,type-base-x-hash-jitter
run-2026-09-17-01,2OBrcmyk58NupXoVOHUtO_,IFCFURNISHINGELEMENT,NRC.EUI.ANNUAL,EnergyUseIntensity_kWh_per_m2_year,24.7,kWh/m2/yr,B6,Baseline,synthetic-generator-v1,0.5,type-base-x-hash-jitter
run-2026-09-17-01,2OBrcmyk58NupXoVOHUtOv,IFCFURNISHINGELEMENT,NRC.EC.A1A3.TOTAL,EmbodiedCarbon_A1A3_kgCO2e,41.4,kgCO2e,A1-A3,Baseline,synthetic-generator-v1,0.5,type-base-x-hash-jitter
run-2026-09-17-01,2OBrcmyk58NupXoVOHUtOv,IFCFURNISHINGELEMENT,NRC.EC.A1A5.TOTAL,EmbodiedCarbon_A1A5_kgCO2e,46.4,kgCO2e,A1-A5,Baseline,synthetic-generator-v1,0.5,type-base-x-hash-jitter
run-2026-09-17-01,2OBrcmyk58NupXoVOHUtOv,IFCFURNISHINGELEMENT,NRC.OC.ANNUAL,OperationalCarbon_kgCO2e_per_year,148.5,kgCO2e/yr,B6,Baseline,synthetic-generator-v1,0.5,type-base-x-hash-jitter
run-2026-09-17-01,2OBrcmyk58NupXoVOHUtOv,IFCFURNISHINGELEMENT,NRC.EUI.ANNUAL,EnergyUseIntensity_kWh_per_m2_year,30.9,kWh/m2/yr,B6,Baseline,synthetic-generator-v1,0.5,type-base-x-hash-jitter
run-2026-09-17-01,2OBrcmyk58NupXoVOHUtOu,IFCFURNISHINGELEMENT,NRC.EC.A1A3.TOTAL,EmbodiedCarbon_A1A3_kgCO2e,47.0,kgCO2e,A1-A3,Baseline,synthetic-generator-v1,0.5,type-base-x-hash-jitter
run-2026-09-17-01,2OBrcmyk58NupXoVOHUtOu,IFCFURNISHINGELEMENT,NRC.EC.A1A5.TOTAL,EmbodiedCarbon_A1A5_kgCO2e,52.6,kgCO2e,A1-A5,Baseline,synthetic-generator-v1,0.5,type-base-x-hash-jitter
run-2026-09-17-01,2OBrcmyk58NupXoVOHUtOu,IFCFURNISHINGELEMENT,NRC.OC.ANNUAL,OperationalCarbon_kgCO2e_per_year,147.4,kgCO2e/yr,B6,Baseline,synthetic-generator-v1,0.5,type-base-x-hash-jitter
run-2026-09-17-01,2OBrcmyk58NupXoVOHUtOu,IFCFURNISHINGELEMENT,NRC.EUI.ANNUAL,EnergyUseIntensity_kWh_per_m2_year,23.9,kWh/m2/yr,B6,Baseline,synthetic-generator-v1,0.5,type-base-x-hash-jitter
run-2026-09-17-01,2OBrcmyk58NupXoVOHUtM4,IFCFURNISHINGELEMENT,NRC.EC.A1A3.TOTAL,EmbodiedCarbon_A1A3_kgCO2e,48.1,kgCO2e,A1-A3,Baseline,synthetic-generator-v1,0.5,type-base-x-hash-jitter
run-2026-09-17-01,2OBrcmyk58NupXoVOHUtM4,IFCFURNISHINGELEMENT,NRC.EC.A1A5.TOTAL,EmbodiedCarbon_A1A5_kgCO2e,53.9,kgCO2e,A1-A5,Baseline,synthetic-generator-v1,0.5,type-base-x-hash-jitter
run-2026-09-17-01,2OBrcmyk58NupXoVOHUtM4,IFCFURNISHINGELEMENT,NRC.OC.ANNUAL,OperationalCarbon_kgCO2e_per_year,80.7,kgCO2e/yr,B6,Baseline,synthetic-generator-v1,0.5,type-base-x-hash-jitter
run-2026-09-17-01,2OBrcmyk58NupXoVOHUtM4,IFCFURNISHINGELEMENT,NRC.EUI.ANNUAL,EnergyUseIntensity_kWh_per_m2_year,19.2,kWh/m2/yr,B6,Baseline,synthetic-generator-v1,0.5,type-base-x-hash-jitter
run-2026-09-17-01,2OBrcmyk58NupXoVOHUtI8,IFCFURNISHINGELEMENT,NRC.EC.A1A3.TOTAL,EmbodiedCarbon_A1A3_kgCO2e,39.5,kgCO2e,A1-A3,Baseline,synthetic-generator-v1,0.5,type-base-x-hash-jitter
run-2026-09-17-01,2OBrcmyk58NupXoVOHUtI8,IFCFURNISHINGELEMENT,NRC.EC.A1A5.TOTAL,EmbodiedCarbon_A1A5_kgCO2e,44.2,kgCO2e,A1-A5,Baseline,synthetic-generator-v1,0.5,type-base-x-hash-jitter
run-2026-09-17-01,2OBrcmyk58NupXoVOHUtI8,IFCFURNISHINGELEMENT,NRC.OC.ANNUAL,OperationalCarbon_kgCO2e_per_year,80.7,kgCO2e/yr,B6,Baseline,synthetic-generator-v1,0.5,type-base-x-hash-jitter
run-2026-09-17-01,2OBrcmyk58NupXoVOHUtI8,IFCFURNISHINGELEMENT,NRC.EUI.ANNUAL,EnergyUseIntensity_kWh_per_m2_year,19.2,kWh/m2/yr,B6,Baseline,synthetic-generator-v1,0.5,type-base-x-hash-jitter
run-2026-09-17-01,2OBrcmyk58NupXoVOHUtHN,IFCFURNISHINGELEMENT,NRC.EC.A1A3.TOTAL,EmbodiedCarbon_A1A3_kgCO2e,35.9,kgCO2e,A1-A3,Baseline,synthetic-generator-v1,0.5,type-base-x-hash-jitter
run-2026-09-17-01,2OBrcmyk58NupXoVOHUtHN,IFCFURNISHINGELEMENT,NRC.EC.A1A5.TOTAL,EmbodiedCarbon_A1A5_kgCO2e,40.2,kgCO2e,A1-A5,Baseline,synthetic-generator-v1,0.5,type-base-x-hash-jitter
run-2026-09-17-01,2OBrcmyk58NupXoVOHUtHN,IFCFURNISHINGELEMENT,NRC.OC.ANNUAL,OperationalCarbon_kgCO2e_per_year,101.8,kgCO2e/yr,B6,Baseline,synthetic-generator-v1,0.5,type-base-x-hash-jitter
run-2026-09-17-01,2OBrcmyk58NupXoVOHUtHN,IFCFURNISHINGELEMENT,NRC.EUI.ANNUAL,EnergyUseIntensity_kWh_per_m2_year,42.4,kWh/m2/yr,B6,Baseline,synthetic-generator-v1,0.5,type-base-x-hash-jitter
run-2026-09-17-01,2OBrcmyk58NupXoVOHUtEr,IFCFURNISHINGELEMENT,NRC.EC.A1A3.TOTAL,EmbodiedCarbon_A1A3_kgCO2e,54.3,kgCO2e,A1-A3,Baseline,synthetic-generator-v1,0.5,type-base-x-hash-jitter
run-2026-09-17-01,2OBrcmyk58NupXoVOHUtEr,IFCFURNISHINGELEMENT,NRC.EC.A1A5.TOTAL,EmbodiedCarbon_A1A5_kgCO2e,60.8,kgCO2e,A1-A5,Baseline,synthetic-generator-v1,0.5,type-base-x-hash-jitter
run-2026-09-17-01,2OBrcmyk58NupXoVOHUtEr,IFCFURNISHINGELEMENT,NRC.OC.ANNUAL,OperationalCarbon_kgCO2e_per_year,134.1,kgCO2e/yr,B6,Baseline,synthetic-generator-v1,0.5,type-base-x-hash-jitter
run-2026-09-17-01,2OBrcmyk58NupXoVOHUtEr,IFCFURNISHINGELEMENT,NRC.EUI.ANNUAL,EnergyUseIntensity_kWh_per_m2_year,25.8,kWh/m2/yr,B6,Baseline,synthetic-generator-v1,0.5,type-base-x-hash-jitter
run-2026-09-17-01,2OBrcmyk58NupXoVOHUtC0,IFCSLAB,NRC.EC.A1A3.TOTAL,EmbodiedCarbon_A1A3_kgCO2e,2563.3,kgCO2e,A1-A3,Baseline,synthetic-generator-v1,0.5,type-base-x-hash-jitter
run-2026-09-17-01,2OBrcmyk58NupXoVOHUtC0,IFCSLAB,NRC.EC.A1A5.TOTAL,EmbodiedCarbon_A1A5_kgCO2e,2870.9,kgCO2e,A1-A5,Baseline,synthetic-generator-v1,0.5,type-base-x-hash-jitter
run-2026-09-17-01,2OBrcmyk58NupXoVOHUtC0,IFCSLAB,NRC.OC.ANNUAL,OperationalCarbon_kgCO2e_per_year,283.3,kgCO2e/yr,B6,Baseline,synthetic-generator-v1,0.5,type-base-x-hash-jitter
run-2026-09-17-01,2OBrcmyk58NupXoVOHUtC0,IFCSLAB,NRC.EUI.ANNUAL,EnergyUseIntensity_kWh_per_m2_year,45.1,kWh/m2/yr,B6,Baseline,synthetic-generator-v1,0.5,type-base-x-hash-jitter
run-2026-09-17-01,2OBrcmyk58NupXoVOHUtDX,IFCSLAB,NRC.EC.A1A3.TOTAL,EmbodiedCarbon_A1A3_kgCO2e,2143.3,kgCO2e,A1-A3,Baseline,synthetic-generator-v1,0.5,type-base-x-hash-jitter
run-2026-09-17-01,2OBrcmyk58NupXoVOHUtDX,IFCSLAB,NRC.EC.A1A5.TOTAL,EmbodiedCarbon_A1A5_kgCO2e,2400.5,kgCO2e,A1-A5,Baseline,synthetic-generator-v1,0.5,type-base-x-hash-jitter
run-2026-09-17-01,2OBrcmyk58NupXoVOHUtDX,IFCSLAB,NRC.OC.ANNUAL,OperationalCarbon_kgCO2e_per_year,324.4,kgCO2e/yr,B6,Baseline,synthetic-generator-v1,0.5,type-base-x-hash-jitter
run-2026-09-17-01,2OBrcmyk58NupXoVOHUtDX,IFCSLAB,NRC.EUI.ANNUAL,EnergyUseIntensity_kWh_per_m2_year,56.5,kWh/m2/yr,B6,Baseline,synthetic-generator-v1,0.5,type-base-x-hash-jitter
run-2026-09-17-01,2OBrcmyk58NupXoVOHUtBP,IFCSLAB,NRC.EC.A1A3.TOTAL,EmbodiedCarbon_A1A3_kgCO2e,1896.2,kgCO2e,A1-A3,Baseline,synthetic-generator-v1,0.5,type-base-x-hash-jitter
run-2026-09-17-01,2OBrcmyk58NupXoVOHUtBP,IFCSLAB,NRC.EC.A1A5.TOTAL,EmbodiedCarbon_A1A5_kgCO2e,2123.7,kgCO2e,A1-A5,Baseline,synthetic-generator-v1,0.5,type-base-x-hash-jitter
run-2026-09-17-01,2OBrcmyk58NupXoVOHUtBP,IFCSLAB,NRC.OC.ANNUAL,OperationalCarbon_kgCO2e_per_year,314.4,kgCO2e/yr,B6,Baseline,synthetic-generator-v1,0.5,type-base-x-hash-jitter
run-2026-09-17-01,2OBrcmyk58NupXoVOHUtBP,IFCSLAB,NRC.EUI.ANNUAL,EnergyUseIntensity_kWh_per_m2_year,78.4,kWh/m2/yr,B6,Baseline,synthetic-generator-v1,0.5,type-base-x-hash-jitter
run-2026-09-17-01,2OBrcmyk58NupXoVOHUt8F,IFCSLAB,NRC.EC.A1A3.TOTAL,EmbodiedCarbon_A1A3_kgCO2e,1748.3,kgCO2e,A1-A3,Baseline,synthetic-generator-v1,0.5,type-base-x-hash-jitter
run-2026-09-17-01,2OBrcmyk58NupXoVOHUt8F,IFCSLAB,NRC.EC.A1A5.TOTAL,EmbodiedCarbon_A1A5_kgCO2e,1958.1,kgCO2e,A1-A5,Baseline,synthetic-generator-v1,0.5,type-base-x-hash-jitter
run-2026-09-17-01,2OBrcmyk58NupXoVOHUt8F,IFCSLAB,NRC.OC.ANNUAL,OperationalCarbon_kgCO2e_per_year,294.4,kgCO2e/yr,B6,Baseline,synthetic-generator-v1,0.5,type-base-x-hash-jitter
run-2026-09-17-01,2OBrcmyk58NupXoVOHUt8F,IFCSLAB,NRC.EUI.ANNUAL,EnergyUseIntensity_kWh_per_m2_year,76.2,kWh/m2/yr,B6,Baseline,synthetic-generator-v1,0.5,type-base-x-hash-jitter
run-2026-09-17-01,2OBrcmyk58NupXoVOHUt8s,IFCSLAB,NRC.EC.A1A3.TOTAL,EmbodiedCarbon_A1A3_kgCO2e,2202.9,kgCO2e,A1-A3,Baseline,synthetic-generator-v1,0.5,type-base-x-hash-jitter
run-2026-09-17-01,2OBrcmyk58NupXoVOHUt8s,IFCSLAB,NRC.EC.A1A5.TOTAL,EmbodiedCarbon_A1A5_kgCO2e,2467.2,kgCO2e,A1-A5,Baseline,synthetic-generator-v1,0.5,type-base-x-hash-jitter
run-2026-09-17-01,2OBrcmyk58NupXoVOHUt8s,IFCSLAB,NRC.OC.ANNUAL,OperationalCarbon_kgCO2e_per_year,339.9,kgCO2e/yr,B6,Baseline,synthetic-generator-v1,0.5,type-base-x-hash-jitter
run-2026-09-17-01,2OBrcmyk58NupXoVOHUt8s,IFCSLAB,NRC.EUI.ANNUAL,EnergyUseIntensity_kWh_per_m2_year,69.6,kWh/m2/yr,B6,Baseline,synthetic-generator-v1,0.5,type-base-x-hash-jitter
run-2026-09-17-01,2OBrcmyk58NupXoVOHUt5W,IFCSLAB,NRC.EC.A1A3.TOTAL,EmbodiedCarbon_A1A3_kgCO2e,1973.6,kgCO2e,A1-A3,Baseline,synthetic-generator-v1,0.5,type-base-x-hash-jitter
run-2026-09-17-01,2OBrcmyk58NupXoVOHUt5W,IFCSLAB,NRC.EC.A1A5.TOTAL,EmbodiedCarbon_A1A5_kgCO2e,2210.4,kgCO2e,A1-A5,Baseline,synthetic-generator-v1,0.5,type-base-x-hash-jitter
run-2026-09-17-01,2OBrcmyk58NupXoVOHUt5W,IFCSLAB,NRC.OC.ANNUAL,OperationalCarbon_kgCO2e_per_year,308.8,kgCO2e/yr,B6,Baseline,synthetic-generator-v1,0.5,type-base-x-hash-jitter
run-2026-09-17-01,2OBrcmyk58NupXoVOHUt5W,IFCSLAB,NRC.EUI.ANNUAL,EnergyUseIntensity_kWh_per_m2_year,82.3,kWh/m2/yr,B6,Baseline,synthetic-generator-v1,0.5,type-base-x-hash-jitter
run-2026-09-17-01,2OBrcmyk58NupXoVOHUt2f,IFCSLAB,NRC.EC.A1A3.TOTAL,EmbodiedCarbon_A1A3_kgCO2e,2478.6,kgCO2e,A1-A3,Baseline,synthetic-generator-v1,0.5,type-base-x-hash-jitter
run-2026-09-17-01,2OBrcmyk58NupXoVOHUt2f,IFCSLAB,NRC.EC.A1A5.TOTAL,EmbodiedCarbon_A1A5_kgCO2e,2776.0,kgCO2e,A1-A5,Baseline,synthetic-generator-v1,0.5,type-base-x-hash-jitter
run-2026-09-17-01,2OBrcmyk58NupXoVOHUt2f,IFCSLAB,NRC.OC.ANNUAL,OperationalCarbon_kgCO2e_per_year,320.0,kgCO2e/yr,B6,Baseline,synthetic-generator-v1,0.5,type-base-x-hash-jitter
run-2026-09-17-01,2OBrcmyk58NupXoVOHUt2f,IFCSLAB,NRC.EUI.ANNUAL,EnergyUseIntensity_kWh_per_m2_year,74.5,kWh/m2/yr,B6,Baseline,synthetic-generator-v1,0.5,type-base-x-hash-jitter
run-2026-09-17-01,2OBrcmyk58NupXoVOHUt0F,IFCSLAB,NRC.EC.A1A3.TOTAL,EmbodiedCarbon_A1A3_kgCO2e,1950.5,kgCO2e,A1-A3,Baseline,synthetic-generator-v1,0.5,type-base-x-hash-jitter
run-2026-09-17-01,2OBrcmyk58NupXoVOHUt0F,IFCSLAB,NRC.EC.A1A5.TOTAL,EmbodiedCarbon_A1A5_kgCO2e,2184.6,kgCO2e,A1-A5,Baseline,synthetic-generator-v1,0.5,type-base-x-hash-jitter
run-2026-09-17-01,2OBrcmyk58NupXoVOHUt0F,IFCSLAB,NRC.OC.ANNUAL,OperationalCarbon_kgCO2e_per_year,286.6,kgCO2e/yr,B6,Baseline,synthetic-generator-v1,0.5,type-base-x-hash-jitter
run-2026-09-17-01,2OBrcmyk58NupXoVOHUt0F,IFCSLAB,NRC.EUI.ANNUAL,EnergyUseIntensity_kWh_per_m2_year,66.1,kWh/m2/yr,B6,Baseline,synthetic-generator-v1,0.5,type-base-x-hash-jitter
run-2026-09-17-01,2OBrcmyk58NupXoVOHUtxr,IFCSLAB,NRC.EC.A1A3.TOTAL,EmbodiedCarbon_A1A3_kgCO2e,2905.0,kgCO2e,A1-A3,Baseline,synthetic-generator-v1,0.5,type-base-x-hash-jitter
run-2026-09-17-01,2OBrcmyk58NupXoVOHUtxr,IFCSLAB,NRC.EC.A1A5.TOTAL,EmbodiedCarbon_A1A5_kgCO2e,3253.6,kgCO2e,A1-A5,Baseline,synthetic-generator-v1,0.5,type-base-x-hash-jitter
run-2026-09-17-01,2OBrcmyk58NupXoVOHUtxr,IFCSLAB,NRC.OC.ANNUAL,OperationalCarbon_kgCO2e_per_year,221.2,kgCO2e/yr,B6,Baseline,synthetic-generator-v1,0.5,type-base-x-hash-jitter
run-2026-09-17-01,2OBrcmyk58NupXoVOHUtxr,IFCSLAB,NRC.EUI.ANNUAL,EnergyUseIntensity_kWh_per_m2_year,50.3,kWh/m2/yr,B6,Baseline,synthetic-generator-v1,0.5,type-base-x-hash-jitter
run-2026-09-17-01,2OBrcmyk58NupXoVOHUtoa,IFCSLAB,NRC.EC.A1A3.TOTAL,EmbodiedCarbon_A1A3_kgCO2e,2766.9,kgCO2e,A1-A3,Baseline,synthetic-generator-v1,0.5,type-base-x-hash-jitter
run-2026-09-17-01,2OBrcmyk58NupXoVOHUtoa,IFCSLAB,NRC.EC.A1A5.TOTAL,EmbodiedCarbon_A1A5_kgCO2e,3098.9,kgCO2e,A1-A5,Baseline,synthetic-generator-v1,0.5,type-base-x-hash-jitter
run-2026-09-17-01,2OBrcmyk58NupXoVOHUtoa,IFCSLAB,NRC.OC.ANNUAL,OperationalCarbon_kgCO2e_per_year,195.6,kgCO2e/yr,B6,Baseline,synthetic-generator-v1,0.5,type-base-x-hash-jitter
run-2026-09-17-01,2OBrcmyk58NupXoVOHUtoa,IFCSLAB,NRC.EUI.ANNUAL,EnergyUseIntensity_kWh_per_m2_year,52.0,kWh/m2/yr,B6,Baseline,synthetic-generator-v1,0.5,type-base-x-hash-jitter
run-2026-09-17-01,2OBrcmyk58NupXoVOHUtjR,IFCSLAB,NRC.EC.A1A3.TOTAL,EmbodiedCarbon_A1A3_kgCO2e,1915.6,kgCO2e,A1-A3,Baseline,synthetic-generator-v1,0.5,type-base-x-hash-jitter
run-2026-09-17-01,2OBrcmyk58NupXoVOHUtjR,IFCSLAB,NRC.EC.A1A5.TOTAL,EmbodiedCarbon_A1A5_kgCO2e,2145.5,kgCO2e,A1-A5,Baseline,synthetic-generator-v1,0.5,type-base-x-hash-jitter
run-2026-09-17-01,2OBrcmyk58NupXoVOHUtjR,IFCSLAB,NRC.OC.ANNUAL,OperationalCarbon_kgCO2e_per_year,356.6,kgCO2e/yr,B6,Baseline,synthetic-generator-v1,0.5,type-base-x-hash-jitter
run-2026-09-17-01,2OBrcmyk58NupXoVOHUtjR,IFCSLAB,NRC.EUI.ANNUAL,EnergyUseIntensity_kWh_per_m2_year,50.8,kWh/m2/yr,B6,Baseline,synthetic-generator-v1,0.5,type-base-x-hash-jitter
run-2026-09-17-01,2OBrcmyk58NupXoVOHUtju,IFCSLAB,NRC.EC.A1A3.TOTAL,EmbodiedCarbon_A1A3_kgCO2e,2729.9,kgCO2e,A1-A3,Baseline,synthetic-generator-v1,0.5,type-base-x-hash-jitter
run-2026-09-17-01,2OBrcmyk58NupXoVOHUtju,IFCSLAB,NRC.EC.A1A5.TOTAL,EmbodiedCarbon_A1A5_kgCO2e,3057.5,kgCO2e,A1-A5,Baseline,synthetic-generator-v1,0.5,type-base-x-hash-jitter
run-2026-09-17-01,2OBrcmyk58NupXoVOHUtju,IFCSLAB,NRC.OC.ANNUAL,OperationalCarbon_kgCO2e_per_year,210.1,kgCO2e/yr,B6,Baseline,synthetic-generator-v1,0.5,type-base-x-hash-jitter
run-2026-09-17-01,2OBrcmyk58NupXoVOHUtju,IFCSLAB,NRC.EUI.ANNUAL,EnergyUseIntensity_kWh_per_m2_year,65.2,kWh/m2/yr,B6,Baseline,synthetic-generator-v1,0.5,type-base-x-hash-jitter
run-2026-09-17-01,2OBrcmyk58NupXoVOHUtgP,IFCSLAB,NRC.EC.A1A3.TOTAL,EmbodiedCarbon_A1A3_kgCO2e,2662.7,kgCO2e,A1-A3,Baseline,synthetic-generator-v1,0.5,type-base-x-hash-jitter
run-2026-09-17-01,2OBrcmyk58NupXoVOHUtgP,IFCSLAB,NRC.EC.A1A5.TOTAL,EmbodiedCarbon_A1A5_kgCO2e,2982.2,kgCO2e,A1-A5,Baseline,synthetic-generator-v1,0.5,type-base-x-hash-jitter
run-2026-09-17-01,2OBrcmyk58NupXoVOHUtgP,IFCSLAB,NRC.OC.ANNUAL,OperationalCarbon_kgCO2e_per_year,351.1,kgCO2e/yr,B6,Baseline,synthetic-generator-v1,0.5,type-base-x-hash-jitter
run-2026-09-17-01,2OBrcmyk58NupXoVOHUtgP,IFCSLAB,NRC.EUI.ANNUAL,EnergyUseIntensity_kWh_per_m2_year,61.8,kWh/m2/yr,B6,Baseline,synthetic-generator-v1,0.5,type-base-x-hash-jitter
run-2026-09-17-01,2OBrcmyk58NupXoVOHUten,IFCSLAB,NRC.EC.A1A3.TOTAL,EmbodiedCarbon_A1A3_kgCO2e,2460.9,kgCO2e,A1-A3,Baseline,synthetic-generator-v1,0.5,type-base-x-hash-jitter
run-2026-09-17-01,2OBrcmyk58NupXoVOHUten,IFCSLAB,NRC.EC.A1A5.TOTAL,EmbodiedCarbon_A1A5_kgCO2e,2756.2,kgCO2e,A1-A5,Baseline,synthetic-generator-v1,0.5,type-base-x-hash-jitter
run-2026-09-17-01,2OBrcmyk58NupXoVOHUten,IFCSLAB,NRC.OC.ANNUAL,OperationalCarbon_kgCO2e_per_year,198.9,kgCO2e/yr,B6,Baseline,synthetic-generator-v1,0.5,type-base-x-hash-jitter
run-2026-09-17-01,2OBrcmyk58NupXoVOHUten,IFCSLAB,NRC.EUI.ANNUAL,EnergyUseIntensity_kWh_per_m2_year,73.0,kWh/m2/yr,B6,Baseline,synthetic-generator-v1,0.5,type-base-x-hash-jitter
run-2026-09-17-01,1s1jVhK8z0pgKYcr9jt781,IFCDOOR,NRC.EC.A1A3.TOTAL,EmbodiedCarbon_A1A3_kgCO2e,95.4,kgCO2e,A1-A3,Baseline,synthetic-generator-v1,0.5,type-base-x-hash-jitter
run-2026-09-17-01,1s1jVhK8z0pgKYcr9jt781,IFCDOOR,NRC.EC.A1A5.TOTAL,EmbodiedCarbon_A1A5_kgCO2e,106.8,kgCO2e,A1-A5,Baseline,synthetic-generator-v1,0.5,type-base-x-hash-jitter
run-2026-09-17-01,1s1jVhK8z0pgKYcr9jt781,IFCDOOR,NRC.OC.ANNUAL,OperationalCarbon_kgCO2e_per_year,105.1,kgCO2e/yr,B6,Baseline,synthetic-generator-v1,0.5,type-base-x-hash-jitter
run-2026-09-17-01,1s1jVhK8z0pgKYcr9jt781,IFCDOOR,NRC.EUI.ANNUAL,EnergyUseIntensity_kWh_per_m2_year,37.4,kWh/m2/yr,B6,Baseline,synthetic-generator-v1,0.5,type-base-x-hash-jitter
run-2026-09-17-01,1s1jVhK8z0pgKYcr9jt7AB,IFCDOOR,NRC.EC.A1A3.TOTAL,EmbodiedCarbon_A1A3_kgCO2e,68.5,kgCO2e,A1-A3,Baseline,synthetic-generator-v1,0.5,type-base-x-hash-jitter
run-2026-09-17-01,1s1jVhK8z0pgKYcr9jt7AB,IFCDOOR,NRC.EC.A1A5.TOTAL,EmbodiedCarbon_A1A5_kgCO2e,76.7,kgCO2e,A1-A5,Baseline,synthetic-generator-v1,0.5,type-base-x-hash-jitter
run-2026-09-17-01,1s1jVhK8z0pgKYcr9jt7AB,IFCDOOR,NRC.OC.ANNUAL,OperationalCarbon_kgCO2e_per_year,131.7,kgCO2e/yr,B6,Baseline,synthetic-generator-v1,0.5,type-base-x-hash-jitter
run-2026-09-17-01,1s1jVhK8z0pgKYcr9jt7AB,IFCDOOR,NRC.EUI.ANNUAL,EnergyUseIntensity_kWh_per_m2_year,33.6,kWh/m2/yr,B6,Baseline,synthetic-generator-v1,0.5,type-base-x-hash-jitter
run-2026-09-17-01,1l0GAJtRTFv8$zmKJOH4$e,IFCWINDOW,NRC.EC.A1A3.TOTAL,EmbodiedCarbon_A1A3_kgCO2e,152.7,kgCO2e,A1-A3,Baseline,synthetic-generator-v1,0.5,type-base-x-hash-jitter
run-2026-09-17-01,1l0GAJtRTFv8$zmKJOH4$e,IFCWINDOW,NRC.EC.A1A5.TOTAL,EmbodiedCarbon_A1A5_kgCO2e,171.0,kgCO2e,A1-A5,Baseline,synthetic-generator-v1,0.5,type-base-x-hash-jitter
run-2026-09-17-01,1l0GAJtRTFv8$zmKJOH4$e,IFCWINDOW,NRC.OC.ANNUAL,OperationalCarbon_kgCO2e_per_year,56.7,kgCO2e/yr,B6,Baseline,synthetic-generator-v1,0.5,type-base-x-hash-jitter
run-2026-09-17-01,1l0GAJtRTFv8$zmKJOH4$e,IFCWINDOW,NRC.EUI.ANNUAL,EnergyUseIntensity_kWh_per_m2_year,33.9,kWh/m2/yr,B6,Baseline,synthetic-generator-v1,0.5,type-base-x-hash-jitter
run-2026-09-17-01,1l0GAJtRTFv8$zmKJOH4u1,IFCWINDOW,NRC.EC.A1A3.TOTAL,EmbodiedCarbon_A1A3_kgCO2e,116.3,kgCO2e,A1-A3,Baseline,synthetic-generator-v1,0.5,type-base-x-hash-jitter
run-2026-09-17-01,1l0GAJtRTFv8$zmKJOH4u1,IFCWINDOW,NRC.EC.A1A5.TOTAL,EmbodiedCarbon_A1A5_kgCO2e,130.3,kgCO2e,A1-A5,Baseline,synthetic-generator-v1,0.5,type-base-x-hash-jitter
run-2026-09-17-01,1l0GAJtRTFv8$zmKJOH4u1,IFCWINDOW,NRC.OC.ANNUAL,OperationalCarbon_kgCO2e_per_year,39.6,kgCO2e/yr,B6,Baseline,synthetic-generator-v1,0.5,type-base-x-hash-jitter
run-2026-09-17-01,1l0GAJtRTFv8$zmKJOH4u1,IFCWINDOW,NRC.EUI.ANNUAL,EnergyUseIntensity_kWh_per_m2_year,28.2,kWh/m2/yr,B6,Baseline,synthetic-generator-v1,0.5,type-base-x-hash-jitter
run-2026-09-17-01,1l0GAJtRTFv8$zmKJOH4qs,IFCWINDOW,NRC.EC.A1A3.TOTAL,EmbodiedCarbon_A1A3_kgCO2e,163.8,kgCO2e,A1-A3,Baseline,synthetic-generator-v1,0.5,type-base-x-hash-jitter
run-2026-09-17-01,1l0GAJtRTFv8$zmKJOH4qs,IFCWINDOW,NRC.EC.A1A5.TOTAL,EmbodiedCarbon_A1A5_kgCO2e,183.5,kgCO2e,A1-A5,Baseline,synthetic-generator-v1,0.5,type-base-x-hash-jitter
run-2026-09-17-01,1l0GAJtRTFv8$zmKJOH4qs,IFCWINDOW,NRC.OC.ANNUAL,OperationalCarbon_kgCO2e_per_year,55.8,kgCO2e/yr,B6,Baseline,synthetic-generator-v1,0.5,type-base-x-hash-jitter
run-2026-09-17-01,1l0GAJtRTFv8$zmKJOH4qs,IFCWINDOW,NRC.EUI.ANNUAL,EnergyUseIntensity_kWh_per_m2_year,20.8,kWh/m2/yr,B6,Baseline,synthetic-generator-v1,0.5,type-base-x-hash-jitter
run-2026-09-17-01,1l0GAJtRTFv8$zmKJOH4oq,IFCWINDOW,NRC.EC.A1A3.TOTAL,EmbodiedCarbon_A1A3_kgCO2e,150.2,kgCO2e,A1-A3,Baseline,synthetic-generator-v1,0.5,type-base-x-hash-jitter
run-2026-09-17-01,1l0GAJtRTFv8$zmKJOH4oq,IFCWINDOW,NRC.EC.A1A5.TOTAL,EmbodiedCarbon_A1A5_kgCO2e,168.2,kgCO2e,A1-A5,Baseline,synthetic-generator-v1,0.5,type-base-x-hash-jitter
run-2026-09-17-01,1l0GAJtRTFv8$zmKJOH4oq,IFCWINDOW,NRC.OC.ANNUAL,OperationalCarbon_kgCO2e_per_year,51.4,kgCO2e/yr,B6,Baseline,synthetic-generator-v1,0.5,type-base-x-hash-jitter
run-2026-09-17-01,1l0GAJtRTFv8$zmKJOH4oq,IFCWINDOW,NRC.EUI.ANNUAL,EnergyUseIntensity_kWh_per_m2_year,18.8,kWh/m2/yr,B6,Baseline,synthetic-generator-v1,0.5,type-base-x-hash-jitter
run-2026-09-17-01,1l0GAJtRTFv8$zmKJOH4pU,IFCWINDOW,NRC.EC.A1A3.TOTAL,EmbodiedCarbon_A1A3_kgCO2e,183.7,kgCO2e,A1-A3,Baseline,synthetic-generator-v1,0.5,type-base-x-hash-jitter
run-2026-09-17-01,1l0GAJtRTFv8$zmKJOH4pU,IFCWINDOW,NRC.EC.A1A5.TOTAL,EmbodiedCarbon_A1A5_kgCO2e,205.7,kgCO2e,A1-A5,Baseline,synthetic-generator-v1,0.5,type-base-x-hash-jitter
run-2026-09-17-01,1l0GAJtRTFv8$zmKJOH4pU,IFCWINDOW,NRC.OC.ANNUAL,OperationalCarbon_kgCO2e_per_year,24.7,kgCO2e/yr,B6,Baseline,synthetic-generator-v1,0.5,type-base-x-hash-jitter
run-2026-09-17-01,1l0GAJtRTFv8$zmKJOH4pU,IFCWINDOW,NRC.EUI.ANNUAL,EnergyUseIntensity_kWh_per_m2_year,11.5,kWh/m2/yr,B6,Baseline,synthetic-generator-v1,0.5,type-base-x-hash-jitter
run-2026-09-17-01,1l0GAJtRTFv8$zmKJOH4kJ,IFCWINDOW,NRC.EC.A1A3.TOTAL,EmbodiedCarbon_A1A3_kgCO2e,179.6,kgCO2e,A1-A3,Baseline,synthetic-generator-v1,0.5,type-base-x-hash-jitter
run-2026-09-17-01,1l0GAJtRTFv8$zmKJOH4kJ,IFCWINDOW,NRC.EC.A1A5.TOTAL,EmbodiedCarbon_A1A5_kgCO2e,201.2,kgCO2e,A1-A5,Baseline,synthetic-generator-v1,0.5,type-base-x-hash-jitter
run-2026-09-17-01,1l0GAJtRTFv8$zmKJOH4kJ,IFCWINDOW,NRC.OC.ANNUAL,OperationalCarbon_kgCO2e_per_year,54.1,kgCO2e/yr,B6,Baseline,synthetic-generator-v1,0.5,type-base-x-hash-jitter
run-2026-09-17-01,1l0GAJtRTFv8$zmKJOH4kJ,IFCWINDOW,NRC.EUI.ANNUAL,EnergyUseIntensity_kWh_per_m2_year,29.4,kWh/m2/yr,B6,Baseline,synthetic-generator-v1,0.5,type-base-x-hash-jitter
run-2026-09-17-01,1l0GAJtRTFv8$zmKJOH4gQ,IFCWINDOW,NRC.EC.A1A3.TOTAL,EmbodiedCarbon_A1A3_kgCO2e,162.8,kgCO2e,A1-A3,Baseline,synthetic-generator-v1,0.5,type-base-x-hash-jitter
run-2026-09-17-01,1l0GAJtRTFv8$zmKJOH4gQ,IFCWINDOW,NRC.EC.A1A5.TOTAL,EmbodiedCarbon_A1A5_kgCO2e,182.3,kgCO2e,A1-A5,Baseline,synthetic-generator-v1,0.5,type-base-x-hash-jitter
run-2026-09-17-01,1l0GAJtRTFv8$zmKJOH4gQ,IFCWINDOW,NRC.OC.ANNUAL,OperationalCarbon_kgCO2e_per_year,57.4,kgCO2e/yr,B6,Baseline,synthetic-generator-v1,0.5,type-base-x-hash-jitter
run-2026-09-17-01,1l0GAJtRTFv8$zmKJOH4gQ,IFCWINDOW,NRC.EUI.ANNUAL,EnergyUseIntensity_kWh_per_m2_year,24.4,kWh/m2/yr,B6,Baseline,synthetic-generator-v1,0.5,type-base-x-hash-jitter
run-2026-09-17-01,1l0GAJtRTFv8$zmKJOH4hv,IFCWINDOW,NRC.EC.A1A3.TOTAL,EmbodiedCarbon_A1A3_kgCO2e,126.7,kgCO2e,A1-A3,Baseline,synthetic-generator-v1,0.5,type-base-x-hash-jitter
run-2026-09-17-01,1l0GAJtRTFv8$zmKJOH4hv,IFCWINDOW,NRC.EC.A1A5.TOTAL,EmbodiedCarbon_A1A5_kgCO2e,141.9,kgCO2e,A1-A5,Baseline,synthetic-generator-v1,0.5,type-base-x-hash-jitter
run-2026-09-17-01,1l0GAJtRTFv8$zmKJOH4hv,IFCWINDOW,NRC.OC.ANNUAL,OperationalCarbon_kgCO2e_per_year,49.2,kgCO2e/yr,B6,Baseline,synthetic-generator-v1,0.5,type-base-x-hash-jitter
run-2026-09-17-01,1l0GAJtRTFv8$zmKJOH4hv,IFCWINDOW,NRC.EUI.ANNUAL,EnergyUseIntensity_kWh_per_m2_year,30.8,kWh/m2/yr,B6,Baseline,synthetic-generator-v1,0.5,type-base-x-hash-jitter
run-2026-09-17-01,1l0GAJtRTFv8$zmKJOH4aS,IFCWINDOW,NRC.EC.A1A3.TOTAL,EmbodiedCarbon_A1A3_kgCO2e,186.4,kgCO2e,A1-A3,Baseline,synthetic-generator-v1,0.5,type-base-x-hash-jitter
run-2026-09-17-01,1l0GAJtRTFv8$zmKJOH4aS,IFCWINDOW,NRC.EC.A1A5.TOTAL,EmbodiedCarbon_A1A5_kgCO2e,208.8,kgCO2e,A1-A5,Baseline,synthetic-generator-v1,0.5,type-base-x-hash-jitter
run-2026-09-17-01,1l0GAJtRTFv8$zmKJOH4aS,IFCWINDOW,NRC.OC.ANNUAL,OperationalCarbon_kgCO2e_per_year,53.0,kgCO2e/yr,B6,Baseline,synthetic-generator-v1,0.5,type-base-x-hash-jitter
run-2026-09-17-01,1l0GAJtRTFv8$zmKJOH4aS,IFCWINDOW,NRC.EUI.ANNUAL,EnergyUseIntensity_kWh_per_m2_year,22.4,kWh/m2/yr,B6,Baseline,synthetic-generator-v1,0.5,type-base-x-hash-jitter
run-2026-09-17-01,1l0GAJtRTFv8$zmKJOH4ZZ,IFCWINDOW,NRC.EC.A1A3.TOTAL,EmbodiedCarbon_A1A3_kgCO2e,131.0,kgCO2e,A1-A3,Baseline,synthetic-generator-v1,0.5,type-base-x-hash-jitter
run-2026-09-17-01,1l0GAJtRTFv8$zmKJOH4ZZ,IFCWINDOW,NRC.EC.A1A5.TOTAL,EmbodiedCarbon_A1A5_kgCO2e,146.7,kgCO2e,A1-A5,Baseline,synthetic-generator-v1,0.5,type-base-x-hash-jitter
run-2026-09-17-01,1l0GAJtRTFv8$zmKJOH4ZZ,IFCWINDOW,NRC.OC.ANNUAL,OperationalCarbon_kgCO2e_per_year,53.0,kgCO2e/yr,B6,Baseline,synthetic-generator-v1,0.5,type-base-x-hash-jitter
run-2026-09-17-01,1l0GAJtRTFv8$zmKJOH4ZZ,IFCWINDOW,NRC.EUI.ANNUAL,EnergyUseIntensity_kWh_per_m2_year,22.4,kWh/m2/yr,B6,Baseline,synthetic-generator-v1,0.5,type-base-x-hash-jitter
run-2026-09-17-01,0jf0rYHfX3RAB3bSIRjmxl,IFCROOF,NRC.OC.ANNUAL,OperationalCarbon_kgCO2e_per_year,251.3,kgCO2e/yr,B6,Baseline,synthetic-generator-v1,0.5,type-base-x-hash-jitter
run-2026-09-17-01,0jf0rYHfX3RAB3bSIRjmxl,IFCROOF,NRC.EUI.ANNUAL,EnergyUseIntensity_kWh_per_m2_year,73.6,kWh/m2/yr,B6,Baseline,synthetic-generator-v1,0.5,type-base-x-hash-jitter
run-2026-09-17-01,3ThA22djr8AQQ9eQMA5s7I,IFCSLAB,NRC.EC.A1A3.TOTAL,EmbodiedCarbon_A1A3_kgCO2e,1838.5,kgCO2e,A1-A3,Baseline,synthetic-generator-v1,0.5,type-base-x-hash-jitter
run-2026-09-17-01,3ThA22djr8AQQ9eQMA5s7I,IFCSLAB,NRC.EC.A1A5.TOTAL,EmbodiedCarbon_A1A5_kgCO2e,2059.1,kgCO2e,A1-A5,Baseline,synthetic-generator-v1,0.5,type-base-x-hash-jitter
run-2026-09-17-01,3ThA22djr8AQQ9eQMA5s7I,IFCSLAB,NRC.OC.ANNUAL,OperationalCarbon_kgCO2e_per_year,223.4,kgCO2e/yr,B6,Baseline,synthetic-generator-v1,0.5,type-base-x-hash-jitter
run-2026-09-17-01,3ThA22djr8AQQ9eQMA5s7I,IFCSLAB,NRC.EUI.ANNUAL,EnergyUseIntensity_kWh_per_m2_year,62.8,kWh/m2/yr,B6,Baseline,synthetic-generator-v1,0.5,type-base-x-hash-jitter
run-2026-09-17-01,0jf0rYHfX3RAB3bSIRjmmy,IFCWALLSTANDARDCASE,NRC.EC.A1A3.TOTAL,EmbodiedCarbon_A1A3_kgCO2e,1004.2,kgCO2e,A1-A3,Baseline,synthetic-generator-v1,0.5,type-base-x-hash-jitter
run-2026-09-17-01,0jf0rYHfX3RAB3bSIRjmmy,IFCWALLSTANDARDCASE,NRC.EC.A1A5.TOTAL,EmbodiedCarbon_A1A5_kgCO2e,1124.7,kgCO2e,A1-A5,Baseline,synthetic-generator-v1,0.5,type-base-x-hash-jitter
run-2026-09-17-01,0jf0rYHfX3RAB3bSIRjmmy,IFCWALLSTANDARDCASE,NRC.OC.ANNUAL,OperationalCarbon_kgCO2e_per_year,276.5,kgCO2e/yr,B6,Baseline,synthetic-generator-v1,0.5,type-base-x-hash-jitter
run-2026-09-17-01,0jf0rYHfX3RAB3bSIRjmmy,IFCWALLSTANDARDCASE,NRC.EUI.ANNUAL,EnergyUseIntensity_kWh_per_m2_year,82.6,kWh/m2/yr,B6,Baseline,synthetic-generator-v1,0.5,type-base-x-hash-jitter
run-2026-09-17-01,0jf0rYHfX3RAB3bSIRjmpw,IFCWALLSTANDARDCASE,NRC.EC.A1A3.TOTAL,EmbodiedCarbon_A1A3_kgCO2e,965.4,kgCO2e,A1-A3,Baseline,synthetic-generator-v1,0.5,type-base-x-hash-jitter
run-2026-09-17-01,0jf0rYHfX3RAB3bSIRjmpw,IFCWALLSTANDARDCASE,NRC.EC.A1A5.TOTAL,EmbodiedCarbon_A1A5_kgCO2e,1081.2,kgCO2e,A1-A5,Baseline,synthetic-generator-v1,0.5,type-base-x-hash-jitter
run-2026-09-17-01,0jf0rYHfX3RAB3bSIRjmpw,IFCWALLSTANDARDCASE,NRC.OC.ANNUAL,OperationalCarbon_kgCO2e_per_year,277.6,kgCO2e/yr,B6,Baseline,synthetic-generator-v1,0.5,type-base-x-hash-jitter
run-2026-09-17-01,0jf0rYHfX3RAB3bSIRjmpw,IFCWALLSTANDARDCASE,NRC.EUI.ANNUAL,EnergyUseIntensity_kWh_per_m2_year,89.6,kWh/m2/yr,B6,Baseline,synthetic-generator-v1,0.5,type-base-x-hash-jitter
run-2026-09-17-01,0jf0rYHfX3RAB3bSIRjmoa,IFCWALLSTANDARDCASE,NRC.EC.A1A3.TOTAL,EmbodiedCarbon_A1A3_kgCO2e,673.1,kgCO2e,A1-A3,Baseline,synthetic-generator-v1,0.5,type-base-x-hash-jitter
run-2026-09-17-01,0jf0rYHfX3RAB3bSIRjmoa,IFCWALLSTANDARDCASE,NRC.EC.A1A5.TOTAL,EmbodiedCarbon_A1A5_kgCO2e,753.9,kgCO2e,A1-A5,Baseline,synthetic-generator-v1,0.5,type-base-x-hash-jitter
run-2026-09-17-01,0jf0rYHfX3RAB3bSIRjmoa,IFCWALLSTANDARDCASE,NRC.OC.ANNUAL,OperationalCarbon_kgCO2e_per_year,254.3,kgCO2e/yr,B6,Baseline,synthetic-generator-v1,0.5,type-base-x-hash-jitter
run-2026-09-17-01,0jf0rYHfX3RAB3bSIRjmoa,IFCWALLSTANDARDCASE,NRC.EUI.ANNUAL,EnergyUseIntensity_kWh_per_m2_year,66.4,kWh/m2/yr,B6,Baseline,synthetic-generator-v1,0.5,type-base-x-hash-jitter
run-2026-09-17-01,0jf0rYHfX3RAB3bSIRjmr1,IFCWALLSTANDARDCASE,NRC.EC.A1A3.TOTAL,EmbodiedCarbon_A1A3_kgCO2e,958.6,kgCO2e,A1-A3,Baseline,synthetic-generator-v1,0.5,type-base-x-hash-jitter
run-2026-09-17-01,0jf0rYHfX3RAB3bSIRjmr1,IFCWALLSTANDARDCASE,NRC.EC.A1A5.TOTAL,EmbodiedCarbon_A1A5_kgCO2e,1073.6,kgCO2e,A1-A5,Baseline,synthetic-generator-v1,0.5,type-base-x-hash-jitter
run-2026-09-17-01,0jf0rYHfX3RAB3bSIRjmr1,IFCWALLSTANDARDCASE,NRC.OC.ANNUAL,OperationalCarbon_kgCO2e_per_year,410.8,kgCO2e/yr,B6,Baseline,synthetic-generator-v1,0.5,type-base-x-hash-jitter
run-2026-09-17-01,0jf0rYHfX3RAB3bSIRjmr1,IFCWALLSTANDARDCASE,NRC.EUI.ANNUAL,EnergyUseIntensity_kWh_per_m2_year,73.9,kWh/m2/yr,B6,Baseline,synthetic-generator-v1,0.5,type-base-x-hash-jitter
run-2026-09-17-01,1Eo2$BaHX42AEkDvQQDocD,IFCWINDOW,NRC.EC.A1A3.TOTAL,EmbodiedCarbon_A1A3_kgCO2e,197.8,kgCO2e,A1-A3,Baseline,synthetic-generator-v1,0.5,type-base-x-hash-jitter
run-2026-09-17-01,1Eo2$BaHX42AEkDvQQDocD,IFCWINDOW,NRC.EC.A1A5.TOTAL,EmbodiedCarbon_A1A5_kgCO2e,221.5,kgCO2e,A1-A5,Baseline,synthetic-generator-v1,0.5,type-base-x-hash-jitter
run-2026-09-17-01,1Eo2$BaHX42AEkDvQQDocD,IFCWINDOW,NRC.OC.ANNUAL,OperationalCarbon_kgCO2e_per_year,34.5,kgCO2e/yr,B6,Baseline,synthetic-generator-v1,0.5,type-base-x-hash-jitter
run-2026-09-17-01,1Eo2$BaHX42AEkDvQQDocD,IFCWINDOW,NRC.EUI.ANNUAL,EnergyUseIntensity_kWh_per_m2_year,35.7,kWh/m2/yr,B6,Baseline,synthetic-generator-v1,0.5,type-base-x-hash-jitter
run-2026-09-17-01,1Eo2$BaHX42AEkDvQQDoy2,IFCWINDOW,NRC.EC.A1A3.TOTAL,EmbodiedCarbon_A1A3_kgCO2e,183.4,kgCO2e,A1-A3,Baseline,synthetic-generator-v1,0.5,type-base-x-hash-jitter
run-2026-09-17-01,1Eo2$BaHX42AEkDvQQDoy2,IFCWINDOW,NRC.EC.A1A5.TOTAL,EmbodiedCarbon_A1A5_kgCO2e,205.4,kgCO2e,A1-A5,Baseline,synthetic-generator-v1,0.5,type-base-x-hash-jitter
run-2026-09-17-01,1Eo2$BaHX42AEkDvQQDoy2,IFCWINDOW,NRC.OC.ANNUAL,OperationalCarbon_kgCO2e_per_year,38.9,kgCO2e/yr,B6,Baseline,synthetic-generator-v1,0.5,type-base-x-hash-jitter
run-2026-09-17-01,1Eo2$BaHX42AEkDvQQDoy2,IFCWINDOW,NRC.EUI.ANNUAL,EnergyUseIntensity_kWh_per_m2_year,11.7,kWh/m2/yr,B6,Baseline,synthetic-generator-v1,0.5,type-base-x-hash-jitter
run-2026-09-17-01,0kF45Qs8L9PAM9kmb1lT5d,IFCFOOTING,NRC.EC.A1A3.TOTAL,EmbodiedCarbon_A1A3_kgCO2e,801.1,kgCO2e,A1-A3,Baseline,synthetic-generator-v1,0.5,type-base-x-hash-jitter
run-2026-09-17-01,0kF45Qs8L9PAM9kmb1lT5d,IFCFOOTING,NRC.EC.A1A5.TOTAL,EmbodiedCarbon_A1A5_kgCO2e,897.2,kgCO2e,A1-A5,Baseline,synthetic-generator-v1,0.5,type-base-x-hash-jitter
run-2026-09-17-01,0kF45Qs8L9PAM9kmb1lT5d,IFCFOOTING,NRC.OC.ANNUAL,OperationalCarbon_kgCO2e_per_year,314.2,kgCO2e/yr,B6,Baseline,synthetic-generator-v1,0.5,type-base-x-hash-jitter
run-2026-09-17-01,0kF45Qs8L9PAM9kmb1lT5d,IFCFOOTING,NRC.EUI.ANNUAL,EnergyUseIntensity_kWh_per_m2_year,45.0,kWh/m2/yr,B6,Baseline,synthetic-generator-v1,0.5,type-base-x-hash-jitter
run-2026-09-17-01,0kF45Qs8L9PAM9kmb1lT5l,IFCFOOTING,NRC.EC.A1A3.TOTAL,EmbodiedCarbon_A1A3_kgCO2e,973.8,kgCO2e,A1-A3,Baseline,synthetic-generator-v1,0.5,type-base-x-hash-jitter
run-2026-09-17-01,0kF45Qs8L9PAM9kmb1lT5l,IFCFOOTING,NRC.EC.A1A5.TOTAL,EmbodiedCarbon_A1A5_kgCO2e,1090.7,kgCO2e,A1-A5,Baseline,synthetic-generator-v1,0.5,type-base-x-hash-jitter
run-2026-09-17-01,0kF45Qs8L9PAM9kmb1lT5l,IFCFOOTING,NRC.OC.ANNUAL,OperationalCarbon_kgCO2e_per_year,322.0,kgCO2e/yr,B6,Baseline,synthetic-generator-v1,0.5,type-base-x-hash-jitter
run-2026-09-17-01,0kF45Qs8L9PAM9kmb1lT5l,IFCFOOTING,NRC.EUI.ANNUAL,EnergyUseIntensity_kWh_per_m2_year,55.1,kWh/m2/yr,B6,Baseline,synthetic-generator-v1,0.5,type-base-x-hash-jitter
run-2026-09-17-01,0kF45Qs8L9PAM9kmb1lT5t,IFCFOOTING,NRC.EC.A1A3.TOTAL,EmbodiedCarbon_A1A3_kgCO2e,1132.7,kgCO2e,A1-A3,Baseline,synthetic-generator-v1,0.5,type-base-x-hash-jitter
run-2026-09-17-01,0kF45Qs8L9PAM9kmb1lT5t,IFCFOOTING,NRC.EC.A1A5.TOTAL,EmbodiedCarbon_A1A5_kgCO2e,1268.6,kgCO2e,A1-A5,Baseline,synthetic-generator-v1,0.5,type-base-x-hash-jitter
run-2026-09-17-01,0kF45Qs8L9PAM9kmb1lT5t,IFCFOOTING,NRC.OC.ANNUAL,OperationalCarbon_kgCO2e_per_year,330.8,kgCO2e/yr,B6,Baseline,synthetic-generator-v1,0.5,type-base-x-hash-jitter
run-2026-09-17-01,0kF45Qs8L9PAM9kmb1lT5t,IFCFOOTING,NRC.EUI.ANNUAL,EnergyUseIntensity_kWh_per_m2_year,65.1,kWh/m2/yr,B6,Baseline,synthetic-generator-v1,0.5,type-base-x-hash-jitter
run-2026-09-17-01,0kF45Qs8L9PAM9kmb1lT5$,IFCFOOTING,NRC.EC.A1A3.TOTAL,EmbodiedCarbon_A1A3_kgCO2e,1204.9,kgCO2e,A1-A3,Baseline,synthetic-generator-v1,0.5,type-base-x-hash-jitter
run-2026-09-17-01,0kF45Qs8L9PAM9kmb1lT5$,IFCFOOTING,NRC.EC.A1A5.TOTAL,EmbodiedCarbon_A1A5_kgCO2e,1349.5,kgCO2e,A1-A5,Baseline,synthetic-generator-v1,0.5,type-base-x-hash-jitter
run-2026-09-17-01,0kF45Qs8L9PAM9kmb1lT5$,IFCFOOTING,NRC.OC.ANNUAL,OperationalCarbon_kgCO2e_per_year,250.8,kgCO2e/yr,B6,Baseline,synthetic-generator-v1,0.5,type-base-x-hash-jitter
run-2026-09-17-01,0kF45Qs8L9PAM9kmb1lT5$,IFCFOOTING,NRC.EUI.ANNUAL,EnergyUseIntensity_kWh_per_m2_year,57.3,kWh/m2/yr,B6,Baseline,synthetic-generator-v1,0.5,type-base-x-hash-jitter
run-2026-09-17-01,0kF45Qs8L9PAM9kmb1lT2B,IFCFOOTING,NRC.EC.A1A3.TOTAL,EmbodiedCarbon_A1A3_kgCO2e,760.2,kgCO2e,A1-A3,Baseline,synthetic-generator-v1,0.5,type-base-x-hash-jitter
run-2026-09-17-01,0kF45Qs8L9PAM9kmb1lT2B,IFCFOOTING,NRC.EC.A1A5.TOTAL,EmbodiedCarbon_A1A5_kgCO2e,851.4,kgCO2e,A1-A5,Baseline,synthetic-generator-v1,0.5,type-base-x-hash-jitter
run-2026-09-17-01,0kF45Qs8L9PAM9kmb1lT2B,IFCFOOTING,NRC.OC.ANNUAL,OperationalCarbon_kgCO2e_per_year,277.5,kgCO2e/yr,B6,Baseline,synthetic-generator-v1,0.5,type-base-x-hash-jitter
run-2026-09-17-01,0kF45Qs8L9PAM9kmb1lT2B,IFCFOOTING,NRC.EUI.ANNUAL,EnergyUseIntensity_kWh_per_m2_year,62.6,kWh/m2/yr,B6,Baseline,synthetic-generator-v1,0.5,type-base-x-hash-jitter
run-2026-09-17-01,0kF45Qs8L9PAM9kmb1lT2N,IFCFOOTING,NRC.EC.A1A3.TOTAL,EmbodiedCarbon_A1A3_kgCO2e,946.6,kgCO2e,A1-A3,Baseline,synthetic-generator-v1,0.5,type-base-x-hash-jitter
run-2026-09-17-01,0kF45Qs8L9PAM9kmb1lT2N,IFCFOOTING,NRC.EC.A1A5.TOTAL,EmbodiedCarbon_A1A5_kgCO2e,1060.2,kgCO2e,A1-A5,Baseline,synthetic-generator-v1,0.5,type-base-x-hash-jitter
run-2026-09-17-01,0kF45Qs8L9PAM9kmb1lT2N,IFCFOOTING,NRC.OC.ANNUAL,OperationalCarbon_kgCO2e_per_year,289.7,kgCO2e/yr,B6,Baseline,synthetic-generator-v1,0.5,type-base-x-hash-jitter
run-2026-09-17-01,0kF45Qs8L9PAM9kmb1lT2N,IFCFOOTING,NRC.EUI.ANNUAL,EnergyUseIntensity_kWh_per_m2_year,54.7,kWh/m2/yr,B6,Baseline,synthetic-generator-v1,0.5,type-base-x-hash-jitter
run-2026-09-17-01,0kF45Qs8L9PAM9kmb1lT2Z,IFCFOOTING,NRC.EC.A1A3.TOTAL,EmbodiedCarbon_A1A3_kgCO2e,743.5,kgCO2e,A1-A3,Baseline,synthetic-generator-v1,0.5,type-base-x-hash-jitter
run-2026-09-17-01,0kF45Qs8L9PAM9kmb1lT2Z,IFCFOOTING,NRC.EC.A1A5.TOTAL,EmbodiedCarbon_A1A5_kgCO2e,832.7,kgCO2e,A1-A5,Baseline,synthetic-generator-v1,0.5,type-base-x-hash-jitter
run-2026-09-17-01,0kF45Qs8L9PAM9kmb1lT2Z,IFCFOOTING,NRC.OC.ANNUAL,OperationalCarbon_kgCO2e_per_year,301.9,kgCO2e/yr,B6,Baseline,synthetic-generator-v1,0.5,type-base-x-hash-jitter
run-2026-09-17-01,0kF45Qs8L9PAM9kmb1lT2Z,IFCFOOTING,NRC.EUI.ANNUAL,EnergyUseIntensity_kWh_per_m2_year,46.8,kWh/m2/yr,B6,Baseline,synthetic-generator-v1,0.5,type-base-x-hash-jitter
run-2026-09-17-01,3bXiCStxP6Fgxdej$yc5T8,IFCCOVERING,NRC.EC.A1A3.TOTAL,EmbodiedCarbon_A1A3_kgCO2e,77.2,kgCO2e,A1-A3,Baseline,synthetic-generator-v1,0.5,type-base-x-hash-jitter
run-2026-09-17-01,3bXiCStxP6Fgxdej$yc5T8,IFCCOVERING,NRC.EC.A1A5.TOTAL,EmbodiedCarbon_A1A5_kgCO2e,86.5,kgCO2e,A1-A5,Baseline,synthetic-generator-v1,0.5,type-base-x-hash-jitter
run-2026-09-17-01,3bXiCStxP6Fgxdej$yc5T8,IFCCOVERING,NRC.OC.ANNUAL,OperationalCarbon_kgCO2e_per_year,30.1,kgCO2e/yr,B6,Baseline,synthetic-generator-v1,0.5,type-base-x-hash-jitter
run-2026-09-17-01,3bXiCStxP6Fgxdej$yc5T8,IFCCOVERING,NRC.EUI.ANNUAL,EnergyUseIntensity_kWh_per_m2_year,28.1,kWh/m2/yr,B6,Baseline,synthetic-generator-v1,0.5,type-base-x-hash-jitter
run-2026-09-17-01,3bXiCStxP6Fgxdej$yc503,IFCCOVERING,NRC.EC.A1A3.TOTAL,EmbodiedCarbon_A1A3_kgCO2e,54.2,kgCO2e,A1-A3,Baseline,synthetic-generator-v1,0.5,type-base-x-hash-jitter
run-2026-09-17-01,3bXiCStxP6Fgxdej$yc503,IFCCOVERING,NRC.EC.A1A5.TOTAL,EmbodiedCarbon_A1A5_kgCO2e,60.7,kgCO2e,A1-A5,Baseline,synthetic-generator-v1,0.5,type-base-x-hash-jitter
run-2026-09-17-01,3bXiCStxP6Fgxdej$yc503,IFCCOVERING,NRC.OC.ANNUAL,OperationalCarbon_kgCO2e_per_year,80.0,kgCO2e/yr,B6,Baseline,synthetic-generator-v1,0.5,type-base-x-hash-jitter
run-2026-09-17-01,3bXiCStxP6Fgxdej$yc503,IFCCOVERING,NRC.EUI.ANNUAL,EnergyUseIntensity_kWh_per_m2_year,27.7,kWh/m2/yr,B6,Baseline,synthetic-generator-v1,0.5,type-base-x-hash-jitter
run-2026-09-17-01,3bXiCStxP6Fgxdej$yc50B,IFCCOVERING,NRC.EC.A1A3.TOTAL,EmbodiedCarbon_A1A3_kgCO2e,56.6,kgCO2e,A1-A3,Baseline,synthetic-generator-v1,0.5,type-base-x-hash-jitter
run-2026-09-17-01,3bXiCStxP6Fgxdej$yc50B,IFCCOVERING,NRC.EC.A1A5.TOTAL,EmbodiedCarbon_A1A5_kgCO2e,63.4,kgCO2e,A1-A5,Baseline,synthetic-generator-v1,0.5,type-base-x-hash-jitter
run-2026-09-17-01,3bXiCStxP6Fgxdej$yc50B,IFCCOVERING,NRC.OC.ANNUAL,OperationalCarbon_kgCO2e_per_year,95.5,kgCO2e/yr,B6,Baseline,synthetic-generator-v1,0.5,type-base-x-hash-jitter
run-2026-09-17-01,3bXiCStxP6Fgxdej$yc50B,IFCCOVERING,NRC.EUI.ANNUAL,EnergyUseIntensity_kWh_per_m2_year,28.8,kWh/m2/yr,B6,Baseline,synthetic-generator-v1,0.5,type-base-x-hash-jitter
run-2026-09-17-01,3bXiCStxP6Fgxdej$yc50U,IFCCOVERING,NRC.EC.A1A3.TOTAL,EmbodiedCarbon_A1A3_kgCO2e,65.7,kgCO2e,A1-A3,Baseline,synthetic-generator-v1,0.5,type-base-x-hash-jitter
run-2026-09-17-01,3bXiCStxP6Fgxdej$yc50U,IFCCOVERING,NRC.EC.A1A5.TOTAL,EmbodiedCarbon_A1A5_kgCO2e,73.6,kgCO2e,A1-A5,Baseline,synthetic-generator-v1,0.5,type-base-x-hash-jitter
run-2026-09-17-01,3bXiCStxP6Fgxdej$yc50U,IFCCOVERING,NRC.OC.ANNUAL,OperationalCarbon_kgCO2e_per_year,114.4,kgCO2e/yr,B6,Baseline,synthetic-generator-v1,0.5,type-base-x-hash-jitter
run-2026-09-17-01,3bXiCStxP6Fgxdej$yc50U,IFCCOVERING,NRC.EUI.ANNUAL,EnergyUseIntensity_kWh_per_m2_year,31.0,kWh/m2/yr,B6,Baseline,synthetic-generator-v1,0.5,type-base-x-hash-jitter
run-2026-09-17-01,3bXiCStxP6Fgxdej$yc50n,IFCCOVERING,NRC.EC.A1A3.TOTAL,EmbodiedCarbon_A1A3_kgCO2e,78.9,kgCO2e,A1-A3,Baseline,synthetic-generator-v1,0.5,type-base-x-hash-jitter
run-2026-09-17-01,3bXiCStxP6Fgxdej$yc50n,IFCCOVERING,NRC.EC.A1A5.TOTAL,EmbodiedCarbon_A1A5_kgCO2e,88.4,kgCO2e,A1-A5,Baseline,synthetic-generator-v1,0.5,type-base-x-hash-jitter
run-2026-09-17-01,3bXiCStxP6Fgxdej$yc50n,IFCCOVERING,NRC.OC.ANNUAL,OperationalCarbon_kgCO2e_per_year,48.9,kgCO2e/yr,B6,Baseline,synthetic-generator-v1,0.5,type-base-x-hash-jitter
run-2026-09-17-01,3bXiCStxP6Fgxdej$yc50n,IFCCOVERING,NRC.EUI.ANNUAL,EnergyUseIntensity_kWh_per_m2_year,24.2,kWh/m2/yr,B6,Baseline,synthetic-generator-v1,0.5,type-base-x-hash-jitter
run-2026-09-17-01,3bXiCStxP6Fgxdej$yc52o,IFCCOVERING,NRC.EC.A1A3.TOTAL,EmbodiedCarbon_A1A3_kgCO2e,58.5,kgCO2e,A1-A3,Baseline,synthetic-generator-v1,0.5,type-base-x-hash-jitter
run-2026-09-17-01,3bXiCStxP6Fgxdej$yc52o,IFCCOVERING,NRC.EC.A1A5.TOTAL,EmbodiedCarbon_A1A5_kgCO2e,65.5,kgCO2e,A1-A5,Baseline,synthetic-generator-v1,0.5,type-base-x-hash-jitter
run-2026-09-17-01,3bXiCStxP6Fgxdej$yc52o,IFCCOVERING,NRC.OC.ANNUAL,OperationalCarbon_kgCO2e_per_year,51.2,kgCO2e/yr,B6,Baseline,synthetic-generator-v1,0.5,type-base-x-hash-jitter
run-2026-09-17-01,3bXiCStxP6Fgxdej$yc52o,IFCCOVERING,NRC.EUI.ANNUAL,EnergyUseIntensity_kWh_per_m2_year,19.3,kWh/m2/yr,B6,Baseline,synthetic-generator-v1,0.5,type-base-x-hash-jitter
run-2026-09-17-01,3bXiCStxP6Fgxdej$yc554,IFCCOVERING,NRC.EC.A1A3.TOTAL,EmbodiedCarbon_A1A3_kgCO2e,56.7,kgCO2e,A1-A3,Baseline,synthetic-generator-v1,0.5,type-base-x-hash-jitter
run-2026-09-17-01,3bXiCStxP6Fgxdej$yc554,IFCCOVERING,NRC.EC.A1A5.TOTAL,EmbodiedCarbon_A1A5_kgCO2e,63.5,kgCO2e,A1-A5,Baseline,synthetic-generator-v1,0.5,type-base-x-hash-jitter
run-2026-09-17-01,3bXiCStxP6Fgxdej$yc554,IFCCOVERING,NRC.OC.ANNUAL,OperationalCarbon_kgCO2e_per_year,86.6,kgCO2e/yr,B6,Baseline,synthetic-generator-v1,0.5,type-base-x-hash-jitter
run-2026-09-17-01,3bXiCStxP6Fgxdej$yc554,IFCCOVERING,NRC.EUI.ANNUAL,EnergyUseIntensity_kWh_per_m2_year,17.7,kWh/m2/yr,B6,Baseline,synthetic-generator-v1,0.5,type-base-x-hash-jitter
run-2026-09-17-01,3bXiCStxP6Fgxdej$yc55E,IFCCOVERING,NRC.EC.A1A3.TOTAL,EmbodiedCarbon_A1A3_kgCO2e,61.9,kgCO2e,A1-A3,Baseline,synthetic-generator-v1,0.5,type-base-x-hash-jitter
run-2026-09-17-01,3bXiCStxP6Fgxdej$yc55E,IFCCOVERING,NRC.EC.A1A5.TOTAL,EmbodiedCarbon_A1A5_kgCO2e,69.3,kgCO2e,A1-A5,Baseline,synthetic-generator-v1,0.5,type-base-x-hash-jitter
run-2026-09-17-01,3bXiCStxP6Fgxdej$yc55E,IFCCOVERING,NRC.OC.ANNUAL,OperationalCarbon_kgCO2e_per_year,103.3,kgCO2e/yr,B6,Baseline,synthetic-generator-v1,0.5,type-base-x-hash-jitter
run-2026-09-17-01,3bXiCStxP6Fgxdej$yc55E,IFCCOVERING,NRC.EUI.ANNUAL,EnergyUseIntensity_kWh_per_m2_year,32.9,kWh/m2/yr,B6,Baseline,synthetic-generator-v1,0.5,type-base-x-hash-jitter
run-2026-09-17-01,3bXiCStxP6Fgxdej$yc55M,IFCCOVERING,NRC.EC.A1A3.TOTAL,EmbodiedCarbon_A1A3_kgCO2e,48.3,kgCO2e,A1-A3,Baseline,synthetic-generator-v1,0.5,type-base-x-hash-jitter
run-2026-09-17-01,3bXiCStxP6Fgxdej$yc55M,IFCCOVERING,NRC.EC.A1A5.TOTAL,EmbodiedCarbon_A1A5_kgCO2e,54.1,kgCO2e,A1-A5,Baseline,synthetic-generator-v1,0.5,type-base-x-hash-jitter
run-2026-09-17-01,3bXiCStxP6Fgxdej$yc55M,IFCCOVERING,NRC.OC.ANNUAL,OperationalCarbon_kgCO2e_per_year,111.1,kgCO2e/yr,B6,Baseline,synthetic-generator-v1,0.5,type-base-x-hash-jitter
run-2026-09-17-01,3bXiCStxP6Fgxdej$yc55M,IFCCOVERING,NRC.EUI.ANNUAL,EnergyUseIntensity_kWh_per_m2_year,36.0,kWh/m2/yr,B6,Baseline,synthetic-generator-v1,0.5,type-base-x-hash-jitter
run-2026-09-17-01,3bXiCStxP6Fgxdej$yc55U,IFCCOVERING,NRC.EC.A1A3.TOTAL,EmbodiedCarbon_A1A3_kgCO2e,82.3,kgCO2e,A1-A3,Baseline,synthetic-generator-v1,0.5,type-base-x-hash-jitter
run-2026-09-17-01,3bXiCStxP6Fgxdej$yc55U,IFCCOVERING,NRC.EC.A1A5.TOTAL,EmbodiedCarbon_A1A5_kgCO2e,92.2,kgCO2e,A1-A5,Baseline,synthetic-generator-v1,0.5,type-base-x-hash-jitter
run-2026-09-17-01,3bXiCStxP6Fgxdej$yc55U,IFCCOVERING,NRC.OC.ANNUAL,OperationalCarbon_kgCO2e_per_year,119.9,kgCO2e/yr,B6,Baseline,synthetic-generator-v1,0.5,type-base-x-hash-jitter
run-2026-09-17-01,3bXiCStxP6Fgxdej$yc55U,IFCCOVERING,NRC.EUI.ANNUAL,EnergyUseIntensity_kWh_per_m2_year,40.0,kWh/m2/yr,B6,Baseline,synthetic-generator-v1,0.5,type-base-x-hash-jitter
run-2026-09-17-01,3bXiCStxP6Fgxdej$yc55c,IFCCOVERING,NRC.EC.A1A3.TOTAL,EmbodiedCarbon_A1A3_kgCO2e,46.4,kgCO2e,A1-A3,Baseline,synthetic-generator-v1,0.5,type-base-x-hash-jitter
run-2026-09-17-01,3bXiCStxP6Fgxdej$yc55c,IFCCOVERING,NRC.EC.A1A5.TOTAL,EmbodiedCarbon_A1A5_kgCO2e,52.0,kgCO2e,A1-A5,Baseline,synthetic-generator-v1,0.5,type-base-x-hash-jitter
run-2026-09-17-01,3bXiCStxP6Fgxdej$yc55c,IFCCOVERING,NRC.OC.ANNUAL,OperationalCarbon_kgCO2e_per_year,42.3,kgCO2e/yr,B6,Baseline,synthetic-generator-v1,0.5,type-base-x-hash-jitter
run-2026-09-17-01,3bXiCStxP6Fgxdej$yc55c,IFCCOVERING,NRC.EUI.ANNUAL,EnergyUseIntensity_kWh_per_m2_year,34.2,kWh/m2/yr,B6,Baseline,synthetic-generator-v1,0.5,type-base-x-hash-jitter
run-2026-09-17-01,3bXiCStxP6Fgxdej$yc55k,IFCCOVERING,NRC.EC.A1A3.TOTAL,EmbodiedCarbon_A1A3_kgCO2e,49.2,kgCO2e,A1-A3,Baseline,synthetic-generator-v1,0.5,type-base-x-hash-jitter
run-2026-09-17-01,3bXiCStxP6Fgxdej$yc55k,IFCCOVERING,NRC.EC.A1A5.TOTAL,EmbodiedCarbon_A1A5_kgCO2e,55.1,kgCO2e,A1-A5,Baseline,synthetic-generator-v1,0.5,type-base-x-hash-jitter
run-2026-09-17-01,3bXiCStxP6Fgxdej$yc55k,IFCCOVERING,NRC.OC.ANNUAL,OperationalCarbon_kgCO2e_per_year,50.1,kgCO2e/yr,B6,Baseline,synthetic-generator-v1,0.5,type-base-x-hash-jitter
run-2026-09-17-01,3bXiCStxP6Fgxdej$yc55k,IFCCOVERING,NRC.EUI.ANNUAL,EnergyUseIntensity_kWh_per_m2_year,38.3,kWh/m2/yr,B6,Baseline,synthetic-generator-v1,0.5,type-base-x-hash-jitter
run-2026-09-17-01,3bXiCStxP6Fgxdej$yc55m,IFCCOVERING,NRC.EC.A1A3.TOTAL,EmbodiedCarbon_A1A3_kgCO2e,59.5,kgCO2e,A1-A3,Baseline,synthetic-generator-v1,0.5,type-base-x-hash-jitter
run-2026-09-17-01,3bXiCStxP6Fgxdej$yc55m,IFCCOVERING,NRC.EC.A1A5.TOTAL,EmbodiedCarbon_A1A5_kgCO2e,66.6,kgCO2e,A1-A5,Baseline,synthetic-generator-v1,0.5,type-base-x-hash-jitter
run-2026-09-17-01,3bXiCStxP6Fgxdej$yc55m,IFCCOVERING,NRC.OC.ANNUAL,OperationalCarbon_kgCO2e_per_year,52.3,kgCO2e/yr,B6,Baseline,synthetic-generator-v1,0.5,type-base-x-hash-jitter
run-2026-09-17-01,3bXiCStxP6Fgxdej$yc55m,IFCCOVERING,NRC.EUI.ANNUAL,EnergyUseIntensity_kWh_per_m2_year,26.3,kWh/m2/yr,B6,Baseline,synthetic-generator-v1,0.5,type-base-x-hash-jitter
run-2026-09-17-01,0iEHWY1$XA8eQeeULq4jZ1,IFCWALLSTANDARDCASE,NRC.EC.A1A3.TOTAL,EmbodiedCarbon_A1A3_kgCO2e,934.7,kgCO2e,A1-A3,Baseline,synthetic-generator-v1,0.5,type-base-x-hash-jitter
run-2026-09-17-01,0iEHWY1$XA8eQeeULq4jZ1,IFCWALLSTANDARDCASE,NRC.EC.A1A5.TOTAL,EmbodiedCarbon_A1A5_kgCO2e,1046.9,kgCO2e,A1-A5,Baseline,synthetic-generator-v1,0.5,type-base-x-hash-jitter
run-2026-09-17-01,0iEHWY1$XA8eQeeULq4jZ1,IFCWALLSTANDARDCASE,NRC.OC.ANNUAL,OperationalCarbon_kgCO2e_per_year,331.9,kgCO2e/yr,B6,Baseline,synthetic-generator-v1,0.5,type-base-x-hash-jitter
run-2026-09-17-01,0iEHWY1$XA8eQeeULq4jZ1,IFCWALLSTANDARDCASE,NRC.EUI.ANNUAL,EnergyUseIntensity_kWh_per_m2_year,72.1,kWh/m2/yr,B6,Baseline,synthetic-generator-v1,0.5,type-base-x-hash-jitter
run-2026-09-17-01,0iEHWY1$XA8eQeeULq4j_U,IFCWALLSTANDARDCASE,NRC.EC.A1A3.TOTAL,EmbodiedCarbon_A1A3_kgCO2e,661.6,kgCO2e,A1-A3,Baseline,synthetic-generator-v1,0.5,type-base-x-hash-jitter
run-2026-09-17-01,0iEHWY1$XA8eQeeULq4j_U,IFCWALLSTANDARDCASE,NRC.EC.A1A5.TOTAL,EmbodiedCarbon_A1A5_kgCO2e,741.0,kgCO2e,A1-A5,Baseline,synthetic-generator-v1,0.5,type-base-x-hash-jitter
run-2026-09-17-01,0iEHWY1$XA8eQeeULq4j_U,IFCWALLSTANDARDCASE,NRC.OC.ANNUAL,OperationalCarbon_kgCO2e_per_year,372.0,kgCO2e/yr,B6,Baseline,synthetic-generator-v1,0.5,type-base-x-hash-jitter
run-2026-09-17-01,0iEHWY1$XA8eQeeULq4j_U,IFCWALLSTANDARDCASE,NRC.EUI.ANNUAL,EnergyUseIntensity_kWh_per_m2_year,83.6,kWh/m2/yr,B6,Baseline,synthetic-generator-v1,0.5,type-base-x-hash-jitter
run-2026-09-17-01,0iEHWY1$XA8eQeeULq4jpl,IFCWALLSTANDARDCASE,NRC.EC.A1A3.TOTAL,EmbodiedCarbon_A1A3_kgCO2e,796.6,kgCO2e,A1-A3,Baseline,synthetic-generator-v1,0.5,type-base-x-hash-jitter
run-2026-09-17-01,0iEHWY1$XA8eQeeULq4jpl,IFCWALLSTANDARDCASE,NRC.EC.A1A5.TOTAL,EmbodiedCarbon_A1A5_kgCO2e,892.2,kgCO2e,A1-A5,Baseline,synthetic-generator-v1,0.5,type-base-x-hash-jitter
run-2026-09-17-01,0iEHWY1$XA8eQeeULq4jpl,IFCWALLSTANDARDCASE,NRC.OC.ANNUAL,OperationalCarbon_kgCO2e_per_year,412.0,kgCO2e/yr,B6,Baseline,synthetic-generator-v1,0.5,type-base-x-hash-jitter
run-2026-09-17-01,0iEHWY1$XA8eQeeULq4jpl,IFCWALLSTANDARDCASE,NRC.EUI.ANNUAL,EnergyUseIntensity_kWh_per_m2_year,87.0,kWh/m2/yr,B6,Baseline,synthetic-generator-v1,0.5,type-base-x-hash-jitter
run-2026-09-17-01,0iEHWY1$XA8eQeeULq4jDb,IFCWALLSTANDARDCASE,NRC.EC.A1A3.TOTAL,EmbodiedCarbon_A1A3_kgCO2e,709.1,kgCO2e,A1-A3,Baseline,synthetic-generator-v1,0.5,type-base-x-hash-jitter
run-2026-09-17-01,0iEHWY1$XA8eQeeULq4jDb,IFCWALLSTANDARDCASE,NRC.EC.A1A5.TOTAL,EmbodiedCarbon_A1A5_kgCO2e,794.2,kgCO2e,A1-A5,Baseline,synthetic-generator-v1,0.5,type-base-x-hash-jitter
run-2026-09-17-01,0iEHWY1$XA8eQeeULq4jDb,IFCWALLSTANDARDCASE,NRC.OC.ANNUAL,OperationalCarbon_kgCO2e_per_year,358.6,kgCO2e/yr,B6,Baseline,synthetic-generator-v1,0.5,type-base-x-hash-jitter
run-2026-09-17-01,0iEHWY1$XA8eQeeULq4jDb,IFCWALLSTANDARDCASE,NRC.EUI.ANNUAL,EnergyUseIntensity_kWh_per_m2_year,77.4,kWh/m2/yr,B6,Baseline,synthetic-generator-v1,0.5,type-base-x-hash-jitter
run-2026-09-17-01,0iEHWY1$XA8eQeeULq4jE6,IFCWALLSTANDARDCASE,NRC.EC.A1A3.TOTAL,EmbodiedCarbon_A1A3_kgCO2e,789.9,kgCO2e,A1-A3,Baseline,synthetic-generator-v1,0.5,type-base-x-hash-jitter
run-2026-09-17-01,0iEHWY1$XA8eQeeULq4jE6,IFCWALLSTANDARDCASE,NRC.EC.A1A5.TOTAL,EmbodiedCarbon_A1A5_kgCO2e,884.7,kgCO2e,A1-A5,Baseline,synthetic-generator-v1,0.5,type-base-x-hash-jitter
run-2026-09-17-01,0iEHWY1$XA8eQeeULq4jE6,IFCWALLSTANDARDCASE,NRC.OC.ANNUAL,OperationalCarbon_kgCO2e_per_year,315.3,kgCO2e/yr,B6,Baseline,synthetic-generator-v1,0.5,type-base-x-hash-jitter
run-2026-09-17-01,0iEHWY1$XA8eQeeULq4jE6,IFCWALLSTANDARDCASE,NRC.EUI.ANNUAL,EnergyUseIntensity_kWh_per_m2_year,52.0,kWh/m2/yr,B6,Baseline,synthetic-generator-v1,0.5,type-base-x-hash-jitter
run-2026-09-17-01,0iEHWY1$XA8eQeeULq4j7w,IFCFURNISHINGELEMENT,NRC.EC.A1A3.TOTAL,EmbodiedCarbon_A1A3_kgCO2e,33.9,kgCO2e,A1-A3,Baseline,synthetic-generator-v1,0.5,type-base-x-hash-jitter
run-2026-09-17-01,0iEHWY1$XA8eQeeULq4j7w,IFCFURNISHINGELEMENT,NRC.EC.A1A5.TOTAL,EmbodiedCarbon_A1A5_kgCO2e,38.0,kgCO2e,A1-A5,Baseline,synthetic-generator-v1,0.5,type-base-x-hash-jitter
run-2026-09-17-01,0iEHWY1$XA8eQeeULq4j7w,IFCFURNISHINGELEMENT,NRC.OC.ANNUAL,OperationalCarbon_kgCO2e_per_year,366.4,kgCO2e/yr,B6,Baseline,synthetic-generator-v1,0.5,type-base-x-hash-jitter
run-2026-09-17-01,0iEHWY1$XA8eQeeULq4j7w,IFCFURNISHINGELEMENT,NRC.EUI.ANNUAL,EnergyUseIntensity_kWh_per_m2_year,87.5,kWh/m2/yr,B6,Baseline,synthetic-generator-v1,0.5,type-base-x-hash-jitter
run-2026-09-17-01,0iEHWY1$XA8eQeeULq4jOM,IFCFURNISHINGELEMENT,NRC.EC.A1A3.TOTAL,EmbodiedCarbon_A1A3_kgCO2e,38.8,kgCO2e,A1-A3,Baseline,synthetic-generator-v1,0.5,type-base-x-hash-jitter
run-2026-09-17-01,0iEHWY1$XA8eQeeULq4jOM,IFCFURNISHINGELEMENT,NRC.EC.A1A5.TOTAL,EmbodiedCarbon_A1A5_kgCO2e,43.5,kgCO2e,A1-A5,Baseline,synthetic-generator-v1,0.5,type-base-x-hash-jitter
run-2026-09-17-01,0iEHWY1$XA8eQeeULq4jOM,IFCFURNISHINGELEMENT,NRC.OC.ANNUAL,OperationalCarbon_kgCO2e_per_year,348.6,kgCO2e/yr,B6,Baseline,synthetic-generator-v1,0.5,type-base-x-hash-jitter
run-2026-09-17-01,0iEHWY1$XA8eQeeULq4jOM,IFCFURNISHINGELEMENT,NRC.EUI.ANNUAL,EnergyUseIntensity_kWh_per_m2_year,53.3,kWh/m2/yr,B6,Baseline,synthetic-generator-v1,0.5,type-base-x-hash-jitter
run-2026-09-17-01,0iEHWY1$XA8eQeeULq4jQJ,IFCFURNISHINGELEMENT,NRC.EC.A1A3.TOTAL,EmbodiedCarbon_A1A3_kgCO2e,52.9,kgCO2e,A1-A3,Baseline,synthetic-generator-v1,0.5,type-base-x-hash-jitter
run-2026-09-17-01,0iEHWY1$XA8eQeeULq4jQJ,IFCFURNISHINGELEMENT,NRC.EC.A1A5.TOTAL,EmbodiedCarbon_A1A5_kgCO2e,59.2,kgCO2e,A1-A5,Baseline,synthetic-generator-v1,0.5,type-base-x-hash-jitter
run-2026-09-17-01,0iEHWY1$XA8eQeeULq4jQJ,IFCFURNISHINGELEMENT,NRC.OC.ANNUAL,OperationalCarbon_kgCO2e_per_year,347.5,kgCO2e/yr,B6,Baseline,synthetic-generator-v1,0.5,type-base-x-hash-jitter
run-2026-09-17-01,0iEHWY1$XA8eQeeULq4jQJ,IFCFURNISHINGELEMENT,NRC.EUI.ANNUAL,EnergyUseIntensity_kWh_per_m2_year,46.3,kWh/m2/yr,B6,Baseline,synthetic-generator-v1,0.5,type-base-x-hash-jitter
run-2026-09-17-01,0iEHWY1$XA8eQeeULq4jTB,IFCFURNISHINGELEMENT,NRC.EC.A1A3.TOTAL,EmbodiedCarbon_A1A3_kgCO2e,49.2,kgCO2e,A1-A3,Baseline,synthetic-generator-v1,0.5,type-base-x-hash-jitter
run-2026-09-17-01,0iEHWY1$XA8eQeeULq4jTB,IFCFURNISHINGELEMENT,NRC.EC.A1A5.TOTAL,EmbodiedCarbon_A1A5_kgCO2e,55.1,kgCO2e,A1-A5,Baseline,synthetic-generator-v1,0.5,type-base-x-hash-jitter
run-2026-09-17-01,0iEHWY1$XA8eQeeULq4jTB,IFCFURNISHINGELEMENT,NRC.OC.ANNUAL,OperationalCarbon_kgCO2e_per_year,342.0,kgCO2e/yr,B6,Baseline,synthetic-generator-v1,0.5,type-base-x-hash-jitter
run-2026-09-17-01,0iEHWY1$XA8eQeeULq4jTB,IFCFURNISHINGELEMENT,NRC.EUI.ANNUAL,EnergyUseIntensity_kWh_per_m2_year,57.3,kWh/m2/yr,B6,Baseline,synthetic-generator-v1,0.5,type-base-x-hash-jitter
run-2026-09-17-01,0iEHWY1$XA8eQeeULq4jJA,IFCFURNISHINGELEMENT,NRC.EC.A1A3.TOTAL,EmbodiedCarbon_A1A3_kgCO2e,32.3,kgCO2e,A1-A3,Baseline,synthetic-generator-v1,0.5,type-base-x-hash-jitter
run-2026-09-17-01,0iEHWY1$XA8eQeeULq4jJA,IFCFURNISHINGELEMENT,NRC.EC.A1A5.TOTAL,EmbodiedCarbon_A1A5_kgCO2e,36.2,kgCO2e,A1-A5,Baseline,synthetic-generator-v1,0.5,type-base-x-hash-jitter
run-2026-09-17-01,0iEHWY1$XA8eQeeULq4jJA,IFCFURNISHINGELEMENT,NRC.OC.ANNUAL,OperationalCarbon_kgCO2e_per_year,331.9,kgCO2e/yr,B6,Baseline,synthetic-generator-v1,0.5,type-base-x-hash-jitter
run-2026-09-17-01,0iEHWY1$XA8eQeeULq4jJA,IFCFURNISHINGELEMENT,NRC.EUI.ANNUAL,EnergyUseIntensity_kWh_per_m2_year,72.1,kWh/m2/yr,B6,Baseline,synthetic-generator-v1,0.5,type-base-x-hash-jitter
run-2026-09-17-01,0iEHWY1$XA8eQeeULq4jKO,IFCFURNISHINGELEMENT,NRC.EC.A1A3.TOTAL,EmbodiedCarbon_A1A3_kgCO2e,52.0,kgCO2e,A1-A3,Baseline,synthetic-generator-v1,0.5,type-base-x-hash-jitter
run-2026-09-17-01,0iEHWY1$XA8eQeeULq4jKO,IFCFURNISHINGELEMENT,NRC.EC.A1A5.TOTAL,EmbodiedCarbon_A1A5_kgCO2e,58.2,kgCO2e,A1-A5,Baseline,synthetic-generator-v1,0.5,type-base-x-hash-jitter
run-2026-09-17-01,0iEHWY1$XA8eQeeULq4jKO,IFCFURNISHINGELEMENT,NRC.OC.ANNUAL,OperationalCarbon_kgCO2e_per_year,346.4,kgCO2e/yr,B6,Baseline,synthetic-generator-v1,0.5,type-base-x-hash-jitter
run-2026-09-17-01,0iEHWY1$XA8eQeeULq4jKO,IFCFURNISHINGELEMENT,NRC.EUI.ANNUAL,EnergyUseIntensity_kWh_per_m2_year,85.3,kWh/m2/yr,B6,Baseline,synthetic-generator-v1,0.5,type-base-x-hash-jitter
run-2026-09-17-01,0iEHWY1$XA8eQeeULq4jMl,IFCFURNISHINGELEMENT,NRC.EC.A1A3.TOTAL,EmbodiedCarbon_A1A3_kgCO2e,42.3,kgCO2e,A1-A3,Baseline,synthetic-generator-v1,0.5,type-base-x-hash-jitter
run-2026-09-17-01,0iEHWY1$XA8eQeeULq4jMl,IFCFURNISHINGELEMENT,NRC.EC.A1A5.TOTAL,EmbodiedCarbon_A1A5_kgCO2e,47.4,kgCO2e,A1-A5,Baseline,synthetic-generator-v1,0.5,type-base-x-hash-jitter
run-2026-09-17-01,0iEHWY1$XA8eQeeULq4jMl,IFCFURNISHINGELEMENT,NRC.OC.ANNUAL,OperationalCarbon_kgCO2e_per_year,377.5,kgCO2e/yr,B6,Baseline,synthetic-generator-v1,0.5,type-base-x-hash-jitter
run-2026-09-17-01,0iEHWY1$XA8eQeeULq4jMl,IFCFURNISHINGELEMENT,NRC.EUI.ANNUAL,EnergyUseIntensity_kWh_per_m2_year,72.6,kWh/m2/yr,B6,Baseline,synthetic-generator-v1,0.5,type-base-x-hash-jitter
run-2026-09-17-01,0iEHWY1$XA8eQeeULq4ien,IFCFURNISHINGELEMENT,NRC.EC.A1A3.TOTAL,EmbodiedCarbon_A1A3_kgCO2e,43.1,kgCO2e,A1-A3,Baseline,synthetic-generator-v1,0.5,type-base-x-hash-jitter
run-2026-09-17-01,0iEHWY1$XA8eQeeULq4ien,IFCFURNISHINGELEMENT,NRC.EC.A1A5.TOTAL,EmbodiedCarbon_A1A5_kgCO2e,48.3,kgCO2e,A1-A5,Baseline,synthetic-generator-v1,0.5,type-base-x-hash-jitter
run-2026-09-17-01,0iEHWY1$XA8eQeeULq4ien,IFCFURNISHINGELEMENT,NRC.OC.ANNUAL,OperationalCarbon_kgCO2e_per_year,402.0,kgCO2e/yr,B6,Baseline,synthetic-generator-v1,0.5,type-base-x-hash-jitter
run-2026-09-17-01,0iEHWY1$XA8eQeeULq4ien,IFCFURNISHINGELEMENT,NRC.EUI.ANNUAL,EnergyUseIntensity_kWh_per_m2_year,63.9,kWh/m2/yr,B6,Baseline,synthetic-generator-v1,0.5,type-base-x-hash-jitter
run-2026-09-17-01,0dxE1Sy6nDqfpDb5vIMNiA,IFCWALLSTANDARDCASE,NRC.EC.A1A3.TOTAL,EmbodiedCarbon_A1A3_kgCO2e,888.8,kgCO2e,A1-A3,Baseline,synthetic-generator-v1,0.5,type-base-x-hash-jitter
run-2026-09-17-01,0dxE1Sy6nDqfpDb5vIMNiA,IFCWALLSTANDARDCASE,NRC.EC.A1A5.TOTAL,EmbodiedCarbon_A1A5_kgCO2e,995.5,kgCO2e,A1-A5,Baseline,synthetic-generator-v1,0.5,type-base-x-hash-jitter
run-2026-09-17-01,0dxE1Sy6nDqfpDb5vIMNiA,IFCWALLSTANDARDCASE,NRC.OC.ANNUAL,OperationalCarbon_kgCO2e_per_year,295.4,kgCO2e/yr,B6,Baseline,synthetic-generator-v1,0.5,type-base-x-hash-jitter
run-2026-09-17-01,0dxE1Sy6nDqfpDb5vIMNiA,IFCWALLSTANDARDCASE,NRC.EUI.ANNUAL,EnergyUseIntensity_kWh_per_m2_year,77.8,kWh/m2/yr,B6,Baseline,synthetic-generator-v1,0.5,type-base-x-hash-jitter
run-2026-09-17-01,0dxE1Sy6nDqfpDb5vIMN_Z,IFCWALLSTANDARDCASE,NRC.EC.A1A3.TOTAL,EmbodiedCarbon_A1A3_kgCO2e,875.1,kgCO2e,A1-A3,Baseline,synthetic-generator-v1,0.5,type-base-x-hash-jitter
run-2026-09-17-01,0dxE1Sy6nDqfpDb5vIMN_Z,IFCWALLSTANDARDCASE,NRC.EC.A1A5.TOTAL,EmbodiedCarbon_A1A5_kgCO2e,980.1,kgCO2e,A1-A5,Baseline,synthetic-generator-v1,0.5,type-base-x-hash-jitter
run-2026-09-17-01,0dxE1Sy6nDqfpDb5vIMN_Z,IFCWALLSTANDARDCASE,NRC.OC.ANNUAL,OperationalCarbon_kgCO2e_per_year,310.9,kgCO2e/yr,B6,Baseline,synthetic-generator-v1,0.5,type-base-x-hash-jitter
run-2026-09-17-01,0dxE1Sy6nDqfpDb5vIMN_Z,IFCWALLSTANDARDCASE,NRC.EUI.ANNUAL,EnergyUseIntensity_kWh_per_m2_year,90.9,kWh/m2/yr,B6,Baseline,synthetic-generator-v1,0.5,type-base-x-hash-jitter
run-2026-09-17-01,3KMJUyUe9DfQ2FOCd5ZoiN,IFCSTAIRFLIGHT,NRC.EC.A1A3.TOTAL,EmbodiedCarbon_A1A3_kgCO2e,282.6,kgCO2e,A1-A3,Baseline,synthetic-generator-v1,0.5,type-base-x-hash-jitter
run-2026-09-17-01,3KMJUyUe9DfQ2FOCd5ZoiN,IFCSTAIRFLIGHT,NRC.EC.A1A5.TOTAL,EmbodiedCarbon_A1A5_kgCO2e,316.5,kgCO2e,A1-A5,Baseline,synthetic-generator-v1,0.5,type-base-x-hash-jitter
run-2026-09-17-01,3KMJUyUe9DfQ2FOCd5ZoiN,IFCSTAIRFLIGHT,NRC.OC.ANNUAL,OperationalCarbon_kgCO2e_per_year,143.0,kgCO2e/yr,B6,Baseline,synthetic-generator-v1,0.5,type-base-x-hash-jitter
run-2026-09-17-01,3KMJUyUe9DfQ2FOCd5ZoiN,IFCSTAIRFLIGHT,NRC.EUI.ANNUAL,EnergyUseIntensity_kWh_per_m2_year,26.8,kWh/m2/yr,B6,Baseline,synthetic-generator-v1,0.5,type-base-x-hash-jitter
run-2026-09-17-01,01KzA4SPn5IOODwLEb5RNY,IFCMEMBER,NRC.EC.A1A3.TOTAL,EmbodiedCarbon_A1A3_kgCO2e,128.7,kgCO2e,A1-A3,Baseline,synthetic-generator-v1,0.5,type-base-x-hash-jitter
run-2026-09-17-01,01KzA4SPn5IOODwLEb5RNY,IFCMEMBER,NRC.EC.A1A5.TOTAL,EmbodiedCarbon_A1A5_kgCO2e,144.1,kgCO2e,A1-A5,Baseline,synthetic-generator-v1,0.5,type-base-x-hash-jitter
run-2026-09-17-01,01KzA4SPn5IOODwLEb5RNY,IFCMEMBER,NRC.OC.ANNUAL,OperationalCarbon_kgCO2e_per_year,164.0,kgCO2e/yr,B6,Baseline,synthetic-generator-v1,0.5,type-base-x-hash-jitter
run-2026-09-17-01,01KzA4SPn5IOODwLEb5RNY,IFCMEMBER,NRC.EUI.ANNUAL,EnergyUseIntensity_kWh_per_m2_year,38.0,kWh/m2/yr,B6,Baseline,synthetic-generator-v1,0.5,type-base-x-hash-jitter
run-2026-09-17-01,37Fy90kSD2PvviizyM7EKl,IFCMEMBER,NRC.EC.A1A3.TOTAL,EmbodiedCarbon_A1A3_kgCO2e,132.6,kgCO2e,A1-A3,Baseline,synthetic-generator-v1,0.5,type-base-x-hash-jitter
run-2026-09-17-01,37Fy90kSD2PvviizyM7EKl,IFCMEMBER,NRC.EC.A1A5.TOTAL,EmbodiedCarbon_A1A5_kgCO2e,148.5,kgCO2e,A1-A5,Baseline,synthetic-generator-v1,0.5,type-base-x-hash-jitter
run-2026-09-17-01,37Fy90kSD2PvviizyM7EKl,IFCMEMBER,NRC.OC.ANNUAL,OperationalCarbon_kgCO2e_per_year,125.3,kgCO2e/yr,B6,Baseline,synthetic-generator-v1,0.5,type-base-x-hash-jitter
run-2026-09-17-01,37Fy90kSD2PvviizyM7EKl,IFCMEMBER,NRC.EUI.ANNUAL,EnergyUseIntensity_kWh_per_m2_year,35.6,kWh/m2/yr,B6,Baseline,synthetic-generator-v1,0.5,type-base-x-hash-jitter
run-2026-09-17-01,21ldoMpbP4VfsJ0XGY_34d,IFCSTAIR,NRC.EC.A1A3.TOTAL,EmbodiedCarbon_A1A3_kgCO2e,601.1,kgCO2e,A1-A3,Baseline,synthetic-generator-v1,0.5,type-base-x-hash-jitter
run-2026-09-17-01,21ldoMpbP4VfsJ0XGY_34d,IFCSTAIR,NRC.EC.A1A5.TOTAL,EmbodiedCarbon_A1A5_kgCO2e,673.2,kgCO2e,A1-A5,Baseline,synthetic-generator-v1,0.5,type-base-x-hash-jitter
run-2026-09-17-01,21ldoMpbP4VfsJ0XGY_34d,IFCSTAIR,NRC.OC.ANNUAL,OperationalCarbon_kgCO2e_per_year,171.8,kgCO2e/yr,B6,Baseline,synthetic-generator-v1,0.5,type-base-x-hash-jitter
run-2026-09-17-01,21ldoMpbP4VfsJ0XGY_34d,IFCSTAIR,NRC.EUI.ANNUAL,EnergyUseIntensity_kWh_per_m2_year,40.0,kWh/m2/yr,B6,Baseline,synthetic-generator-v1,0.5,type-base-x-hash-jitter
run-2026-09-17-01,21ldoMpbP4VfsJ0XGY_34P,IFCRAILING,NRC.EC.A1A3.TOTAL,EmbodiedCarbon_A1A3_kgCO2e,51.5,kgCO2e,A1-A3,Baseline,synthetic-generator-v1,0.5,type-base-x-hash-jitter
run-2026-09-17-01,21ldoMpbP4VfsJ0XGY_34P,IFCRAILING,NRC.EC.A1A5.TOTAL,EmbodiedCarbon_A1A5_kgCO2e,57.7,kgCO2e,A1-A5,Baseline,synthetic-generator-v1,0.5,type-base-x-hash-jitter
run-2026-09-17-01,21ldoMpbP4VfsJ0XGY_34P,IFCRAILING,NRC.OC.ANNUAL,OperationalCarbon_kgCO2e_per_year,23.8,kgCO2e/yr,B6,Baseline,synthetic-generator-v1,0.5,type-base-x-hash-jitter
run-2026-09-17-01,21ldoMpbP4VfsJ0XGY_34P,IFCRAILING,NRC.EUI.ANNUAL,EnergyUseIntensity_kWh_per_m2_year,14.8,kWh/m2/yr,B6,Baseline,synthetic-generator-v1,0.5,type-base-x-hash-jitter
run-2026-09-17-01,21ldoMpbP4VfsJ0XGY_335,IFCRAILING,NRC.EC.A1A3.TOTAL,EmbodiedCarbon_A1A3_kgCO2e,77.3,kgCO2e,A1-A3,Baseline,synthetic-generator-v1,0.5,type-base-x-hash-jitter
run-2026-09-17-01,21ldoMpbP4VfsJ0XGY_335,IFCRAILING,NRC.EC.A1A5.TOTAL,EmbodiedCarbon_A1A5_kgCO2e,86.6,kgCO2e,A1-A5,Baseline,synthetic-generator-v1,0.5,type-base-x-hash-jitter
run-2026-09-17-01,21ldoMpbP4VfsJ0XGY_335,IFCRAILING,NRC.OC.ANNUAL,OperationalCarbon_kgCO2e_per_year,46.0,kgCO2e/yr,B6,Baseline,synthetic-generator-v1,0.5,type-base-x-hash-jitter
run-2026-09-17-01,21ldoMpbP4VfsJ0XGY_335,IFCRAILING,NRC.EUI.ANNUAL,EnergyUseIntensity_kWh_per_m2_year,13.6,kWh/m2/yr,B6,Baseline,synthetic-generator-v1,0.5,type-base-x-hash-jitter
run-2026-09-17-01,1aj$VJZFn2TxepZUBcKpvt,IFCWALLSTANDARDCASE,NRC.EC.A1A3.TOTAL,EmbodiedCarbon_A1A3_kgCO2e,718.0,kgCO2e,A1-A3,Baseline,synthetic-generator-v1,0.5,type-base-x-hash-jitter
run-2026-09-17-01,1aj$VJZFn2TxepZUBcKpvt,IFCWALLSTANDARDCASE,NRC.EC.A1A5.TOTAL,EmbodiedCarbon_A1A5_kgCO2e,804.2,kgCO2e,A1-A5,Baseline,synthetic-generator-v1,0.5,type-base-x-hash-jitter
run-2026-09-17-01,1aj$VJZFn2TxepZUBcKpvt,IFCWALLSTANDARDCASE,NRC.OC.ANNUAL,OperationalCarbon_kgCO2e_per_year,357.6,kgCO2e/yr,B6,Baseline,synthetic-generator-v1,0.5,type-base-x-hash-jitter
run-2026-09-17-01,1aj$VJZFn2TxepZUBcKpvt,IFCWALLSTANDARDCASE,NRC.EUI.ANNUAL,EnergyUseIntensity_kWh_per_m2_year,51.4,kWh/m2/yr,B6,Baseline,synthetic-generator-v1,0.5,type-base-x-hash-jitter
run-2026-09-17-01,1aj$VJZFn2TxepZUBcKp$i,IFCDOOR,NRC.EC.A1A3.TOTAL,EmbodiedCarbon_A1A3_kgCO2e,83.4,kgCO2e,A1-A3,Baseline,synthetic-generator-v1,0.5,type-base-x-hash-jitter
run-2026-09-17-01,1aj$VJZFn2TxepZUBcKp$i,IFCDOOR,NRC.EC.A1A5.TOTAL,EmbodiedCarbon_A1A5_kgCO2e,93.4,kgCO2e,A1-A5,Baseline,synthetic-generator-v1,0.5,type-base-x-hash-jitter
run-2026-09-17-01,1aj$VJZFn2TxepZUBcKp$i,IFCDOOR,NRC.OC.ANNUAL,OperationalCarbon_kgCO2e_per_year,117.3,kgCO2e/yr,B6,Baseline,synthetic-generator-v1,0.5,type-base-x-hash-jitter
run-2026-09-17-01,1aj$VJZFn2TxepZUBcKp$i,IFCDOOR,NRC.EUI.ANNUAL,EnergyUseIntensity_kWh_per_m2_year,28.5,kWh/m2/yr,B6,Baseline,synthetic-generator-v1,0.5,type-base-x-hash-jitter
run-2026-09-17-01,1aj$VJZFn2TxepZUBcKpZw,IFCWALLSTANDARDCASE,NRC.EC.A1A3.TOTAL,EmbodiedCarbon_A1A3_kgCO2e,578.2,kgCO2e,A1-A3,Baseline,synthetic-generator-v1,0.5,type-base-x-hash-jitter
run-2026-09-17-01,1aj$VJZFn2TxepZUBcKpZw,IFCWALLSTANDARDCASE,NRC.EC.A1A5.TOTAL,EmbodiedCarbon_A1A5_kgCO2e,647.6,kgCO2e,A1-A5,Baseline,synthetic-generator-v1,0.5,type-base-x-hash-jitter
run-2026-09-17-01,1aj$VJZFn2TxepZUBcKpZw,IFCWALLSTANDARDCASE,NRC.OC.ANNUAL,OperationalCarbon_kgCO2e_per_year,332.1,kgCO2e/yr,B6,Baseline,synthetic-generator-v1,0.5,type-base-x-hash-jitter
run-2026-09-17-01,1aj$VJZFn2TxepZUBcKpZw,IFCWALLSTANDARDCASE,NRC.EUI.ANNUAL,EnergyUseIntensity_kWh_per_m2_year,60.2,kWh/m2/yr,B6,Baseline,synthetic-generator-v1,0.5,type-base-x-hash-jitter
run-2026-09-17-01,1aj$VJZFn2TxepZUBcKpac,IFCDOOR,NRC.EC.A1A3.TOTAL,EmbodiedCarbon_A1A3_kgCO2e,122.7,kgCO2e,A1-A3,Baseline,synthetic-generator-v1,0.5,type-base-x-hash-jitter
run-2026-09-17-01,1aj$VJZFn2TxepZUBcKpac,IFCDOOR,NRC.EC.A1A5.TOTAL,EmbodiedCarbon_A1A5_kgCO2e,137.4,kgCO2e,A1-A5,Baseline,synthetic-generator-v1,0.5,type-base-x-hash-jitter
run-2026-09-17-01,1aj$VJZFn2TxepZUBcKpac,IFCDOOR,NRC.OC.ANNUAL,OperationalCarbon_kgCO2e_per_year,61.8,kgCO2e/yr,B6,Baseline,synthetic-generator-v1,0.5,type-base-x-hash-jitter
run-2026-09-17-01,1aj$VJZFn2TxepZUBcKpac,IFCDOOR,NRC.EUI.ANNUAL,EnergyUseIntensity_kWh_per_m2_year,41.0,kWh/m2/yr,B6,Baseline,synthetic-generator-v1,0.5,type-base-x-hash-jitter
run-2026-09-17-01,1aj$VJZFn2TxepZUBcKpee,IFCWALLSTANDARDCASE,NRC.EC.A1A3.TOTAL,EmbodiedCarbon_A1A3_kgCO2e,1036.5,kgCO2e,A1-A3,Baseline,synthetic-generator-v1,0.5,type-base-x-hash-jitter
run-2026-09-17-01,1aj$VJZFn2TxepZUBcKpee,IFCWALLSTANDARDCASE,NRC.EC.A1A5.TOTAL,EmbodiedCarbon_A1A5_kgCO2e,1160.9,kgCO2e,A1-A5,Baseline,synthetic-generator-v1,0.5,type-base-x-hash-jitter
run-2026-09-17-01,1aj$VJZFn2TxepZUBcKpee,IFCWALLSTANDARDCASE,NRC.OC.ANNUAL,OperationalCarbon_kgCO2e_per_year,325.4,kgCO2e/yr,B6,Baseline,synthetic-generator-v1,0.5,type-base-x-hash-jitter
run-2026-09-17-01,1aj$VJZFn2TxepZUBcKpee,IFCWALLSTANDARDCASE,NRC.EUI.ANNUAL,EnergyUseIntensity_kWh_per_m2_year,57.1,kWh/m2/yr,B6,Baseline,synthetic-generator-v1,0.5,type-base-x-hash-jitter
run-2026-09-17-01,1aj$VJZFn2TxepZUBcKphf,IFCWALLSTANDARDCASE,NRC.EC.A1A3.TOTAL,EmbodiedCarbon_A1A3_kgCO2e,764.9,kgCO2e,A1-A3,Baseline,synthetic-generator-v1,0.5,type-base-x-hash-jitter
run-2026-09-17-01,1aj$VJZFn2TxepZUBcKphf,IFCWALLSTANDARDCASE,NRC.EC.A1A5.TOTAL,EmbodiedCarbon_A1A5_kgCO2e,856.7,kgCO2e,A1-A5,Baseline,synthetic-generator-v1,0.5,type-base-x-hash-jitter
run-2026-09-17-01,1aj$VJZFn2TxepZUBcKphf,IFCWALLSTANDARDCASE,NRC.OC.ANNUAL,OperationalCarbon_kgCO2e_per_year,329.8,kgCO2e/yr,B6,Baseline,synthetic-generator-v1,0.5,type-base-x-hash-jitter
run-2026-09-17-01,1aj$VJZFn2TxepZUBcKphf,IFCWALLSTANDARDCASE,NRC.EUI.ANNUAL,EnergyUseIntensity_kWh_per_m2_year,85.1,kWh/m2/yr,B6,Baseline,synthetic-generator-v1,0.5,type-base-x-hash-jitter
run-2026-09-17-01,2gRXFgjRn2HPE$YoDLX0mp,IFCFURNISHINGELEMENT,NRC.EC.A1A3.TOTAL,EmbodiedCarbon_A1A3_kgCO2e,47.7,kgCO2e,A1-A3,Baseline,synthetic-generator-v1,0.5,type-base-x-hash-jitter
run-2026-09-17-01,2gRXFgjRn2HPE$YoDLX0mp,IFCFURNISHINGELEMENT,NRC.EC.A1A5.TOTAL,EmbodiedCarbon_A1A5_kgCO2e,53.4,kgCO2e,A1-A5,Baseline,synthetic-generator-v1,0.5,type-base-x-hash-jitter
run-2026-09-17-01,2gRXFgjRn2HPE$YoDLX0mp,IFCFURNISHINGELEMENT,NRC.OC.ANNUAL,OperationalCarbon_kgCO2e_per_year,14.2,kgCO2e/yr,B6,Baseline,synthetic-generator-v1,0.5,type-base-x-hash-jitter
run-2026-09-17-01,2gRXFgjRn2HPE$YoDLX0mp,IFCFURNISHINGELEMENT,NRC.EUI.ANNUAL,EnergyUseIntensity_kWh_per_m2_year,11.0,kWh/m2/yr,B6,Baseline,synthetic-generator-v1,0.5,type-base-x-hash-jitter
run-2026-09-17-01,2gRXFgjRn2HPE$YoDLX0q2,IFCFURNISHINGELEMENT,NRC.EC.A1A3.TOTAL,EmbodiedCarbon_A1A3_kgCO2e,47.1,kgCO2e,A1-A3,Baseline,synthetic-generator-v1,0.5,type-base-x-hash-jitter
run-2026-09-17-01,2gRXFgjRn2HPE$YoDLX0q2,IFCFURNISHINGELEMENT,NRC.EC.A1A5.TOTAL,EmbodiedCarbon_A1A5_kgCO2e,52.8,kgCO2e,A1-A5,Baseline,synthetic-generator-v1,0.5,type-base-x-hash-jitter
run-2026-09-17-01,2gRXFgjRn2HPE$YoDLX0q2,IFCFURNISHINGELEMENT,NRC.OC.ANNUAL,OperationalCarbon_kgCO2e_per_year,18.4,kgCO2e/yr,B6,Baseline,synthetic-generator-v1,0.5,type-base-x-hash-jitter
run-2026-09-17-01,2gRXFgjRn2HPE$YoDLX0q2,IFCFURNISHINGELEMENT,NRC.EUI.ANNUAL,EnergyUseIntensity_kWh_per_m2_year,5.4,kWh/m2/yr,B6,Baseline,synthetic-generator-v1,0.5,type-base-x-hash-jitter
run-2026-09-17-01,2gRXFgjRn2HPE$YoDLX0rb,IFCFURNISHINGELEMENT,NRC.EC.A1A3.TOTAL,EmbodiedCarbon_A1A3_kgCO2e,39.8,kgCO2e,A1-A3,Baseline,synthetic-generator-v1,0.5,type-base-x-hash-jitter
run-2026-09-17-01,2gRXFgjRn2HPE$YoDLX0rb,IFCFURNISHINGELEMENT,NRC.EC.A1A5.TOTAL,EmbodiedCarbon_A1A5_kgCO2e,44.6,kgCO2e,A1-A5,Baseline,synthetic-generator-v1,0.5,type-base-x-hash-jitter
run-2026-09-17-01,2gRXFgjRn2HPE$YoDLX0rb,IFCFURNISHINGELEMENT,NRC.OC.ANNUAL,OperationalCarbon_kgCO2e_per_year,36.3,kgCO2e/yr,B6,Baseline,synthetic-generator-v1,0.5,type-base-x-hash-jitter
run-2026-09-17-01,2gRXFgjRn2HPE$YoDLX0rb,IFCFURNISHINGELEMENT,NRC.EUI.ANNUAL,EnergyUseIntensity_kWh_per_m2_year,12.9,kWh/m2/yr,B6,Baseline,synthetic-generator-v1,0.5,type-base-x-hash-jitter
run-2026-09-17-01,2gRXFgjRn2HPE$YoDLX0ra,IFCFURNISHINGELEMENT,NRC.EC.A1A3.TOTAL,EmbodiedCarbon_A1A3_kgCO2e,39.0,kgCO2e,A1-A3,Baseline,synthetic-generator-v1,0.5,type-base-x-hash-jitter
run-2026-09-17-01,2gRXFgjRn2HPE$YoDLX0ra,IFCFURNISHINGELEMENT,NRC.EC.A1A5.TOTAL,EmbodiedCarbon_A1A5_kgCO2e,43.7,kgCO2e,A1-A5,Baseline,synthetic-generator-v1,0.5,type-base-x-hash-jitter
run-2026-09-17-01,2gRXFgjRn2HPE$YoDLX0ra,IFCFURNISHINGELEMENT,NRC.OC.ANNUAL,OperationalCarbon_kgCO2e_per_year,35.2,kgCO2e/yr,B6,Baseline,synthetic-generator-v1,0.5,type-base-x-hash-jitter
run-2026-09-17-01,2gRXFgjRn2HPE$YoDLX0ra,IFCFURNISHINGELEMENT,NRC.EUI.ANNUAL,EnergyUseIntensity_kWh_per_m2_year,5.9,kWh/m2/yr,B6,Baseline,synthetic-generator-v1,0.5,type-base-x-hash-jitter
run-2026-09-17-01,2gRXFgjRn2HPE$YoDLX0vP,IFCFURNISHINGELEMENT,NRC.EC.A1A3.TOTAL,EmbodiedCarbon_A1A3_kgCO2e,35.6,kgCO2e,A1-A3,Baseline,synthetic-generator-v1,0.5,type-base-x-hash-jitter
run-2026-09-17-01,2gRXFgjRn2HPE$YoDLX0vP,IFCFURNISHINGELEMENT,NRC.EC.A1A5.TOTAL,EmbodiedCarbon_A1A5_kgCO2e,39.9,kgCO2e,A1-A5,Baseline,synthetic-generator-v1,0.5,type-base-x-hash-jitter
run-2026-09-17-01,2gRXFgjRn2HPE$YoDLX0vP,IFCFURNISHINGELEMENT,NRC.OC.ANNUAL,OperationalCarbon_kgCO2e_per_year,22.9,kgCO2e/yr,B6,Baseline,synthetic-generator-v1,0.5,type-base-x-hash-jitter
run-2026-09-17-01,2gRXFgjRn2HPE$YoDLX0vP,IFCFURNISHINGELEMENT,NRC.EUI.ANNUAL,EnergyUseIntensity_kWh_per_m2_year,10.7,kWh/m2/yr,B6,Baseline,synthetic-generator-v1,0.5,type-base-x-hash-jitter
run-2026-09-17-01,2kvhekJrnDjRw0CDkKW$UD,IFCFURNISHINGELEMENT,NRC.EC.A1A3.TOTAL,EmbodiedCarbon_A1A3_kgCO2e,46.0,kgCO2e,A1-A3,Baseline,synthetic-generator-v1,0.5,type-base-x-hash-jitter
run-2026-09-17-01,2kvhekJrnDjRw0CDkKW$UD,IFCFURNISHINGELEMENT,NRC.EC.A1A5.TOTAL,EmbodiedCarbon_A1A5_kgCO2e,51.5,kgCO2e,A1-A5,Baseline,synthetic-generator-v1,0.5,type-base-x-hash-jitter
run-2026-09-17-01,2kvhekJrnDjRw0CDkKW$UD,IFCFURNISHINGELEMENT,NRC.OC.ANNUAL,OperationalCarbon_kgCO2e_per_year,54.1,kgCO2e/yr,B6,Baseline,synthetic-generator-v1,0.5,type-base-x-hash-jitter
run-2026-09-17-01,2kvhekJrnDjRw0CDkKW$UD,IFCFURNISHINGELEMENT,NRC.EUI.ANNUAL,EnergyUseIntensity_kWh_per_m2_year,23.0,kWh/m2/yr,B6,Baseline,synthetic-generator-v1,0.5,type-base-x-hash-jitter
run-2026-09-17-01,2kvhekJrnDjRw0CDkKW$JW,IFCFURNISHINGELEMENT,NRC.EC.A1A3.TOTAL,EmbodiedCarbon_A1A3_kgCO2e,41.0,kgCO2e,A1-A3,Baseline,synthetic-generator-v1,0.5,type-base-x-hash-jitter
run-2026-09-17-01,2kvhekJrnDjRw0CDkKW$JW,IFCFURNISHINGELEMENT,NRC.EC.A1A5.TOTAL,EmbodiedCarbon_A1A5_kgCO2e,45.9,kgCO2e,A1-A5,Baseline,synthetic-generator-v1,0.5,type-base-x-hash-jitter
run-2026-09-17-01,2kvhekJrnDjRw0CDkKW$JW,IFCFURNISHINGELEMENT,NRC.OC.ANNUAL,OperationalCarbon_kgCO2e_per_year,62.9,kgCO2e/yr,B6,Baseline,synthetic-generator-v1,0.5,type-base-x-hash-jitter
run-2026-09-17-01,2kvhekJrnDjRw0CDkKW$JW,IFCFURNISHINGELEMENT,NRC.EUI.ANNUAL,EnergyUseIntensity_kWh_per_m2_year,17.0,kWh/m2/yr,B6,Baseline,synthetic-generator-v1,0.5,type-base-x-hash-jitter
run-2026-09-17-01,2kvhekJrnDjRw0CDkKW$KL,IFCFURNISHINGELEMENT,NRC.EC.A1A3.TOTAL,EmbodiedCarbon_A1A3_kgCO2e,41.3,kgCO2e,A1-A3,Baseline,synthetic-generator-v1,0.5,type-base-x-hash-jitter
run-2026-09-17-01,2kvhekJrnDjRw0CDkKW$KL,IFCFURNISHINGELEMENT,NRC.EC.A1A5.TOTAL,EmbodiedCarbon_A1A5_kgCO2e,46.3,kgCO2e,A1-A5,Baseline,synthetic-generator-v1,0.5,type-base-x-hash-jitter
run-2026-09-17-01,2kvhekJrnDjRw0CDkKW$KL,IFCFURNISHINGELEMENT,NRC.OC.ANNUAL,OperationalCarbon_kgCO2e_per_year,52.9,kgCO2e/yr,B6,Baseline,synthetic-generator-v1,0.5,type-base-x-hash-jitter
run-2026-09-17-01,2kvhekJrnDjRw0CDkKW$KL,IFCFURNISHINGELEMENT,NRC.EUI.ANNUAL,EnergyUseIntensity_kWh_per_m2_year,40.9,kWh/m2/yr,B6,Baseline,synthetic-generator-v1,0.5,type-base-x-hash-jitter
run-2026-09-17-01,2kvhekJrnDjRw0CDkKW$fQ,IFCFURNISHINGELEMENT,NRC.EC.A1A3.TOTAL,EmbodiedCarbon_A1A3_kgCO2e,37.1,kgCO2e,A1-A3,Baseline,synthetic-generator-v1,0.5,type-base-x-hash-jitter
run-2026-09-17-01,2kvhekJrnDjRw0CDkKW$fQ,IFCFURNISHINGELEMENT,NRC.EC.A1A5.TOTAL,EmbodiedCarbon_A1A5_kgCO2e,41.6,kgCO2e,A1-A5,Baseline,synthetic-generator-v1,0.5,type-base-x-hash-jitter
run-2026-09-17-01,2kvhekJrnDjRw0CDkKW$fQ,IFCFURNISHINGELEMENT,NRC.OC.ANNUAL,OperationalCarbon_kgCO2e_per_year,84.1,kgCO2e/yr,B6,Baseline,synthetic-generator-v1,0.5,type-base-x-hash-jitter
run-2026-09-17-01,2kvhekJrnDjRw0CDkKW$fQ,IFCFURNISHINGELEMENT,NRC.EUI.ANNUAL,EnergyUseIntensity_kWh_per_m2_year,16.3,kWh/m2/yr,B6,Baseline,synthetic-generator-v1,0.5,type-base-x-hash-jitter
run-2026-09-17-01,2OrWItJ6zAwBNp0OUxK_l8,IFCBEAM,NRC.EC.A1A3.TOTAL,EmbodiedCarbon_A1A3_kgCO2e,277.6,kgCO2e,A1-A3,Baseline,synthetic-generator-v1,0.5,type-base-x-hash-jitter
run-2026-09-17-01,2OrWItJ6zAwBNp0OUxK_l8,IFCBEAM,NRC.EC.A1A5.TOTAL,EmbodiedCarbon_A1A5_kgCO2e,310.9,kgCO2e,A1-A5,Baseline,synthetic-generator-v1,0.5,type-base-x-hash-jitter
run-2026-09-17-01,2OrWItJ6zAwBNp0OUxK_l8,IFCBEAM,NRC.OC.ANNUAL,OperationalCarbon_kgCO2e_per_year,139.5,kgCO2e/yr,B6,Baseline,synthetic-generator-v1,0.5,type-base-x-hash-jitter
run-2026-09-17-01,2OrWItJ6zAwBNp0OUxK_l8,IFCBEAM,NRC.EUI.ANNUAL,EnergyUseIntensity_kWh_per_m2_year,27.7,kWh/m2/yr,B6,Baseline,synthetic-generator-v1,0.5,type-base-x-hash-jitter
run-2026-09-17-01,2OrWItJ6zAwBNp0OUxK$8W,IFCBEAM,NRC.EC.A1A3.TOTAL,EmbodiedCarbon_A1A3_kgCO2e,243.1,kgCO2e,A1-A3,Baseline,synthetic-generator-v1,0.5,type-base-x-hash-jitter
run-2026-09-17-01,2OrWItJ6zAwBNp0OUxK$8W,IFCBEAM,NRC.EC.A1A5.TOTAL,EmbodiedCarbon_A1A5_kgCO2e,272.3,kgCO2e,A1-A5,Baseline,synthetic-generator-v1,0.5,type-base-x-hash-jitter
run-2026-09-17-01,2OrWItJ6zAwBNp0OUxK$8W,IFCBEAM,NRC.OC.ANNUAL,OperationalCarbon_kgCO2e_per_year,59.5,kgCO2e/yr,B6,Baseline,synthetic-generator-v1,0.5,type-base-x-hash-jitter
run-2026-09-17-01,2OrWItJ6zAwBNp0OUxK$8W,IFCBEAM,NRC.EUI.ANNUAL,EnergyUseIntensity_kWh_per_m2_year,25.9,kWh/m2/yr,B6,Baseline,synthetic-generator-v1,0.5,type-base-x-hash-jitter
run-2026-09-17-01,2OrWItJ6zAwBNp0OUxK$Bq,IFCBEAM,NRC.EC.A1A3.TOTAL,EmbodiedCarbon_A1A3_kgCO2e,222.1,kgCO2e,A1-A3,Baseline,synthetic-generator-v1,0.5,type-base-x-hash-jitter
run-2026-09-17-01,2OrWItJ6zAwBNp0OUxK$Bq,IFCBEAM,NRC.EC.A1A5.TOTAL,EmbodiedCarbon_A1A5_kgCO2e,248.8,kgCO2e,A1-A5,Baseline,synthetic-generator-v1,0.5,type-base-x-hash-jitter
run-2026-09-17-01,2OrWItJ6zAwBNp0OUxK$Bq,IFCBEAM,NRC.OC.ANNUAL,OperationalCarbon_kgCO2e_per_year,95.1,kgCO2e/yr,B6,Baseline,synthetic-generator-v1,0.5,type-base-x-hash-jitter
run-2026-09-17-01,2OrWItJ6zAwBNp0OUxK$Bq,IFCBEAM,NRC.EUI.ANNUAL,EnergyUseIntensity_kWh_per_m2_year,29.3,kWh/m2/yr,B6,Baseline,synthetic-generator-v1,0.5,type-base-x-hash-jitter
run-2026-09-17-01,2OrWItJ6zAwBNp0OUxK$CR,IFCBEAM,NRC.EC.A1A3.TOTAL,EmbodiedCarbon_A1A3_kgCO2e,311.7,kgCO2e,A1-A3,Baseline,synthetic-generator-v1,0.5,type-base-x-hash-jitter
run-2026-09-17-01,2OrWItJ6zAwBNp0OUxK$CR,IFCBEAM,NRC.EC.A1A5.TOTAL,EmbodiedCarbon_A1A5_kgCO2e,349.1,kgCO2e,A1-A5,Baseline,synthetic-generator-v1,0.5,type-base-x-hash-jitter
run-2026-09-17-01,2OrWItJ6zAwBNp0OUxK$CR,IFCBEAM,NRC.OC.ANNUAL,OperationalCarbon_kgCO2e_per_year,65.1,kgCO2e/yr,B6,Baseline,synthetic-generator-v1,0.5,type-base-x-hash-jitter
run-2026-09-17-01,2OrWItJ6zAwBNp0OUxK$CR,IFCBEAM,NRC.EUI.ANNUAL,EnergyUseIntensity_kWh_per_m2_year,36.0,kWh/m2/yr,B6,Baseline,synthetic-generator-v1,0.5,type-base-x-hash-jitter
run-2026-09-17-01,2OrWItJ6zAwBNp0OUxK$Dv,IFCBEAM,NRC.EC.A1A3.TOTAL,EmbodiedCarbon_A1A3_kgCO2e,286.5,kgCO2e,A1-A3,Baseline,synthetic-generator-v1,0.5,type-base-x-hash-jitter
run-2026-09-17-01,2OrWItJ6zAwBNp0OUxK$Dv,IFCBEAM,NRC.EC.A1A5.TOTAL,EmbodiedCarbon_A1A5_kgCO2e,320.9,kgCO2e,A1-A5,Baseline,synthetic-generator-v1,0.5,type-base-x-hash-jitter
run-2026-09-17-01,2OrWItJ6zAwBNp0OUxK$Dv,IFCBEAM,NRC.OC.ANNUAL,OperationalCarbon_kgCO2e_per_year,102.8,kgCO2e/yr,B6,Baseline,synthetic-generator-v1,0.5,type-base-x-hash-jitter
run-2026-09-17-01,2OrWItJ6zAwBNp0OUxK$Dv,IFCBEAM,NRC.EUI.ANNUAL,EnergyUseIntensity_kWh_per_m2_year,16.3,kWh/m2/yr,B6,Baseline,synthetic-generator-v1,0.5,type-base-x-hash-jitter
run-2026-09-17-01,2OrWItJ6zAwBNp0OUxK$Du,IFCBEAM,NRC.EC.A1A3.TOTAL,EmbodiedCarbon_A1A3_kgCO2e,361.2,kgCO2e,A1-A3,Baseline,synthetic-generator-v1,0.5,type-base-x-hash-jitter
run-2026-09-17-01,2OrWItJ6zAwBNp0OUxK$Du,IFCBEAM,NRC.EC.A1A5.TOTAL,EmbodiedCarbon_A1A5_kgCO2e,404.5,kgCO2e,A1-A5,Baseline,synthetic-generator-v1,0.5,type-base-x-hash-jitter
run-2026-09-17-01,2OrWItJ6zAwBNp0OUxK$Du,IFCBEAM,NRC.OC.ANNUAL,OperationalCarbon_kgCO2e_per_year,101.7,kgCO2e/yr,B6,Baseline,synthetic-generator-v1,0.5,type-base-x-hash-jitter
run-2026-09-17-01,2OrWItJ6zAwBNp0OUxK$Du,IFCBEAM,NRC.EUI.ANNUAL,EnergyUseIntensity_kWh_per_m2_year,40.3,kWh/m2/yr,B6,Baseline,synthetic-generator-v1,0.5,type-base-x-hash-jitter
run-2026-09-17-01,2OrWItJ6zAwBNp0OUxK$Dx,IFCBEAM,NRC.EC.A1A3.TOTAL,EmbodiedCarbon_A1A3_kgCO2e,323.0,kgCO2e,A1-A3,Baseline,synthetic-generator-v1,0.5,type-base-x-hash-jitter
run-2026-09-17-01,2OrWItJ6zAwBNp0OUxK$Dx,IFCBEAM,NRC.EC.A1A5.TOTAL,EmbodiedCarbon_A1A5_kgCO2e,361.8,kgCO2e,A1-A5,Baseline,synthetic-generator-v1,0.5,type-base-x-hash-jitter
run-2026-09-17-01,2OrWItJ6zAwBNp0OUxK$Dx,IFCBEAM,NRC.OC.ANNUAL,OperationalCarbon_kgCO2e_per_year,104.0,kgCO2e/yr,B6,Baseline,synthetic-generator-v1,0.5,type-base-x-hash-jitter
run-2026-09-17-01,2OrWItJ6zAwBNp0OUxK$Dx,IFCBEAM,NRC.EUI.ANNUAL,EnergyUseIntensity_kWh_per_m2_year,30.4,kWh/m2/yr,B6,Baseline,synthetic-generator-v1,0.5,type-base-x-hash-jitter
run-2026-09-17-01,2OrWItJ6zAwBNp0OUxK$Dw,IFCBEAM,NRC.EC.A1A3.TOTAL,EmbodiedCarbon_A1A3_kgCO2e,355.2,kgCO2e,A1-A3,Baseline,synthetic-generator-v1,0.5,type-base-x-hash-jitter
run-2026-09-17-01,2OrWItJ6zAwBNp0OUxK$Dw,IFCBEAM,NRC.EC.A1A5.TOTAL,EmbodiedCarbon_A1A5_kgCO2e,397.8,kgCO2e,A1-A5,Baseline,synthetic-generator-v1,0.5,type-base-x-hash-jitter
run-2026-09-17-01,2OrWItJ6zAwBNp0OUxK$Dw,IFCBEAM,NRC.OC.ANNUAL,OperationalCarbon_kgCO2e_per_year,103.9,kgCO2e/yr,B6,Baseline,synthetic-generator-v1,0.5,type-base-x-hash-jitter
run-2026-09-17-01,2OrWItJ6zAwBNp0OUxK$Dw,IFCBEAM,NRC.EUI.ANNUAL,EnergyUseIntensity_kWh_per_m2_year,23.3,kWh/m2/yr,B6,Baseline,synthetic-generator-v1,0.5,type-base-x-hash-jitter
run-2026-09-17-01,1CZILmCaHETO8tf3SgGEWh,IFCSLAB,NRC.EC.A1A3.TOTAL,EmbodiedCarbon_A1A3_kgCO2e,3069.5,kgCO2e,A1-A3,Baseline,synthetic-generator-v1,0.5,type-base-x-hash-jitter
run-2026-09-17-01,1CZILmCaHETO8tf3SgGEWh,IFCSLAB,NRC.EC.A1A5.TOTAL,EmbodiedCarbon_A1A5_kgCO2e,3437.8,kgCO2e,A1-A5,Baseline,synthetic-generator-v1,0.5,type-base-x-hash-jitter
run-2026-09-17-01,1CZILmCaHETO8tf3SgGEWh,IFCSLAB,NRC.OC.ANNUAL,OperationalCarbon_kgCO2e_per_year,325.4,kgCO2e/yr,B6,Baseline,synthetic-generator-v1,0.5,type-base-x-hash-jitter
run-2026-09-17-01,1CZILmCaHETO8tf3SgGEWh,IFCSLAB,NRC.EUI.ANNUAL,EnergyUseIntensity_kWh_per_m2_year,84.7,kWh/m2/yr,B6,Baseline,synthetic-generator-v1,0.5,type-base-x-hash-jitter
run-2026-09-17-01,1CZILmCaHETO8tf3SgGEXu,IFCSLAB,NRC.EC.A1A3.TOTAL,EmbodiedCarbon_A1A3_kgCO2e,1684.3,kgCO2e,A1-A3,Baseline,synthetic-generator-v1,0.5,type-base-x-hash-jitter
run-2026-09-17-01,1CZILmCaHETO8tf3SgGEXu,IFCSLAB,NRC.EC.A1A5.TOTAL,EmbodiedCarbon_A1A5_kgCO2e,1886.4,kgCO2e,A1-A5,Baseline,synthetic-generator-v1,0.5,type-base-x-hash-jitter
run-2026-09-17-01,1CZILmCaHETO8tf3SgGEXu,IFCSLAB,NRC.OC.ANNUAL,OperationalCarbon_kgCO2e_per_year,339.8,kgCO2e/yr,B6,Baseline,synthetic-generator-v1,0.5,type-base-x-hash-jitter
run-2026-09-17-01,1CZILmCaHETO8tf3SgGEXu,IFCSLAB,NRC.EUI.ANNUAL,EnergyUseIntensity_kWh_per_m2_year,44.8,kWh/m2/yr,B6,Baseline,synthetic-generator-v1,0.5,type-base-x-hash-jitter
run-2026-09-17-01,3Y4YRln2r91vflHcHE5IVS,IFCWALLSTANDARDCASE,NRC.EC.A1A3.TOTAL,EmbodiedCarbon_A1A3_kgCO2e,942.8,kgCO2e,A1-A3,Baseline,synthetic-generator-v1,0.5,type-base-x-hash-jitter
run-2026-09-17-01,3Y4YRln2r91vflHcHE5IVS,IFCWALLSTANDARDCASE,NRC.EC.A1A5.TOTAL,EmbodiedCarbon_A1A5_kgCO2e,1055.9,kgCO2e,A1-A5,Baseline,synthetic-generator-v1,0.5,type-base-x-hash-jitter
run-2026-09-17-01,3Y4YRln2r91vflHcHE5IVS,IFCWALLSTANDARDCASE,NRC.OC.ANNUAL,OperationalCarbon_kgCO2e_per_year,398.6,kgCO2e/yr,B6,Baseline,synthetic-generator-v1,0.5,type-base-x-hash-jitter
run-2026-09-17-01,3Y4YRln2r91vflHcHE5IVS,IFCWALLSTANDARDCASE,NRC.EUI.ANNUAL,EnergyUseIntensity_kWh_per_m2_year,81.8,kWh/m2/yr,B6,Baseline,synthetic-generator-v1,0.5,type-base-x-hash-jitter
run-2026-09-17-01,3Y4YRln2r91vflHcHE5IVT,IFCWALLSTANDARDCASE,NRC.EC.A1A3.TOTAL,EmbodiedCarbon_A1A3_kgCO2e,588.9,kgCO2e,A1-A3,Baseline,synthetic-generator-v1,0.5,type-base-x-hash-jitter
run-2026-09-17-01,3Y4YRln2r91vflHcHE5IVT,IFCWALLSTANDARDCASE,NRC.EC.A1A5.TOTAL,EmbodiedCarbon_A1A5_kgCO2e,659.6,kgCO2e,A1-A5,Baseline,synthetic-generator-v1,0.5,type-base-x-hash-jitter
run-2026-09-17-01,3Y4YRln2r91vflHcHE5IVT,IFCWALLSTANDARDCASE,NRC.OC.ANNUAL,OperationalCarbon_kgCO2e_per_year,399.7,kgCO2e/yr,B6,Baseline,synthetic-generator-v1,0.5,type-base-x-hash-jitter
run-2026-09-17-01,3Y4YRln2r91vflHcHE5IVT,IFCWALLSTANDARDCASE,NRC.EUI.ANNUAL,EnergyUseIntensity_kWh_per_m2_year,88.8,kWh/m2/yr,B6,Baseline,synthetic-generator-v1,0.5,type-base-x-hash-jitter
run-2026-09-17-01,3Y4YRln2r91vflHcHE5IVI,IFCWALLSTANDARDCASE,NRC.EC.A1A3.TOTAL,EmbodiedCarbon_A1A3_kgCO2e,934.3,kgCO2e,A1-A3,Baseline,synthetic-generator-v1,0.5,type-base-x-hash-jitter
run-2026-09-17-01,3Y4YRln2r91vflHcHE5IVI,IFCWALLSTANDARDCASE,NRC.EC.A1A5.TOTAL,EmbodiedCarbon_A1A5_kgCO2e,1046.4,kgCO2e,A1-A5,Baseline,synthetic-generator-v1,0.5,type-base-x-hash-jitter
run-2026-09-17-01,3Y4YRln2r91vflHcHE5IVI,IFCWALLSTANDARDCASE,NRC.OC.ANNUAL,OperationalCarbon_kgCO2e_per_year,388.6,kgCO2e/yr,B6,Baseline,synthetic-generator-v1,0.5,type-base-x-hash-jitter
run-2026-09-17-01,3Y4YRln2r91vflHcHE5IVI,IFCWALLSTANDARDCASE,NRC.EUI.ANNUAL,EnergyUseIntensity_kWh_per_m2_year,57.7,kWh/m2/yr,B6,Baseline,synthetic-generator-v1,0.5,type-base-x-hash-jitter
run-2026-09-17-01,3Y4YRln2r91vflHcHE5IVJ,IFCWALLSTANDARDCASE,NRC.EC.A1A3.TOTAL,EmbodiedCarbon_A1A3_kgCO2e,874.5,kgCO2e,A1-A3,Baseline,synthetic-generator-v1,0.5,type-base-x-hash-jitter
run-2026-09-17-01,3Y4YRln2r91vflHcHE5IVJ,IFCWALLSTANDARDCASE,NRC.EC.A1A5.TOTAL,EmbodiedCarbon_A1A5_kgCO2e,979.4,kgCO2e,A1-A5,Baseline,synthetic-generator-v1,0.5,type-base-x-hash-jitter
run-2026-09-17-01,3Y4YRln2r91vflHcHE5IVJ,IFCWALLSTANDARDCASE,NRC.OC.ANNUAL,OperationalCarbon_kgCO2e_per_year,389.7,kgCO2e/yr,B6,Baseline,synthetic-generator-v1,0.5,type-base-x-hash-jitter
run-2026-09-17-01,3Y4YRln2r91vflHcHE5IVJ,IFCWALLSTANDARDCASE,NRC.EUI.ANNUAL,EnergyUseIntensity_kWh_per_m2_year,64.7,kWh/m2/yr,B6,Baseline,synthetic-generator-v1,0.5,type-base-x-hash-jitter
run-2026-09-17-01,3Y4YRln2r91vflHcHE5ITp,IFCWALLSTANDARDCASE,NRC.EC.A1A3.TOTAL,EmbodiedCarbon_A1A3_kgCO2e,1010.4,kgCO2e,A1-A3,Baseline,synthetic-generator-v1,0.5,type-base-x-hash-jitter
run-2026-09-17-01,3Y4YRln2r91vflHcHE5ITp,IFCWALLSTANDARDCASE,NRC.EC.A1A5.TOTAL,EmbodiedCarbon_A1A5_kgCO2e,1131.6,kgCO2e,A1-A5,Baseline,synthetic-generator-v1,0.5,type-base-x-hash-jitter
run-2026-09-17-01,3Y4YRln2r91vflHcHE5ITp,IFCWALLSTANDARDCASE,NRC.OC.ANNUAL,OperationalCarbon_kgCO2e_per_year,224.3,kgCO2e/yr,B6,Baseline,synthetic-generator-v1,0.5,type-base-x-hash-jitter
run-2026-09-17-01,3Y4YRln2r91vflHcHE5ITp,IFCWALLSTANDARDCASE,NRC.EUI.ANNUAL,EnergyUseIntensity_kWh_per_m2_year,86.1,kWh/m2/yr,B6,Baseline,synthetic-generator-v1,0.5,type-base-x-hash-jitter
run-2026-09-17-01,3Y4YRln2r91vflHcHE5ITm,IFCWALLSTANDARDCASE,NRC.EC.A1A3.TOTAL,EmbodiedCarbon_A1A3_kgCO2e,912.3,kgCO2e,A1-A3,Baseline,synthetic-generator-v1,0.5,type-base-x-hash-jitter
run-2026-09-17-01,3Y4YRln2r91vflHcHE5ITm,IFCWALLSTANDARDCASE,NRC.EC.A1A5.TOTAL,EmbodiedCarbon_A1A5_kgCO2e,1021.8,kgCO2e,A1-A5,Baseline,synthetic-generator-v1,0.5,type-base-x-hash-jitter
run-2026-09-17-01,3Y4YRln2r91vflHcHE5ITm,IFCWALLSTANDARDCASE,NRC.OC.ANNUAL,OperationalCarbon_kgCO2e_per_year,221.0,kgCO2e/yr,B6,Baseline,synthetic-generator-v1,0.5,type-base-x-hash-jitter
run-2026-09-17-01,3Y4YRln2r91vflHcHE5ITm,IFCWALLSTANDARDCASE,NRC.EUI.ANNUAL,EnergyUseIntensity_kWh_per_m2_year,65.1,kWh/m2/yr,B6,Baseline,synthetic-generator-v1,0.5,type-base-x-hash-jitter
run-2026-09-17-01,3Y4YRln2r91vflHcHE5ITn,IFCWALLSTANDARDCASE,NRC.EC.A1A3.TOTAL,EmbodiedCarbon_A1A3_kgCO2e,976.9,kgCO2e,A1-A3,Baseline,synthetic-generator-v1,0.5,type-base-x-hash-jitter
run-2026-09-17-01,3Y4YRln2r91vflHcHE5ITn,IFCWALLSTANDARDCASE,NRC.EC.A1A5.TOTAL,EmbodiedCarbon_A1A5_kgCO2e,1094.1,kgCO2e,A1-A5,Baseline,synthetic-generator-v1,0.5,type-base-x-hash-jitter
run-2026-09-17-01,3Y4YRln2r91vflHcHE5ITn,IFCWALLSTANDARDCASE,NRC.OC.ANNUAL,OperationalCarbon_kgCO2e_per_year,222.1,kgCO2e/yr,B6,Baseline,synthetic-generator-v1,0.5,type-base-x-hash-jitter
run-2026-09-17-01,3Y4YRln2r91vflHcHE5ITn,IFCWALLSTANDARDCASE,NRC.EUI.ANNUAL,EnergyUseIntensity_kWh_per_m2_year,72.1,kWh/m2/yr,B6,Baseline,synthetic-generator-v1,0.5,type-base-x-hash-jitter
run-2026-09-17-01,3Y4YRln2r91vflHcHE5ITs,IFCWALLSTANDARDCASE,NRC.EC.A1A3.TOTAL,EmbodiedCarbon_A1A3_kgCO2e,770.3,kgCO2e,A1-A3,Baseline,synthetic-generator-v1,0.5,type-base-x-hash-jitter
run-2026-09-17-01,3Y4YRln2r91vflHcHE5ITs,IFCWALLSTANDARDCASE,NRC.EC.A1A5.TOTAL,EmbodiedCarbon_A1A5_kgCO2e,862.7,kgCO2e,A1-A5,Baseline,synthetic-generator-v1,0.5,type-base-x-hash-jitter
run-2026-09-17-01,3Y4YRln2r91vflHcHE5ITs,IFCWALLSTANDARDCASE,NRC.OC.ANNUAL,OperationalCarbon_kgCO2e_per_year,227.6,kgCO2e/yr,B6,Baseline,synthetic-generator-v1,0.5,type-base-x-hash-jitter
run-2026-09-17-01,3Y4YRln2r91vflHcHE5ITs,IFCWALLSTANDARDCASE,NRC.EUI.ANNUAL,EnergyUseIntensity_kWh_per_m2_year,61.1,kWh/m2/yr,B6,Baseline,synthetic-generator-v1,0.5,type-base-x-hash-jitter
