entityId,psetName,paramName,valueType,paramValue
3797,Pset_NRCEmbodiedCarbon,EmbodiedCarbon_A1A3_kgCO2e,Real,615.5
3797,Pset_NRCEmbodiedCarbon,EmbodiedCarbon_A1A5_kgCO2e,Real,689.4
3797,Pset_NRCEmbodiedCarbon,ScenarioName,Label,Baseline
3797,Pset_NRCEmbodiedCarbon,AnalysisRunId,Identifier,run-2026-09-17-01
3797,Pset_NRCOperationalCarbon,OperationalCarbon_kgCO2e_per_year,Real,372.0
3797,Pset_NRCOperationalCarbon,GridEmissionFactor_kgCO2e_per_kWh,Real,0.11
3797,Pset_NRCOperationalCarbon,ScenarioName,Label,Baseline
3797,Pset_NRCOperationalCarbon,AnalysisRunId,Identifier,run-2026-09-17-01
3797,Pset_NRCEnergyPerformance,EnergyUseIntensity_kWh_per_m2_year,Real,83.6
3797,Pset_NRCEnergyPerformance,ScenarioName,Label,Baseline
3797,Pset_NRCEnergyPerformance,AnalysisRunId,Identifier,run-2026-09-17-01
3999,Pset_NRCEmbodiedCarbon,EmbodiedCarbon_A1A3_kgCO2e,Real,690.0
3999,Pset_NRCEmbodiedCarbon,EmbodiedCarbon_A1A5_kgCO2e,Real,772.8
3999,Pset_NRCEmbodiedCarbon,ScenarioName,Label,Baseline
3999,Pset_NRCEmbodiedCarbon,AnalysisRunId,Identifier,run-2026-09-17-01
3999,Pset_NRCOperationalCarbon,OperationalCarbon_kgCO2e_per_year,Real,332.0
3999,Pset_NRCOperationalCarbon,GridEmissionFactor_kgCO2e_per_kWh,Real,0.11
3999,Pset_NRCOperationalCarbon,ScenarioName,Label,Baseline
3999,Pset_NRCOperationalCarbon,AnalysisRunId,Identifier,run-2026-09-17-01
3999,Pset_NRCEnergyPerformance,EnergyUseIntensity_kWh_per_m2_year,Real,79.2
3999,Pset_NRCEnergyPerformance,ScenarioName,Label,Baseline
3999,Pset_NRCEnergyPerformance,AnalysisRunId,Identifier,run-2026-09-17-01
4043,Pset_NRCEmbodiedCarbon,EmbodiedCarbon_A1A3_kgCO2e,Real,887.5
4043,Pset_NRCEmbodiedCarbon,EmbodiedCarbon_A1A5_kgCO2e,Real,994.0
4043,Pset_NRCEmbodiedCarbon,ScenarioName,Label,Baseline
4043,Pset_NRCEmbodiedCarbon,AnalysisRunId,Identifier,run-2026-09-17-01
4043,Pset_NRCOperationalCarbon,OperationalCarbon_kgCO2e_per_year,Real,310.8
4043,Pset_NRCOperationalCarbon,GridEmissionFactor_kgCO2e_per_kWh,Real,0.11
4043,Pset_NRCOperationalCarbon,ScenarioName,Label,Baseline
4043,Pset_NRCOperationalCarbon,AnalysisRunId,Identifier,run-2026-09-17-01
4043,Pset_NRCEnergyPerformance,EnergyUseIntensity_kWh_per_m2_year,Real,63.9
4043,Pset_NRCEnergyPerformance,ScenarioName,Label,Baseline
4043,Pset_NRCEnergyPerformance,AnalysisRunId,Identifier,run-2026-09-17-01
4087,Pset_NRCEmbodiedCarbon,EmbodiedCarbon_A1A3_kgCO2e,Real,1037.8
4087,Pset_NRCEmbodiedCarbon,EmbodiedCarbon_A1A5_kgCO2e,Real,1162.3
4087,Pset_NRCEmbodiedCarbon,ScenarioName,Label,Baseline
4087,Pset_NRCEmbodiedCarbon,AnalysisRunId,Identifier,run-2026-09-17-01
4087,Pset_NRCOperationalCarbon,OperationalCarbon_kgCO2e_per_year,Real,368.6
4087,Pset_NRCOperationalCarbon,GridEmissionFactor_kgCO2e_per_kWh,Real,0.11
4087,Pset_NRCOperationalCarbon,ScenarioName,Label,Baseline
4087,Pset_NRCOperationalCarbon,AnalysisRunId,Identifier,run-2026-09-17-01
4087,Pset_NRCEnergyPerformance,EnergyUseIntensity_kWh_per_m2_year,Real,55.5
4087,Pset_NRCEnergyPerformance,ScenarioName,Label,Baseline
4087,Pset_NRCEnergyPerformance,AnalysisRunId,Identifier,run-2026-09-17-01
4131,Pset_NRCEmbodiedCarbon,EmbodiedCarbon_A1A3_kgCO2e,Real,768.3
4131,Pset_NRCEmbodiedCarbon,EmbodiedCarbon_A1A5_kgCO2e,Real,860.5
4131,Pset_NRCEmbodiedCarbon,ScenarioName,Label,Baseline
4131,Pset_NRCEmbodiedCarbon,AnalysisRunId,Identifier,run-2026-09-17-01
4131,Pset_NRCOperationalCarbon,OperationalCarbon_kgCO2e_per_year,Real,354.2
4131,Pset_NRCOperationalCarbon,GridEmissionFactor_kgCO2e_per_kWh,Real,0.11
4131,Pset_NRCOperationalCarbon,ScenarioName,Label,Baseline
4131,Pset_NRCOperationalCarbon,AnalysisRunId,Identifier,run-2026-09-17-01
4131,Pset_NRCEnergyPerformance,EnergyUseIntensity_kWh_per_m2_year,Real,49.4
4131,Pset_NRCEnergyPerformance,ScenarioName,Label,Baseline
4131,Pset_NRCEnergyPerformance,AnalysisRunId,Identifier,run-2026-09-17-01
4219,Pset_NRCEmbodiedCarbon,EmbodiedCarbon_A1A3_kgCO2e,Real,664.2
4219,Pset_NRCEmbodiedCarbon,EmbodiedCarbon_A1A5_kgCO2e,Real,743.9
4219,Pset_NRCEmbodiedCarbon,ScenarioName,Label,Baseline
4219,Pset_NRCEmbodiedCarbon,AnalysisRunId,Identifier,run-2026-09-17-01
4219,Pset_NRCOperationalCarbon,OperationalCarbon_kgCO2e_per_year,Real,360.8
4219,Pset_NRCOperationalCarbon,GridEmissionFactor_kgCO2e_per_kWh,Real,0.11
4219,Pset_NRCOperationalCarbon,ScenarioName,Label,Baseline
4219,Pset_NRCOperationalCarbon,AnalysisRunId,Identifier,run-2026-09-17-01
4219,Pset_NRCEnergyPerformance,EnergyUseIntensity_kWh_per_m2_year,Real,45.4
4219,Pset_NRCEnergyPerformance,ScenarioName,Label,Baseline
4219,Pset_NRCEnergyPerformance,AnalysisRunId,Identifier,run-2026-09-17-01
4287,Pset_NRCEmbodiedCarbon,EmbodiedCarbon_A1A3_kgCO2e,Real,694.1
4287,Pset_NRCEmbodiedCarbon,EmbodiedCarbon_A1A5_kgCO2e,Real,777.4
4287,Pset_NRCEmbodiedCarbon,ScenarioName,Label,Baseline
4287,Pset_NRCEmbodiedCarbon,AnalysisRunId,Identifier,run-2026-09-17-01
4287,Pset_NRCOperationalCarbon,OperationalCarbon_kgCO2e_per_year,Real,328.6
4287,Pset_NRCOperationalCarbon,GridEmissionFactor_kgCO2e_per_kWh,Real,0.11
4287,Pset_NRCOperationalCarbon,ScenarioName,Label,Baseline
4287,Pset_NRCOperationalCarbon,AnalysisRunId,Identifier,run-2026-09-17-01
4287,Pset_NRCEnergyPerformance,EnergyUseIntensity_kWh_per_m2_year,Real,51.1
4287,Pset_NRCEnergyPerformance,ScenarioName,Label,Baseline
4287,Pset_NRCEnergyPerformance,AnalysisRunId,Identifier,run-2026-09-17-01
4399,Pset_NRCEmbodiedCarbon,EmbodiedCarbon_A1A3_kgCO2e,Real,741.0
4399,Pset_NRCEmbodiedCarbon,EmbodiedCarbon_A1A5_kgCO2e,Real,829.9
4399,Pset_NRCEmbodiedCarbon,ScenarioName,Label,Baseline
4399,Pset_NRCEmbodiedCarbon,AnalysisRunId,Identifier,run-2026-09-17-01
4399,Pset_NRCOperationalCarbon,OperationalCarbon_kgCO2e_per_year,Real,330.8
4399,Pset_NRCOperationalCarbon,GridEmissionFactor_kgCO2e_per_kWh,Real,0.11
4399,Pset_NRCOperationalCarbon,ScenarioName,Label,Baseline
4399,Pset_NRCOperationalCarbon,AnalysisRunId,Identifier,run-2026-09-17-01
4399,Pset_NRCEnergyPerformance,EnergyUseIntensity_kWh_per_m2_year,Real,65.1
4399,Pset_NRCEnergyPerformance,ScenarioName,Label,Baseline
4399,Pset_NRCEnergyPerformance,AnalysisRunId,Identifier,run-2026-09-17-01
4465,Pset_NRCEmbodiedCarbon,EmbodiedCarbon_A1A3_kgCO2e,Real,764.9
4465,Pset_NRCEmbodiedCarbon,EmbodiedCarbon_A1A5_kgCO2e,Real,856.7
4465,Pset_NRCEmbodiedCarbon,ScenarioName,Label,Baseline
4465,Pset_NRCEmbodiedCarbon,AnalysisRunId,Identifier,run-2026-09-17-01
4465,Pset_NRCOperationalCarbon,OperationalCarbon_kgCO2e_per_year,Real,297.5
4465,Pset_NRCOperationalCarbon,GridEmissionFactor_kgCO2e_per_kWh,Real,0.11
4465,Pset_NRCOperationalCarbon,ScenarioName,Label,Baseline
4465,Pset_NRCOperationalCarbon,AnalysisRunId,Identifier,run-2026-09-17-01
4465,Pset_NRCEnergyPerformance,EnergyUseIntensity_kWh_per_m2_year,Real,64.8
4465,Pset_NRCEnergyPerformance,ScenarioName,Label,Baseline
4465,Pset_NRCEnergyPerformance,AnalysisRunId,Identifier,run-2026-09-17-01
4508,Pset_NRCEmbodiedCarbon,EmbodiedCarbon_A1A3_kgCO2e,Real,874.4
4508,Pset_NRCEmbodiedCarbon,EmbodiedCarbon_A1A5_kgCO2e,Real,979.3
4508,Pset_NRCEmbodiedCarbon,ScenarioName,Label,Baseline
4508,Pset_NRCEmbodiedCarbon,AnalysisRunId,Identifier,run-2026-09-17-01
4508,Pset_NRCOperationalCarbon,OperationalCarbon_kgCO2e_per_year,Real,310.8
4508,Pset_NRCOperationalCarbon,GridEmissionFactor_kgCO2e_per_kWh,Real,0.11
4508,Pset_NRCOperationalCarbon,ScenarioName,Label,Baseline
4508,Pset_NRCOperationalCarbon,AnalysisRunId,Identifier,run-2026-09-17-01
4508,Pset_NRCEnergyPerformance,EnergyUseIntensity_kWh_per_m2_year,Real,63.9
4508,Pset_NRCEnergyPerformance,ScenarioName,Label,Baseline
4508,Pset_NRCEnergyPerformance,AnalysisRunId,Identifier,run-2026-09-17-01
4553,Pset_NRCEmbodiedCarbon,EmbodiedCarbon_A1A3_kgCO2e,Real,1042.6
4553,Pset_NRCEmbodiedCarbon,EmbodiedCarbon_A1A5_kgCO2e,Real,1167.7
4553,Pset_NRCEmbodiedCarbon,ScenarioName,Label,Baseline
4553,Pset_NRCEmbodiedCarbon,AnalysisRunId,Identifier,run-2026-09-17-01
4553,Pset_NRCOperationalCarbon,OperationalCarbon_kgCO2e_per_year,Real,333.1
4553,Pset_NRCOperationalCarbon,GridEmissionFactor_kgCO2e_per_kWh,Real,0.11
4553,Pset_NRCOperationalCarbon,ScenarioName,Label,Baseline
4553,Pset_NRCOperationalCarbon,AnalysisRunId,Identifier,run-2026-09-17-01
4553,Pset_NRCEnergyPerformance,EnergyUseIntensity_kWh_per_m2_year,Real,86.2
4553,Pset_NRCEnergyPerformance,ScenarioName,Label,Baseline
4553,Pset_NRCEnergyPerformance,AnalysisRunId,Identifier,run-2026-09-17-01
4598,Pset_NRCEmbodiedCarbon,EmbodiedCarbon_A1A3_kgCO2e,Real,842.1
4598,Pset_NRCEmbodiedCarbon,EmbodiedCarbon_A1A5_kgCO2e,Real,943.2
4598,Pset_NRCEmbodiedCarbon,ScenarioName,Label,Baseline
4598,Pset_NRCEmbodiedCarbon,AnalysisRunId,Identifier,run-2026-09-17-01
4598,Pset_NRCOperationalCarbon,OperationalCarbon_kgCO2e_per_year,Real,297.5
4598,Pset_NRCOperationalCarbon,GridEmissionFactor_kgCO2e_per_kWh,Real,0.11
4598,Pset_NRCOperationalCarbon,ScenarioName,Label,Baseline
4598,Pset_NRCOperationalCarbon,AnalysisRunId,Identifier,run-2026-09-17-01
4598,Pset_NRCEnergyPerformance,EnergyUseIntensity_kWh_per_m2_year,Real,64.8
4598,Pset_NRCEnergyPerformance,ScenarioName,Label,Baseline
4598,Pset_NRCEnergyPerformance,AnalysisRunId,Identifier,run-2026-09-17-01
4643,Pset_NRCEmbodiedCarbon,EmbodiedCarbon_A1A3_kgCO2e,Real,850.5
4643,Pset_NRCEmbodiedCarbon,EmbodiedCarbon_A1A5_kgCO2e,Real,952.6
4643,Pset_NRCEmbodiedCarbon,ScenarioName,Label,Baseline
4643,Pset_NRCEmbodiedCarbon,AnalysisRunId,Identifier,run-2026-09-17-01
4643,Pset_NRCOperationalCarbon,OperationalCarbon_kgCO2e_per_year,Real,247.5
4643,Pset_NRCOperationalCarbon,GridEmissionFactor_kgCO2e_per_kWh,Real,0.11
4643,Pset_NRCOperationalCarbon,ScenarioName,Label,Baseline
4643,Pset_NRCOperationalCarbon,AnalysisRunId,Identifier,run-2026-09-17-01
4643,Pset_NRCEnergyPerformance,EnergyUseIntensity_kWh_per_m2_year,Real,82.3
4643,Pset_NRCEnergyPerformance,ScenarioName,Label,Baseline
4643,Pset_NRCEnergyPerformance,AnalysisRunId,Identifier,run-2026-09-17-01
4818,Pset_NRCEmbodiedCarbon,EmbodiedCarbon_A1A3_kgCO2e,Real,1029.6
4818,Pset_NRCEmbodiedCarbon,EmbodiedCarbon_A1A5_kgCO2e,Real,1153.2
4818,Pset_NRCEmbodiedCarbon,ScenarioName,Label,Baseline
4818,Pset_NRCEmbodiedCarbon,AnalysisRunId,Identifier,run-2026-09-17-01
4818,Pset_NRCOperationalCarbon,OperationalCarbon_kgCO2e_per_year,Real,278.6
4818,Pset_NRCOperationalCarbon,GridEmissionFactor_kgCO2e_per_kWh,Real,0.11
4818,Pset_NRCOperationalCarbon,ScenarioName,Label,Baseline
4818,Pset_NRCOperationalCarbon,AnalysisRunId,Identifier,run-2026-09-17-01
4818,Pset_NRCEnergyPerformance,EnergyUseIntensity_kWh_per_m2_year,Real,69.6
4818,Pset_NRCEnergyPerformance,ScenarioName,Label,Baseline
4818,Pset_NRCEnergyPerformance,AnalysisRunId,Identifier,run-2026-09-17-01
4868,Pset_NRCEmbodiedCarbon,EmbodiedCarbon_A1A3_kgCO2e,Real,844.6
4868,Pset_NRCEmbodiedCarbon,EmbodiedCarbon_A1A5_kgCO2e,Real,946.0
4868,Pset_NRCEmbodiedCarbon,ScenarioName,Label,Baseline
4868,Pset_NRCEmbodiedCarbon,AnalysisRunId,Identifier,run-2026-09-17-01
4868,Pset_NRCOperationalCarbon,OperationalCarbon_kgCO2e_per_year,Real,326.4
4868,Pset_NRCOperationalCarbon,GridEmissionFactor_kgCO2e_per_kWh,Real,0.11
4868,Pset_NRCOperationalCarbon,ScenarioName,Label,Baseline
4868,Pset_NRCOperationalCarbon,AnalysisRunId,Identifier,run-2026-09-17-01
4868,Pset_NRCEnergyPerformance,EnergyUseIntensity_kWh_per_m2_year,Real,83.1
4868,Pset_NRCEnergyPerformance,ScenarioName,Label,Baseline
4868,Pset_NRCEnergyPerformance,AnalysisRunId,Identifier,run-2026-09-17-01
4918,Pset_NRCEmbodiedCarbon,EmbodiedCarbon_A1A3_kgCO2e,Real,576.8
4918,Pset_NRCEmbodiedCarbon,EmbodiedCarbon_A1A5_kgCO2e,Real,646.0
4918,Pset_NRCEmbodiedCarbon,ScenarioName,Label,Baseline
4918,Pset_NRCEmbodiedCarbon,AnalysisRunId,Identifier,run-2026-09-17-01
4918,Pset_NRCOperationalCarbon,OperationalCarbon_kgCO2e_per_year,Real,265.3
4918,Pset_NRCOperationalCarbon,GridEmissionFactor_kgCO2e_per_kWh,Real,0.11
4918,Pset_NRCOperationalCarbon,ScenarioName,Label,Baseline
4918,Pset_NRCOperationalCarbon,AnalysisRunId,Identifier,run-2026-09-17-01
4918,Pset_NRCEnergyPerformance,EnergyUseIntensity_kWh_per_m2_year,Real,70.5
4918,Pset_NRCEnergyPerformance,ScenarioName,Label,Baseline
4918,Pset_NRCEnergyPerformance,AnalysisRunId,Identifier,run-2026-09-17-01
4968,Pset_NRCEmbodiedCarbon,EmbodiedCarbon_A1A3_kgCO2e,Real,654.4
4968,Pset_NRCEmbodiedCarbon,EmbodiedCarbon_A1A5_kgCO2e,Real,732.9
4968,Pset_NRCEmbodiedCarbon,ScenarioName,Label,Baseline
4968,Pset_NRCEmbodiedCarbon,AnalysisRunId,Identifier,run-2026-09-17-01
4968,Pset_NRCOperationalCarbon,OperationalCarbon_kgCO2e_per_year,Real,263.1
4968,Pset_NRCOperationalCarbon,GridEmissionFactor_kgCO2e_per_kWh,Real,0.11
4968,Pset_NRCOperationalCarbon,ScenarioName,Label,Baseline
4968,Pset_NRCOperationalCarbon,AnalysisRunId,Identifier,run-2026-09-17-01
4968,Pset_NRCEnergyPerformance,EnergyUseIntensity_kWh_per_m2_year,Real,56.5
4968,Pset_NRCEnergyPerformance,ScenarioName,Label,Baseline
4968,Pset_NRCEnergyPerformance,AnalysisRunId,Identifier,run-2026-09-17-01
5057,Pset_NRCEmbodiedCarbon,EmbodiedCarbon_A1A3_kgCO2e,Real,618.2
5057,Pset_NRCEmbodiedCarbon,EmbodiedCarbon_A1A5_kgCO2e,Real,692.4
5057,Pset_NRCEmbodiedCarbon,ScenarioName,Label,Baseline
5057,Pset_NRCEmbodiedCarbon,AnalysisRunId,Identifier,run-2026-09-17-01
5057,Pset_NRCOperationalCarbon,OperationalCarbon_kgCO2e_per_year,Real,243.1
5057,Pset_NRCOperationalCarbon,GridEmissionFactor_kgCO2e_per_kWh,Real,0.11
5057,Pset_NRCOperationalCarbon,ScenarioName,Label,Baseline
5057,Pset_NRCOperationalCarbon,AnalysisRunId,Identifier,run-2026-09-17-01
5057,Pset_NRCEnergyPerformance,EnergyUseIntensity_kWh_per_m2_year,Real,54.3
5057,Pset_NRCEnergyPerformance,ScenarioName,Label,Baseline
5057,Pset_NRCEnergyPerformance,AnalysisRunId,Identifier,run-2026-09-17-01
5106,Pset_NRCEmbodiedCarbon,EmbodiedCarbon_A1A3_kgCO2e,Real,624.4
5106,Pset_NRCEmbodiedCarbon,EmbodiedCarbon_A1A5_kgCO2e,Real,699.3
5106,Pset_NRCEmbodiedCarbon,ScenarioName,Label,Baseline
5106,Pset_NRCEmbodiedCarbon,AnalysisRunId,Identifier,run-2026-09-17-01
5106,Pset_NRCOperationalCarbon,OperationalCarbon_kgCO2e_per_year,Real,290.8
5106,Pset_NRCOperationalCarbon,GridEmissionFactor_kgCO2e_per_kWh,Real,0.11
5106,Pset_NRCOperationalCarbon,ScenarioName,Label,Baseline
5106,Pset_NRCOperationalCarbon,AnalysisRunId,Identifier,run-2026-09-17-01
5106,Pset_NRCEnergyPerformance,EnergyUseIntensity_kWh_per_m2_year,Real,61.7
5106,Pset_NRCEnergyPerformance,ScenarioName,Label,Baseline
5106,Pset_NRCEnergyPerformance,AnalysisRunId,Identifier,run-2026-09-17-01
5165,Pset_NRCEmbodiedCarbon,EmbodiedCarbon_A1A3_kgCO2e,Real,2933.1
5165,Pset_NRCEmbodiedCarbon,EmbodiedCarbon_A1A5_kgCO2e,Real,3285.1
5165,Pset_NRCEmbodiedCarbon,ScenarioName,Label,Baseline
5165,Pset_NRCEmbodiedCarbon,AnalysisRunId,Identifier,run-2026-09-17-01
5165,Pset_NRCOperationalCarbon,OperationalCarbon_kgCO2e_per_year,Real,204.3
5165,Pset_NRCOperationalCarbon,GridEmissionFactor_kgCO2e_per_kWh,Real,0.11
5165,Pset_NRCOperationalCarbon,ScenarioName,Label,Baseline
5165,Pset_NRCOperationalCarbon,AnalysisRunId,Identifier,run-2026-09-17-01
5165,Pset_NRCEnergyPerformance,EnergyUseIntensity_kWh_per_m2_year,Real,65.5
5165,Pset_NRCEnergyPerformance,ScenarioName,Label,Baseline
5165,Pset_NRCEnergyPerformance,AnalysisRunId,Identifier,run-2026-09-17-01
5267,Pset_NRCEmbodiedCarbon,EmbodiedCarbon_A1A3_kgCO2e,Real,2182.5
5267,Pset_NRCEmbodiedCarbon,EmbodiedCarbon_A1A5_kgCO2e,Real,2444.4
5267,Pset_NRCEmbodiedCarbon,ScenarioName,Label,Baseline
5267,Pset_NRCEmbodiedCarbon,AnalysisRunId,Identifier,run-2026-09-17-01
5267,Pset_NRCOperationalCarbon,OperationalCarbon_kgCO2e_per_year,Real,303.2
5267,Pset_NRCOperationalCarbon,GridEmissionFactor_kgCO2e_per_kWh,Real,0.11
5267,Pset_NRCOperationalCarbon,ScenarioName,Label,Baseline
5267,Pset_NRCOperationalCarbon,AnalysisRunId,Identifier,run-2026-09-17-01
5267,Pset_NRCEnergyPerformance,EnergyUseIntensity_kWh_per_m2_year,Real,68.5
5267,Pset_NRCEnergyPerformance,ScenarioName,Label,Baseline
5267,Pset_NRCEnergyPerformance,AnalysisRunId,Identifier,run-2026-09-17-01
5399,Pset_NRCEmbodiedCarbon,EmbodiedCarbon_A1A3_kgCO2e,Real,999.6
5399,Pset_NRCEmbodiedCarbon,EmbodiedCarbon_A1A5_kgCO2e,Real,1119.6
5399,Pset_NRCEmbodiedCarbon,ScenarioName,Label,Baseline
5399,Pset_NRCEmbodiedCarbon,AnalysisRunId,Identifier,run-2026-09-17-01
5399,Pset_NRCOperationalCarbon,OperationalCarbon_kgCO2e_per_year,Real,357.5
5399,Pset_NRCOperationalCarbon,GridEmissionFactor_kgCO2e_per_kWh,Real,0.11
5399,Pset_NRCOperationalCarbon,ScenarioName,Label,Baseline
5399,Pset_NRCOperationalCarbon,AnalysisRunId,Identifier,run-2026-09-17-01
5399,Pset_NRCEnergyPerformance,EnergyUseIntensity_kWh_per_m2_year,Real,70.4
5399,Pset_NRCEnergyPerformance,ScenarioName,Label,Baseline
5399,Pset_NRCEnergyPerformance,AnalysisRunId,Identifier,run-2026-09-17-01
5448,Pset_NRCEmbodiedCarbon,EmbodiedCarbon_A1A3_kgCO2e,Real,642.9
5448,Pset_NRCEmbodiedCarbon,EmbodiedCarbon_A1A5_kgCO2e,Real,720.0
5448,Pset_NRCEmbodiedCarbon,ScenarioName,Label,Baseline
5448,Pset_NRCEmbodiedCarbon,AnalysisRunId,Identifier,run-2026-09-17-01
5448,Pset_NRCOperationalCarbon,OperationalCarbon_kgCO2e_per_year,Real,293.1
5448,Pset_NRCOperationalCarbon,GridEmissionFactor_kgCO2e_per_kWh,Real,0.11
5448,Pset_NRCOperationalCarbon,ScenarioName,Label,Baseline
5448,Pset_NRCOperationalCarbon,AnalysisRunId,Identifier,run-2026-09-17-01
5448,Pset_NRCEnergyPerformance,EnergyUseIntensity_kWh_per_m2_year,Real,82.8
5448,Pset_NRCEnergyPerformance,ScenarioName,Label,Baseline
5448,Pset_NRCEnergyPerformance,AnalysisRunId,Identifier,run-2026-09-17-01
5498,Pset_NRCEmbodiedCarbon,EmbodiedCarbon_A1A3_kgCO2e,Real,706.6
5498,Pset_NRCEmbodiedCarbon,EmbodiedCarbon_A1A5_kgCO2e,Real,791.4
5498,Pset_NRCEmbodiedCarbon,ScenarioName,Label,Baseline
5498,Pset_NRCEmbodiedCarbon,AnalysisRunId,Identifier,run-2026-09-17-01
5498,Pset_NRCOperationalCarbon,OperationalCarbon_kgCO2e_per_year,Real,283.1
5498,Pset_NRCOperationalCarbon,GridEmissionFactor_kgCO2e_per_kWh,Real,0.11
5498,Pset_NRCOperationalCarbon,ScenarioName,Label,Baseline
5498,Pset_NRCOperationalCarbon,AnalysisRunId,Identifier,run-2026-09-17-01
5498,Pset_NRCEnergyPerformance,EnergyUseIntensity_kWh_per_m2_year,Real,58.7
5498,Pset_NRCEnergyPerformance,ScenarioName,Label,Baseline
5498,Pset_NRCEnergyPerformance,AnalysisRunId,Identifier,run-2026-09-17-01
5548,Pset_NRCEmbodiedCarbon,EmbodiedCarbon_A1A3_kgCO2e,Real,700.1
5548,Pset_NRCEmbodiedCarbon,EmbodiedCarbon_A1A5_kgCO2e,Real,784.1
5548,Pset_NRCEmbodiedCarbon,ScenarioName,Label,Baseline
5548,Pset_NRCEmbodiedCarbon,AnalysisRunId,Identifier,run-2026-09-17-01
5548,Pset_NRCOperationalCarbon,OperationalCarbon_kgCO2e_per_year,Real,295.3
5548,Pset_NRCOperationalCarbon,GridEmissionFactor_kgCO2e_per_kWh,Real,0.11
5548,Pset_NRCOperationalCarbon,ScenarioName,Label,Baseline
5548,Pset_NRCOperationalCarbon,AnalysisRunId,Identifier,run-2026-09-17-01
5548,Pset_NRCEnergyPerformance,EnergyUseIntensity_kWh_per_m2_year,Real,50.8
5548,Pset_NRCEnergyPerformance,ScenarioName,Label,Baseline
5548,Pset_NRCEnergyPerformance,AnalysisRunId,Identifier,run-2026-09-17-01
5598,Pset_NRCEmbodiedCarbon,EmbodiedCarbon_A1A3_kgCO2e,Real,996.8
5598,Pset_NRCEmbodiedCarbon,EmbodiedCarbon_A1A5_kgCO2e,Real,1116.4
5598,Pset_NRCEmbodiedCarbon,ScenarioName,Label,Baseline
5598,Pset_NRCEmbodiedCarbon,AnalysisRunId,Identifier,run-2026-09-17-01
5598,Pset_NRCOperationalCarbon,OperationalCarbon_kgCO2e_per_year,Real,304.2
5598,Pset_NRCOperationalCarbon,GridEmissionFactor_kgCO2e_per_kWh,Real,0.11
5598,Pset_NRCOperationalCarbon,ScenarioName,Label,Baseline
5598,Pset_NRCOperationalCarbon,AnalysisRunId,Identifier,run-2026-09-17-01
5598,Pset_NRCEnergyPerformance,EnergyUseIntensity_kWh_per_m2_year,Real,67.9
5598,Pset_NRCEnergyPerformance,ScenarioName,Label,Baseline
5598,Pset_NRCEnergyPerformance,AnalysisRunId,Identifier,run-2026-09-17-01
5642,Pset_NRCEmbodiedCarbon,EmbodiedCarbon_A1A3_kgCO2e,Real,803.7
5642,Pset_NRCEmbodiedCarbon,EmbodiedCarbon_A1A5_kgCO2e,Real,900.1
5642,Pset_NRCEmbodiedCarbon,ScenarioName,Label,Baseline
5642,Pset_NRCEmbodiedCarbon,AnalysisRunId,Identifier,run-2026-09-17-01
5642,Pset_NRCOperationalCarbon,OperationalCarbon_kgCO2e_per_year,Real,298.6
5642,Pset_NRCOperationalCarbon,GridEmissionFactor_kgCO2e_per_kWh,Real,0.11
5642,Pset_NRCOperationalCarbon,ScenarioName,Label,Baseline
5642,Pset_NRCOperationalCarbon,AnalysisRunId,Identifier,run-2026-09-17-01
5642,Pset_NRCEnergyPerformance,EnergyUseIntensity_kWh_per_m2_year,Real,71.8
5642,Pset_NRCEnergyPerformance,ScenarioName,Label,Baseline
5642,Pset_NRCEnergyPerformance,AnalysisRunId,Identifier,run-2026-09-17-01
5687,Pset_NRCEmbodiedCarbon,EmbodiedCarbon_A1A3_kgCO2e,Real,951.9
5687,Pset_NRCEmbodiedCarbon,EmbodiedCarbon_A1A5_kgCO2e,Real,1066.1
5687,Pset_NRCEmbodiedCarbon,ScenarioName,Label,Baseline
5687,Pset_NRCEmbodiedCarbon,AnalysisRunId,Identifier,run-2026-09-17-01
5687,Pset_NRCOperationalCarbon,OperationalCarbon_kgCO2e_per_year,Real,286.4
5687,Pset_NRCOperationalCarbon,GridEmissionFactor_kgCO2e_per_kWh,Real,0.11
5687,Pset_NRCOperationalCarbon,ScenarioName,Label,Baseline
5687,Pset_NRCOperationalCarbon,AnalysisRunId,Identifier,run-2026-09-17-01
5687,Pset_NRCEnergyPerformance,EnergyUseIntensity_kWh_per_m2_year,Real,79.7
5687,Pset_NRCEnergyPerformance,ScenarioName,Label,Baseline
5687,Pset_NRCEnergyPerformance,AnalysisRunId,Identifier,run-2026-09-17-01
5731,Pset_NRCEmbodiedCarbon,EmbodiedCarbon_A1A3_kgCO2e,Real,660.2
5731,Pset_NRCEmbodiedCarbon,EmbodiedCarbon_A1A5_kgCO2e,Real,739.4
5731,Pset_NRCEmbodiedCarbon,ScenarioName,Label,Baseline
5731,Pset_NRCEmbodiedCarbon,AnalysisRunId,Identifier,run-2026-09-17-01
5731,Pset_NRCOperationalCarbon,OperationalCarbon_kgCO2e_per_year,Real,318.6
5731,Pset_NRCOperationalCarbon,GridEmissionFactor_kgCO2e_per_kWh,Real,0.11
5731,Pset_NRCOperationalCarbon,ScenarioName,Label,Baseline
5731,Pset_NRCOperationalCarbon,AnalysisRunId,Identifier,run-2026-09-17-01
5731,Pset_NRCEnergyPerformance,EnergyUseIntensity_kWh_per_m2_year,Real,73.0
5731,Pset_NRCEnergyPerformance,ScenarioName,Label,Baseline
5731,Pset_NRCEnergyPerformance,AnalysisRunId,Identifier,run-2026-09-17-01
5775,Pset_NRCEmbodiedCarbon,EmbodiedCarbon_A1A3_kgCO2e,Real,624.7
5775,Pset_NRCEmbodiedCarbon,EmbodiedCarbon_A1A5_kgCO2e,Real,699.7
5775,Pset_NRCEmbodiedCarbon,ScenarioName,Label,Baseline
5775,Pset_NRCEmbodiedCarbon,AnalysisRunId,Identifier,run-2026-09-17-01
5775,Pset_NRCOperationalCarbon,OperationalCarbon_kgCO2e_per_year,Real,335.3
5775,Pset_NRCOperationalCarbon,GridEmissionFactor_kgCO2e_per_kWh,Real,0.11
5775,Pset_NRCOperationalCarbon,ScenarioName,Label,Baseline
5775,Pset_NRCOperationalCarbon,AnalysisRunId,Identifier,run-2026-09-17-01
5775,Pset_NRCEnergyPerformance,EnergyUseIntensity_kWh_per_m2_year,Real,54.2
5775,Pset_NRCEnergyPerformance,ScenarioName,Label,Baseline
5775,Pset_NRCEnergyPerformance,AnalysisRunId,Identifier,run-2026-09-17-01
5859,Pset_NRCEmbodiedCarbon,EmbodiedCarbon_A1A3_kgCO2e,Real,678.1
5859,Pset_NRCEmbodiedCarbon,EmbodiedCarbon_A1A5_kgCO2e,Real,759.5
5859,Pset_NRCEmbodiedCarbon,ScenarioName,Label,Baseline
5859,Pset_NRCEmbodiedCarbon,AnalysisRunId,Identifier,run-2026-09-17-01
5859,Pset_NRCOperationalCarbon,OperationalCarbon_kgCO2e_per_year,Real,292.0
5859,Pset_NRCOperationalCarbon,GridEmissionFactor_kgCO2e_per_kWh,Real,0.11
5859,Pset_NRCOperationalCarbon,ScenarioName,Label,Baseline
5859,Pset_NRCOperationalCarbon,AnalysisRunId,Identifier,run-2026-09-17-01
5859,Pset_NRCEnergyPerformance,EnergyUseIntensity_kWh_per_m2_year,Real,75.8
5859,Pset_NRCEnergyPerformance,ScenarioName,Label,Baseline
5859,Pset_NRCEnergyPerformance,AnalysisRunId,Identifier,run-2026-09-17-01
5903,Pset_NRCEmbodiedCarbon,EmbodiedCarbon_A1A3_kgCO2e,Real,827.4
5903,Pset_NRCEmbodiedCarbon,EmbodiedCarbon_A1A5_kgCO2e,Real,926.7
5903,Pset_NRCEmbodiedCarbon,ScenarioName,Label,Baseline
5903,Pset_NRCEmbodiedCarbon,AnalysisRunId,Identifier,run-2026-09-17-01
5903,Pset_NRCOperationalCarbon,OperationalCarbon_kgCO2e_per_year,Real,318.6
5903,Pset_NRCOperationalCarbon,GridEmissionFactor_kgCO2e_per_kWh,Real,0.11
5903,Pset_NRCOperationalCarbon,ScenarioName,Label,Baseline
5903,Pset_NRCOperationalCarbon,AnalysisRunId,Identifier,run-2026-09-17-01
5903,Pset_NRCEnergyPerformance,EnergyUseIntensity_kWh_per_m2_year,Real,73.0
5903,Pset_NRCEnergyPerformance,ScenarioName,Label,Baseline
5903,Pset_NRCEnergyPerformance,AnalysisRunId,Identifier,run-2026-09-17-01
5948,Pset_NRCEmbodiedCarbon,EmbodiedCarbon_A1A3_kgCO2e,Real,785.7
5948,Pset_NRCEmbodiedCarbon,EmbodiedCarbon_A1A5_kgCO2e,Real,880.0
5948,Pset_NRCEmbodiedCarbon,ScenarioName,Label,Baseline
5948,Pset_NRCEmbodiedCarbon,AnalysisRunId,Identifier,run-2026-09-17-01
5948,Pset_NRCOperationalCarbon,OperationalCarbon_kgCO2e_per_year,Real,315.3
5948,Pset_NRCOperationalCarbon,GridEmissionFactor_kgCO2e_per_kWh,Real,0.11
5948,Pset_NRCOperationalCarbon,ScenarioName,Label,Baseline
5948,Pset_NRCOperationalCarbon,AnalysisRunId,Identifier,run-2026-09-17-01
5948,Pset_NRCEnergyPerformance,EnergyUseIntensity_kWh_per_m2_year,Real,52.0
5948,Pset_NRCEnergyPerformance,ScenarioName,Label,Baseline
5948,Pset_NRCEnergyPerformance,AnalysisRunId,Identifier,run-2026-09-17-01
5992,Pset_NRCEmbodiedCarbon,EmbodiedCarbon_A1A3_kgCO2e,Real,844.6
5992,Pset_NRCEmbodiedCarbon,EmbodiedCarbon_A1A5_kgCO2e,Real,946.0
5992,Pset_NRCEmbodiedCarbon,ScenarioName,Label,Baseline
5992,Pset_NRCEmbodiedCarbon,AnalysisRunId,Identifier,run-2026-09-17-01
5992,Pset_NRCOperationalCarbon,OperationalCarbon_kgCO2e_per_year,Real,255.3
5992,Pset_NRCOperationalCarbon,GridEmissionFactor_kgCO2e_per_kWh,Real,0.11
5992,Pset_NRCOperationalCarbon,ScenarioName,Label,Baseline
5992,Pset_NRCOperationalCarbon,AnalysisRunId,Identifier,run-2026-09-17-01
5992,Pset_NRCEnergyPerformance,EnergyUseIntensity_kWh_per_m2_year,Real,46.4
5992,Pset_NRCEnergyPerformance,ScenarioName,Label,Baseline
5992,Pset_NRCEnergyPerformance,AnalysisRunId,Identifier,run-2026-09-17-01
6036,Pset_NRCEmbodiedCarbon,EmbodiedCarbon_A1A3_kgCO2e,Real,915.6
6036,Pset_NRCEmbodiedCarbon,EmbodiedCarbon_A1A5_kgCO2e,Real,1025.5
6036,Pset_NRCEmbodiedCarbon,ScenarioName,Label,Baseline
6036,Pset_NRCEmbodiedCarbon,AnalysisRunId,Identifier,run-2026-09-17-01
6036,Pset_NRCOperationalCarbon,OperationalCarbon_kgCO2e_per_year,Real,287.5
6036,Pset_NRCOperationalCarbon,GridEmissionFactor_kgCO2e_per_kWh,Real,0.11
6036,Pset_NRCOperationalCarbon,ScenarioName,Label,Baseline
6036,Pset_NRCOperationalCarbon,AnalysisRunId,Identifier,run-2026-09-17-01
6036,Pset_NRCEnergyPerformance,EnergyUseIntensity_kWh_per_m2_year,Real,86.7
6036,Pset_NRCEnergyPerformance,ScenarioName,Label,Baseline
6036,Pset_NRCEnergyPerformance,AnalysisRunId,Identifier,run-2026-09-17-01
6080,Pset_NRCEmbodiedCarbon,EmbodiedCarbon_A1A3_kgCO2e,Real,832.6
6080,Pset_NRCEmbodiedCarbon,EmbodiedCarbon_A1A5_kgCO2e,Real,932.5
6080,Pset_NRCEmbodiedCarbon,ScenarioName,Label,Baseline
6080,Pset_NRCEmbodiedCarbon,AnalysisRunId,Identifier,run-2026-09-17-01
6080,Pset_NRCOperationalCarbon,OperationalCarbon_kgCO2e_per_year,Real,320.8
6080,Pset_NRCOperationalCarbon,GridEmissionFactor_kgCO2e_per_kWh,Real,0.11
6080,Pset_NRCOperationalCarbon,ScenarioName,Label,Baseline
6080,Pset_NRCOperationalCarbon,AnalysisRunId,Identifier,run-2026-09-17-01
6080,Pset_NRCEnergyPerformance,EnergyUseIntensity_kWh_per_m2_year,Real,87.0
6080,Pset_NRCEnergyPerformance,ScenarioName,Label,Baseline
6080,Pset_NRCEnergyPerformance,AnalysisRunId,Identifier,run-2026-09-17-01
6132,Pset_NRCEmbodiedCarbon,EmbodiedCarbon_A1A3_kgCO2e,Real,2277.2
6132,Pset_NRCEmbodiedCarbon,EmbodiedCarbon_A1A5_kgCO2e,Real,2550.5
6132,Pset_NRCEmbodiedCarbon,ScenarioName,Label,Baseline
6132,Pset_NRCEmbodiedCarbon,AnalysisRunId,Identifier,run-2026-09-17-01
6132,Pset_NRCOperationalCarbon,OperationalCarbon_kgCO2e_per_year,Real,211.1
6132,Pset_NRCOperationalCarbon,GridEmissionFactor_kgCO2e_per_kWh,Real,0.11
6132,Pset_NRCOperationalCarbon,ScenarioName,Label,Baseline
6132,Pset_NRCOperationalCarbon,AnalysisRunId,Identifier,run-2026-09-17-01
6132,Pset_NRCEnergyPerformance,EnergyUseIntensity_kWh_per_m2_year,Real,47.4
6132,Pset_NRCEnergyPerformance,ScenarioName,Label,Baseline
6132,Pset_NRCEnergyPerformance,AnalysisRunId,Identifier,run-2026-09-17-01
6247,Pset_NRCEmbodiedCarbon,EmbodiedCarbon_A1A3_kgCO2e,Real,3003.1
6247,Pset_NRCEmbodiedCarbon,EmbodiedCarbon_A1A5_kgCO2e,Real,3363.5
6247,Pset_NRCEmbodiedCarbon,ScenarioName,Label,Baseline
6247,Pset_NRCEmbodiedCarbon,AnalysisRunId,Identifier,run-2026-09-17-01
6247,Pset_NRCOperationalCarbon,OperationalCarbon_kgCO2e_per_year,Real,204.4
6247,Pset_NRCOperationalCarbon,GridEmissionFactor_kgCO2e_per_kWh,Real,0.11
6247,Pset_NRCOperationalCarbon,ScenarioName,Label,Baseline
6247,Pset_NRCOperationalCarbon,AnalysisRunId,Identifier,run-2026-09-17-01
6247,Pset_NRCEnergyPerformance,EnergyUseIntensity_kWh_per_m2_year,Real,44.3
6247,Pset_NRCEnergyPerformance,ScenarioName,Label,Baseline
6247,Pset_NRCEnergyPerformance,AnalysisRunId,Identifier,run-2026-09-17-01
6426,Pset_NRCEmbodiedCarbon,EmbodiedCarbon_A1A3_kgCO2e,Real,199.6
6426,Pset_NRCEmbodiedCarbon,EmbodiedCarbon_A1A5_kgCO2e,Real,223.6
6426,Pset_NRCEmbodiedCarbon,ScenarioName,Label,Baseline
6426,Pset_NRCEmbodiedCarbon,AnalysisRunId,Identifier,run-2026-09-17-01
6426,Pset_NRCOperationalCarbon,OperationalCarbon_kgCO2e_per_year,Real,15.8
6426,Pset_NRCOperationalCarbon,GridEmissionFactor_kgCO2e_per_kWh,Real,0.11
6426,Pset_NRCOperationalCarbon,ScenarioName,Label,Baseline
6426,Pset_NRCOperationalCarbon,AnalysisRunId,Identifier,run-2026-09-17-01
6426,Pset_NRCEnergyPerformance,EnergyUseIntensity_kWh_per_m2_year,Real,26.4
6426,Pset_NRCEnergyPerformance,ScenarioName,Label,Baseline
6426,Pset_NRCEnergyPerformance,AnalysisRunId,Identifier,run-2026-09-17-01
6531,Pset_NRCEmbodiedCarbon,EmbodiedCarbon_A1A3_kgCO2e,Real,190.7
6531,Pset_NRCEmbodiedCarbon,EmbodiedCarbon_A1A5_kgCO2e,Real,213.6
6531,Pset_NRCEmbodiedCarbon,ScenarioName,Label,Baseline
6531,Pset_NRCEmbodiedCarbon,AnalysisRunId,Identifier,run-2026-09-17-01
6531,Pset_NRCOperationalCarbon,OperationalCarbon_kgCO2e_per_year,Real,15.4
6531,Pset_NRCOperationalCarbon,GridEmissionFactor_kgCO2e_per_kWh,Real,0.11
6531,Pset_NRCOperationalCarbon,ScenarioName,Label,Baseline
6531,Pset_NRCOperationalCarbon,AnalysisRunId,Identifier,run-2026-09-17-01
6531,Pset_NRCEnergyPerformance,EnergyUseIntensity_kWh_per_m2_year,Real,10.9
6531,Pset_NRCEnergyPerformance,ScenarioName,Label,Baseline
6531,Pset_NRCEnergyPerformance,AnalysisRunId,Identifier,run-2026-09-17-01
6652,Pset_NRCEmbodiedCarbon,EmbodiedCarbon_A1A3_kgCO2e,Real,110.6
6652,Pset_NRCEmbodiedCarbon,EmbodiedCarbon_A1A5_kgCO2e,Real,123.9
6652,Pset_NRCEmbodiedCarbon,ScenarioName,Label,Baseline
6652,Pset_NRCEmbodiedCarbon,AnalysisRunId,Identifier,run-2026-09-17-01
6652,Pset_NRCOperationalCarbon,OperationalCarbon_kgCO2e_per_year,Real,59.5
6652,Pset_NRCOperationalCarbon,GridEmissionFactor_kgCO2e_per_kWh,Real,0.11
6652,Pset_NRCOperationalCarbon,ScenarioName,Label,Baseline
6652,Pset_NRCOperationalCarbon,AnalysisRunId,Identifier,run-2026-09-17-01
6652,Pset_NRCEnergyPerformance,EnergyUseIntensity_kWh_per_m2_year,Real,25.9
6652,Pset_NRCEnergyPerformance,ScenarioName,Label,Baseline
6652,Pset_NRCEnergyPerformance,AnalysisRunId,Identifier,run-2026-09-17-01
6757,Pset_NRCEmbodiedCarbon,EmbodiedCarbon_A1A3_kgCO2e,Real,91.6
6757,Pset_NRCEmbodiedCarbon,EmbodiedCarbon_A1A5_kgCO2e,Real,102.6
6757,Pset_NRCEmbodiedCarbon,ScenarioName,Label,Baseline
6757,Pset_NRCEmbodiedCarbon,AnalysisRunId,Identifier,run-2026-09-17-01
6757,Pset_NRCOperationalCarbon,OperationalCarbon_kgCO2e_per_year,Real,146.1
6757,Pset_NRCOperationalCarbon,GridEmissionFactor_kgCO2e_per_kWh,Real,0.11
6757,Pset_NRCOperationalCarbon,ScenarioName,Label,Baseline
6757,Pset_NRCOperationalCarbon,AnalysisRunId,Identifier,run-2026-09-17-01
6757,Pset_NRCEnergyPerformance,EnergyUseIntensity_kWh_per_m2_year,Real,43.7
6757,Pset_NRCEnergyPerformance,ScenarioName,Label,Baseline
6757,Pset_NRCEnergyPerformance,AnalysisRunId,Identifier,run-2026-09-17-01
6921,Pset_NRCEmbodiedCarbon,EmbodiedCarbon_A1A3_kgCO2e,Real,179.6
6921,Pset_NRCEmbodiedCarbon,EmbodiedCarbon_A1A5_kgCO2e,Real,201.2
6921,Pset_NRCEmbodiedCarbon,ScenarioName,Label,Baseline
6921,Pset_NRCEmbodiedCarbon,AnalysisRunId,Identifier,run-2026-09-17-01
6921,Pset_NRCOperationalCarbon,OperationalCarbon_kgCO2e_per_year,Real,60.9
6921,Pset_NRCOperationalCarbon,GridEmissionFactor_kgCO2e_per_kWh,Real,0.11
6921,Pset_NRCOperationalCarbon,ScenarioName,Label,Baseline
6921,Pset_NRCOperationalCarbon,AnalysisRunId,Identifier,run-2026-09-17-01
6921,Pset_NRCEnergyPerformance,EnergyUseIntensity_kWh_per_m2_year,Real,13.3
6921,Pset_NRCEnergyPerformance,ScenarioName,Label,Baseline
6921,Pset_NRCEnergyPerformance,AnalysisRunId,Identifier,run-2026-09-17-01
7025,Pset_NRCEmbodiedCarbon,EmbodiedCarbon_A1A3_kgCO2e,Real,169.0
7025,Pset_NRCEmbodiedCarbon,EmbodiedCarbon_A1A5_kgCO2e,Real,189.3
7025,Pset_NRCEmbodiedCarbon,ScenarioName,Label,Baseline
7025,Pset_NRCEmbodiedCarbon,AnalysisRunId,Identifier,run-2026-09-17-01
7025,Pset_NRCOperationalCarbon,OperationalCarbon_kgCO2e_per_year,Real,22.1
7025,Pset_NRCOperationalCarbon,GridEmissionFactor_kgCO2e_per_kWh,Real,0.11
7025,Pset_NRCOperationalCarbon,ScenarioName,Label,Baseline
7025,Pset_NRCOperationalCarbon,AnalysisRunId,Identifier,run-2026-09-17-01
7025,Pset_NRCEnergyPerformance,EnergyUseIntensity_kWh_per_m2_year,Real,33.0
7025,Pset_NRCEnergyPerformance,ScenarioName,Label,Baseline
7025,Pset_NRCEnergyPerformance,AnalysisRunId,Identifier,run-2026-09-17-01
7190,Pset_NRCEmbodiedCarbon,EmbodiedCarbon_A1A3_kgCO2e,Real,143.3
7190,Pset_NRCEmbodiedCarbon,EmbodiedCarbon_A1A5_kgCO2e,Real,160.5
7190,Pset_NRCEmbodiedCarbon,ScenarioName,Label,Baseline
7190,Pset_NRCEmbodiedCarbon,AnalysisRunId,Identifier,run-2026-09-17-01
7190,Pset_NRCOperationalCarbon,OperationalCarbon_kgCO2e_per_year,Real,32.1
7190,Pset_NRCOperationalCarbon,GridEmissionFactor_kgCO2e_per_kWh,Real,0.11
7190,Pset_NRCOperationalCarbon,ScenarioName,Label,Baseline
7190,Pset_NRCOperationalCarbon,AnalysisRunId,Identifier,run-2026-09-17-01
7190,Pset_NRCEnergyPerformance,EnergyUseIntensity_kWh_per_m2_year,Real,25.1
7190,Pset_NRCEnergyPerformance,ScenarioName,Label,Baseline
7190,Pset_NRCEnergyPerformance,AnalysisRunId,Identifier,run-2026-09-17-01
7407,Pset_NRCEmbodiedCarbon,EmbodiedCarbon_A1A3_kgCO2e,Real,123.8
7407,Pset_NRCEmbodiedCarbon,EmbodiedCarbon_A1A5_kgCO2e,Real,138.7
7407,Pset_NRCEmbodiedCarbon,ScenarioName,Label,Baseline
7407,Pset_NRCEmbodiedCarbon,AnalysisRunId,Identifier,run-2026-09-17-01
7407,Pset_NRCOperationalCarbon,OperationalCarbon_kgCO2e_per_year,Real,19.4
7407,Pset_NRCOperationalCarbon,GridEmissionFactor_kgCO2e_per_kWh,Real,0.11
7407,Pset_NRCOperationalCarbon,ScenarioName,Label,Baseline
7407,Pset_NRCOperationalCarbon,AnalysisRunId,Identifier,run-2026-09-17-01
7407,Pset_NRCEnergyPerformance,EnergyUseIntensity_kWh_per_m2_year,Real,22.4
7407,Pset_NRCEnergyPerformance,ScenarioName,Label,Baseline
7407,Pset_NRCEnergyPerformance,AnalysisRunId,Identifier,run-2026-09-17-01
7639,Pset_NRCEmbodiedCarbon,EmbodiedCarbon_A1A3_kgCO2e,Real,162.6
7639,Pset_NRCEmbodiedCarbon,EmbodiedCarbon_A1A5_kgCO2e,Real,182.1
7639,Pset_NRCEmbodiedCarbon,ScenarioName,Label,Baseline
7639,Pset_NRCEmbodiedCarbon,AnalysisRunId,Identifier,run-2026-09-17-01
7639,Pset_NRCOperationalCarbon,OperationalCarbon_kgCO2e_per_year,Real,26.5
7639,Pset_NRCOperationalCarbon,GridEmissionFactor_kgCO2e_per_kWh,Real,0.11
7639,Pset_NRCOperationalCarbon,ScenarioName,Label,Baseline
7639,Pset_NRCOperationalCarbon,AnalysisRunId,Identifier,run-2026-09-17-01
7639,Pset_NRCEnergyPerformance,EnergyUseIntensity_kWh_per_m2_year,Real,35.0
7639,Pset_NRCEnergyPerformance,ScenarioName,Label,Baseline
7639,Pset_NRCEnergyPerformance,AnalysisRunId,Identifier,run-2026-09-17-01
7743,Pset_NRCEmbodiedCarbon,EmbodiedCarbon_A1A3_kgCO2e,Real,128.1
7743,Pset_NRCEmbodiedCarbon,EmbodiedCarbon_A1A5_kgCO2e,Real,143.5
7743,Pset_NRCEmbodiedCarbon,ScenarioName,Label,Baseline
7743,Pset_NRCEmbodiedCarbon,AnalysisRunId,Identifier,run-2026-09-17-01
7743,Pset_NRCOperationalCarbon,OperationalCarbon_kgCO2e_per_year,Real,42.1
7743,Pset_NRCOperationalCarbon,GridEmissionFactor_kgCO2e_per_kWh,Real,0.11
7743,Pset_NRCOperationalCarbon,ScenarioName,Label,Baseline
7743,Pset_NRCOperationalCarbon,AnalysisRunId,Identifier,run-2026-09-17-01
7743,Pset_NRCEnergyPerformance,EnergyUseIntensity_kWh_per_m2_year,Real,17.2
7743,Pset_NRCEnergyPerformance,ScenarioName,Label,Baseline
7743,Pset_NRCEnergyPerformance,AnalysisRunId,Identifier,run-2026-09-17-01
7795,Pset_NRCEmbodiedCarbon,EmbodiedCarbon_A1A3_kgCO2e,Real,145.6
7795,Pset_NRCEmbodiedCarbon,EmbodiedCarbon_A1A5_kgCO2e,Real,163.1
7795,Pset_NRCEmbodiedCarbon,ScenarioName,Label,Baseline
7795,Pset_NRCEmbodiedCarbon,AnalysisRunId,Identifier,run-2026-09-17-01
7795,Pset_NRCOperationalCarbon,OperationalCarbon_kgCO2e_per_year,Real,47.6
7795,Pset_NRCOperationalCarbon,GridEmissionFactor_kgCO2e_per_kWh,Real,0.11
7795,Pset_NRCOperationalCarbon,ScenarioName,Label,Baseline
7795,Pset_NRCOperationalCarbon,AnalysisRunId,Identifier,run-2026-09-17-01
7795,Pset_NRCEnergyPerformance,EnergyUseIntensity_kWh_per_m2_year,Real,26.2
7795,Pset_NRCEnergyPerformance,ScenarioName,Label,Baseline
7795,Pset_NRCEnergyPerformance,AnalysisRunId,Identifier,run-2026-09-17-01
7847,Pset_NRCEmbodiedCarbon,EmbodiedCarbon_A1A3_kgCO2e,Real,154.8
7847,Pset_NRCEmbodiedCarbon,EmbodiedCarbon_A1A5_kgCO2e,Real,173.4
7847,Pset_NRCEmbodiedCarbon,ScenarioName,Label,Baseline
7847,Pset_NRCEmbodiedCarbon,AnalysisRunId,Identifier,run-2026-09-17-01
7847,Pset_NRCOperationalCarbon,OperationalCarbon_kgCO2e_per_year,Real,47.0
7847,Pset_NRCOperationalCarbon,GridEmissionFactor_kgCO2e_per_kWh,Real,0.11
7847,Pset_NRCOperationalCarbon,ScenarioName,Label,Baseline
7847,Pset_NRCOperationalCarbon,AnalysisRunId,Identifier,run-2026-09-17-01
7847,Pset_NRCEnergyPerformance,EnergyUseIntensity_kWh_per_m2_year,Real,16.8
7847,Pset_NRCEnergyPerformance,ScenarioName,Label,Baseline
7847,Pset_NRCEnergyPerformance,AnalysisRunId,Identifier,run-2026-09-17-01
7899,Pset_NRCEmbodiedCarbon,EmbodiedCarbon_A1A3_kgCO2e,Real,144.7
7899,Pset_NRCEmbodiedCarbon,EmbodiedCarbon_A1A5_kgCO2e,Real,162.1
7899,Pset_NRCEmbodiedCarbon,ScenarioName,Label,Baseline
7899,Pset_NRCEmbodiedCarbon,AnalysisRunId,Identifier,run-2026-09-17-01
7899,Pset_NRCOperationalCarbon,OperationalCarbon_kgCO2e_per_year,Real,37.0
7899,Pset_NRCOperationalCarbon,GridEmissionFactor_kgCO2e_per_kWh,Real,0.11
7899,Pset_NRCOperationalCarbon,ScenarioName,Label,Baseline
7899,Pset_NRCOperationalCarbon,AnalysisRunId,Identifier,run-2026-09-17-01
7899,Pset_NRCEnergyPerformance,EnergyUseIntensity_kWh_per_m2_year,Real,24.7
7899,Pset_NRCEnergyPerformance,ScenarioName,Label,Baseline
7899,Pset_NRCEnergyPerformance,AnalysisRunId,Identifier,run-2026-09-17-01
7951,Pset_NRCEmbodiedCarbon,EmbodiedCarbon_A1A3_kgCO2e,Real,161.7
7951,Pset_NRCEmbodiedCarbon,EmbodiedCarbon_A1A5_kgCO2e,Real,181.1
7951,Pset_NRCEmbodiedCarbon,ScenarioName,Label,Baseline
7951,Pset_NRCEmbodiedCarbon,AnalysisRunId,Identifier,run-2026-09-17-01
7951,Pset_NRCOperationalCarbon,OperationalCarbon_kgCO2e_per_year,Real,44.7
7951,Pset_NRCOperationalCarbon,GridEmissionFactor_kgCO2e_per_kWh,Real,0.11
7951,Pset_NRCOperationalCarbon,ScenarioName,Label,Baseline
7951,Pset_NRCOperationalCarbon,AnalysisRunId,Identifier,run-2026-09-17-01
7951,Pset_NRCEnergyPerformance,EnergyUseIntensity_kWh_per_m2_year,Real,21.7
7951,Pset_NRCEnergyPerformance,ScenarioName,Label,Baseline
7951,Pset_NRCEnergyPerformance,AnalysisRunId,Identifier,run-2026-09-17-01
8066,Pset_NRCEmbodiedCarbon,EmbodiedCarbon_A1A3_kgCO2e,Real,88.7
8066,Pset_NRCEmbodiedCarbon,EmbodiedCarbon_A1A5_kgCO2e,Real,99.3
8066,Pset_NRCEmbodiedCarbon,ScenarioName,Label,Baseline
8066,Pset_NRCEmbodiedCarbon,AnalysisRunId,Identifier,run-2026-09-17-01
8066,Pset_NRCOperationalCarbon,OperationalCarbon_kgCO2e_per_year,Real,54.0
8066,Pset_NRCOperationalCarbon,GridEmissionFactor_kgCO2e_per_kWh,Real,0.11
8066,Pset_NRCOperationalCarbon,ScenarioName,Label,Baseline
8066,Pset_NRCOperationalCarbon,AnalysisRunId,Identifier,run-2026-09-17-01
8066,Pset_NRCEnergyPerformance,EnergyUseIntensity_kWh_per_m2_year,Real,21.9
8066,Pset_NRCEnergyPerformance,ScenarioName,Label,Baseline
8066,Pset_NRCEnergyPerformance,AnalysisRunId,Identifier,run-2026-09-17-01
8169,Pset_NRCEmbodiedCarbon,EmbodiedCarbon_A1A3_kgCO2e,Real,104.7
8169,Pset_NRCEmbodiedCarbon,EmbodiedCarbon_A1A5_kgCO2e,Real,117.3
8169,Pset_NRCEmbodiedCarbon,ScenarioName,Label,Baseline
8169,Pset_NRCEmbodiedCarbon,AnalysisRunId,Identifier,run-2026-09-17-01
8169,Pset_NRCOperationalCarbon,OperationalCarbon_kgCO2e_per_year,Real,146.1
8169,Pset_NRCOperationalCarbon,GridEmissionFactor_kgCO2e_per_kWh,Real,0.11
8169,Pset_NRCOperationalCarbon,ScenarioName,Label,Baseline
8169,Pset_NRCOperationalCarbon,AnalysisRunId,Identifier,run-2026-09-17-01
8169,Pset_NRCEnergyPerformance,EnergyUseIntensity_kWh_per_m2_year,Real,43.7
8169,Pset_NRCEnergyPerformance,ScenarioName,Label,Baseline
8169,Pset_NRCEnergyPerformance,AnalysisRunId,Identifier,run-2026-09-17-01
8283,Pset_NRCEmbodiedCarbon,EmbodiedCarbon_A1A3_kgCO2e,Real,109.3
8283,Pset_NRCEmbodiedCarbon,EmbodiedCarbon_A1A5_kgCO2e,Real,122.4
8283,Pset_NRCEmbodiedCarbon,ScenarioName,Label,Baseline
8283,Pset_NRCEmbodiedCarbon,AnalysisRunId,Identifier,run-2026-09-17-01
8283,Pset_NRCOperationalCarbon,OperationalCarbon_kgCO2e_per_year,Real,53.9
8283,Pset_NRCOperationalCarbon,GridEmissionFactor_kgCO2e_per_kWh,Real,0.11
8283,Pset_NRCOperationalCarbon,ScenarioName,Label,Baseline
8283,Pset_NRCOperationalCarbon,AnalysisRunId,Identifier,run-2026-09-17-01
8283,Pset_NRCEnergyPerformance,EnergyUseIntensity_kWh_per_m2_year,Real,45.8
8283,Pset_NRCEnergyPerformance,ScenarioName,Label,Baseline
8283,Pset_NRCEnergyPerformance,AnalysisRunId,Identifier,run-2026-09-17-01
8386,Pset_NRCEmbodiedCarbon,EmbodiedCarbon_A1A3_kgCO2e,Real,94.1
8386,Pset_NRCEmbodiedCarbon,EmbodiedCarbon_A1A5_kgCO2e,Real,105.4
8386,Pset_NRCEmbodiedCarbon,ScenarioName,Label,Baseline
8386,Pset_NRCEmbodiedCarbon,AnalysisRunId,Identifier,run-2026-09-17-01
8386,Pset_NRCOperationalCarbon,OperationalCarbon_kgCO2e_per_year,Real,85.1
8386,Pset_NRCOperationalCarbon,GridEmissionFactor_kgCO2e_per_kWh,Real,0.11
8386,Pset_NRCOperationalCarbon,ScenarioName,Label,Baseline
8386,Pset_NRCOperationalCarbon,AnalysisRunId,Identifier,run-2026-09-17-01
8386,Pset_NRCEnergyPerformance,EnergyUseIntensity_kWh_per_m2_year,Real,21.2
8386,Pset_NRCEnergyPerformance,ScenarioName,Label,Baseline
8386,Pset_NRCEnergyPerformance,AnalysisRunId,Identifier,run-2026-09-17-01
8970,Pset_NRCEmbodiedCarbon,EmbodiedCarbon_A1A3_kgCO2e,Real,243.6
8970,Pset_NRCEmbodiedCarbon,EmbodiedCarbon_A1A5_kgCO2e,Real,272.8
8970,Pset_NRCEmbodiedCarbon,ScenarioName,Label,Baseline
8970,Pset_NRCEmbodiedCarbon,AnalysisRunId,Identifier,run-2026-09-17-01
8970,Pset_NRCOperationalCarbon,OperationalCarbon_kgCO2e_per_year,Real,168.5
8970,Pset_NRCOperationalCarbon,GridEmissionFactor_kgCO2e_per_kWh,Real,0.11
8970,Pset_NRCOperationalCarbon,ScenarioName,Label,Baseline
8970,Pset_NRCOperationalCarbon,AnalysisRunId,Identifier,run-2026-09-17-01
8970,Pset_NRCEnergyPerformance,EnergyUseIntensity_kWh_per_m2_year,Real,45.0
8970,Pset_NRCEnergyPerformance,ScenarioName,Label,Baseline
8970,Pset_NRCEnergyPerformance,AnalysisRunId,Identifier,run-2026-09-17-01
9002,Pset_NRCEmbodiedCarbon,EmbodiedCarbon_A1A3_kgCO2e,Real,130.1
9002,Pset_NRCEmbodiedCarbon,EmbodiedCarbon_A1A5_kgCO2e,Real,145.7
9002,Pset_NRCEmbodiedCarbon,ScenarioName,Label,Baseline
9002,Pset_NRCEmbodiedCarbon,AnalysisRunId,Identifier,run-2026-09-17-01
9002,Pset_NRCOperationalCarbon,OperationalCarbon_kgCO2e_per_year,Real,96.5
9002,Pset_NRCOperationalCarbon,GridEmissionFactor_kgCO2e_per_kWh,Real,0.11
9002,Pset_NRCOperationalCarbon,ScenarioName,Label,Baseline
9002,Pset_NRCOperationalCarbon,AnalysisRunId,Identifier,run-2026-09-17-01
9002,Pset_NRCEnergyPerformance,EnergyUseIntensity_kWh_per_m2_year,Real,45.3
9002,Pset_NRCEnergyPerformance,ScenarioName,Label,Baseline
9002,Pset_NRCEnergyPerformance,AnalysisRunId,Identifier,run-2026-09-17-01
9020,Pset_NRCEmbodiedCarbon,EmbodiedCarbon_A1A3_kgCO2e,Real,97.8
9020,Pset_NRCEmbodiedCarbon,EmbodiedCarbon_A1A5_kgCO2e,Real,109.5
9020,Pset_NRCEmbodiedCarbon,ScenarioName,Label,Baseline
9020,Pset_NRCEmbodiedCarbon,AnalysisRunId,Identifier,run-2026-09-17-01
9020,Pset_NRCOperationalCarbon,OperationalCarbon_kgCO2e_per_year,Real,174.2
9020,Pset_NRCOperationalCarbon,GridEmissionFactor_kgCO2e_per_kWh,Real,0.11
9020,Pset_NRCOperationalCarbon,ScenarioName,Label,Baseline
9020,Pset_NRCOperationalCarbon,AnalysisRunId,Identifier,run-2026-09-17-01
9020,Pset_NRCEnergyPerformance,EnergyUseIntensity_kWh_per_m2_year,Real,40.1
9020,Pset_NRCEnergyPerformance,ScenarioName,Label,Baseline
9020,Pset_NRCEnergyPerformance,AnalysisRunId,Identifier,run-2026-09-17-01
9021,Pset_NRCEmbodiedCarbon,EmbodiedCarbon_A1A3_kgCO2e,Real,778.3
9021,Pset_NRCEmbodiedCarbon,EmbodiedCarbon_A1A5_kgCO2e,Real,871.7
9021,Pset_NRCEmbodiedCarbon,ScenarioName,Label,Baseline
9021,Pset_NRCEmbodiedCarbon,AnalysisRunId,Identifier,run-2026-09-17-01
9021,Pset_NRCOperationalCarbon,OperationalCarbon_kgCO2e_per_year,Real,100.9
9021,Pset_NRCOperationalCarbon,GridEmissionFactor_kgCO2e_per_kWh,Real,0.11
9021,Pset_NRCOperationalCarbon,ScenarioName,Label,Baseline
9021,Pset_NRCOperationalCarbon,AnalysisRunId,Identifier,run-2026-09-17-01
9021,Pset_NRCEnergyPerformance,EnergyUseIntensity_kWh_per_m2_year,Real,21.3
9021,Pset_NRCEnergyPerformance,ScenarioName,Label,Baseline
9021,Pset_NRCEnergyPerformance,AnalysisRunId,Identifier,run-2026-09-17-01
9326,Pset_NRCEmbodiedCarbon,EmbodiedCarbon_A1A3_kgCO2e,Real,68.4
9326,Pset_NRCEmbodiedCarbon,EmbodiedCarbon_A1A5_kgCO2e,Real,76.6
9326,Pset_NRCEmbodiedCarbon,ScenarioName,Label,Baseline
9326,Pset_NRCEmbodiedCarbon,AnalysisRunId,Identifier,run-2026-09-17-01
9326,Pset_NRCOperationalCarbon,OperationalCarbon_kgCO2e_per_year,Real,49.7
9326,Pset_NRCOperationalCarbon,GridEmissionFactor_kgCO2e_per_kWh,Real,0.11
9326,Pset_NRCOperationalCarbon,ScenarioName,Label,Baseline
9326,Pset_NRCOperationalCarbon,AnalysisRunId,Identifier,run-2026-09-17-01
9326,Pset_NRCEnergyPerformance,EnergyUseIntensity_kWh_per_m2_year,Real,22.6
9326,Pset_NRCEnergyPerformance,ScenarioName,Label,Baseline
9326,Pset_NRCEnergyPerformance,AnalysisRunId,Identifier,run-2026-09-17-01
12184,Pset_NRCEmbodiedCarbon,EmbodiedCarbon_A1A3_kgCO2e,Real,59.2
12184,Pset_NRCEmbodiedCarbon,EmbodiedCarbon_A1A5_kgCO2e,Real,66.3
12184,Pset_NRCEmbodiedCarbon,ScenarioName,Label,Baseline
12184,Pset_NRCEmbodiedCarbon,AnalysisRunId,Identifier,run-2026-09-17-01
12184,Pset_NRCOperationalCarbon,OperationalCarbon_kgCO2e_per_year,Real,45.3
12184,Pset_NRCOperationalCarbon,GridEmissionFactor_kgCO2e_per_kWh,Real,0.11
12184,Pset_NRCOperationalCarbon,ScenarioName,Label,Baseline
12184,Pset_NRCOperationalCarbon,AnalysisRunId,Identifier,run-2026-09-17-01
12184,Pset_NRCEnergyPerformance,EnergyUseIntensity_kWh_per_m2_year,Real,9.6
12184,Pset_NRCEnergyPerformance,ScenarioName,Label,Baseline
12184,Pset_NRCEnergyPerformance,AnalysisRunId,Identifier,run-2026-09-17-01
12574,Pset_NRCEmbodiedCarbon,EmbodiedCarbon_A1A3_kgCO2e,Real,42.7
12574,Pset_NRCEmbodiedCarbon,EmbodiedCarbon_A1A5_kgCO2e,Real,47.8
12574,Pset_NRCEmbodiedCarbon,ScenarioName,Label,Baseline
12574,Pset_NRCEmbodiedCarbon,AnalysisRunId,Identifier,run-2026-09-17-01
12574,Pset_NRCOperationalCarbon,OperationalCarbon_kgCO2e_per_year,Real,16.0
12574,Pset_NRCOperationalCarbon,GridEmissionFactor_kgCO2e_per_kWh,Real,0.11
12574,Pset_NRCOperationalCarbon,ScenarioName,Label,Baseline
12574,Pset_NRCOperationalCarbon,AnalysisRunId,Identifier,run-2026-09-17-01
12574,Pset_NRCEnergyPerformance,EnergyUseIntensity_kWh_per_m2_year,Real,15.9
12574,Pset_NRCEnergyPerformance,ScenarioName,Label,Baseline
12574,Pset_NRCEnergyPerformance,AnalysisRunId,Identifier,run-2026-09-17-01
12976,Pset_NRCEmbodiedCarbon,EmbodiedCarbon_A1A3_kgCO2e,Real,39.9
12976,Pset_NRCEmbodiedCarbon,EmbodiedCarbon_A1A5_kgCO2e,Real,44.7
12976,Pset_NRCEmbodiedCarbon,ScenarioName,Label,Baseline
12976,Pset_NRCEmbodiedCarbon,AnalysisRunId,Identifier,run-2026-09-17-01
12976,Pset_NRCOperationalCarbon,OperationalCarbon_kgCO2e_per_year,Real,14.8
12976,Pset_NRCOperationalCarbon,GridEmissionFactor_kgCO2e_per_kWh,Real,0.11
12976,Pset_NRCOperationalCarbon,ScenarioName,Label,Baseline
12976,Pset_NRCOperationalCarbon,AnalysisRunId,Identifier,run-2026-09-17-01
12976,Pset_NRCEnergyPerformance,EnergyUseIntensity_kWh_per_m2_year,Real,17.8
12976,Pset_NRCEnergyPerformance,ScenarioName,Label,Baseline
12976,Pset_NRCEnergyPerformance,AnalysisRunId,Identifier,run-2026-09-17-01
13331,Pset_NRCEmbodiedCarbon,EmbodiedCarbon_A1A3_kgCO2e,Real,56.4
13331,Pset_NRCEmbodiedCarbon,EmbodiedCarbon_A1A5_kgCO2e,Real,63.2
13331,Pset_NRCEmbodiedCarbon,ScenarioName,Label,Baseline
13331,Pset_NRCEmbodiedCarbon,AnalysisRunId,Identifier,run-2026-09-17-01
13331,Pset_NRCOperationalCarbon,OperationalCarbon_kgCO2e_per_year,Real,17.0
13331,Pset_NRCOperationalCarbon,GridEmissionFactor_kgCO2e_per_kWh,Real,0.11
13331,Pset_NRCOperationalCarbon,ScenarioName,Label,Baseline
13331,Pset_NRCOperationalCarbon,AnalysisRunId,Identifier,run-2026-09-17-01
13331,Pset_NRCEnergyPerformance,EnergyUseIntensity_kWh_per_m2_year,Real,13.6
13331,Pset_NRCEnergyPerformance,ScenarioName,Label,Baseline
13331,Pset_NRCEnergyPerformance,AnalysisRunId,Identifier,run-2026-09-17-01
13685,Pset_NRCEmbodiedCarbon,EmbodiedCarbon_A1A3_kgCO2e,Real,32.9
13685,Pset_NRCEmbodiedCarbon,EmbodiedCarbon_A1A5_kgCO2e,Real,36.8
13685,Pset_NRCEmbodiedCarbon,ScenarioName,Label,Baseline
13685,Pset_NRCEmbodiedCarbon,AnalysisRunId,Identifier,run-2026-09-17-01
13685,Pset_NRCOperationalCarbon,OperationalCarbon_kgCO2e_per_year,Real,16.9
13685,Pset_NRCOperationalCarbon,GridEmissionFactor_kgCO2e_per_kWh,Real,0.11
13685,Pset_NRCOperationalCarbon,ScenarioName,Label,Baseline
13685,Pset_NRCOperationalCarbon,AnalysisRunId,Identifier,run-2026-09-17-01
13685,Pset_NRCEnergyPerformance,EnergyUseIntensity_kWh_per_m2_year,Real,6.5
13685,Pset_NRCEnergyPerformance,ScenarioName,Label,Baseline
13685,Pset_NRCEnergyPerformance,AnalysisRunId,Identifier,run-2026-09-17-01
14040,Pset_NRCEmbodiedCarbon,EmbodiedCarbon_A1A3_kgCO2e,Real,43.9
14040,Pset_NRCEmbodiedCarbon,EmbodiedCarbon_A1A5_kgCO2e,Real,49.2
14040,Pset_NRCEmbodiedCarbon,ScenarioName,Label,Baseline
14040,Pset_NRCEmbodiedCarbon,AnalysisRunId,Identifier,run-2026-09-17-01
14040,Pset_NRCOperationalCarbon,OperationalCarbon_kgCO2e_per_year,Real,24.8
14040,Pset_NRCOperationalCarbon,GridEmissionFactor_kgCO2e_per_kWh,Real,0.11
14040,Pset_NRCOperationalCarbon,ScenarioName,Label,Baseline
14040,Pset_NRCOperationalCarbon,AnalysisRunId,Identifier,run-2026-09-17-01
14040,Pset_NRCEnergyPerformance,EnergyUseIntensity_kWh_per_m2_year,Real,7.9
14040,Pset_NRCEnergyPerformance,ScenarioName,Label,Baseline
14040,Pset_NRCEnergyPerformance,AnalysisRunId,Identifier,run-2026-09-17-01
14394,Pset_NRCEmbodiedCarbon,EmbodiedCarbon_A1A3_kgCO2e,Real,52.6
14394,Pset_NRCEmbodiedCarbon,EmbodiedCarbon_A1A5_kgCO2e,Real,58.9
14394,Pset_NRCEmbodiedCarbon,ScenarioName,Label,Baseline
14394,Pset_NRCEmbodiedCarbon,AnalysisRunId,Identifier,run-2026-09-17-01
14394,Pset_NRCOperationalCarbon,OperationalCarbon_kgCO2e_per_year,Real,16.9
14394,Pset_NRCOperationalCarbon,GridEmissionFactor_kgCO2e_per_kWh,Real,0.11
14394,Pset_NRCOperationalCarbon,ScenarioName,Label,Baseline
14394,Pset_NRCOperationalCarbon,AnalysisRunId,Identifier,run-2026-09-17-01
14394,Pset_NRCEnergyPerformance,EnergyUseIntensity_kWh_per_m2_year,Real,6.5
14394,Pset_NRCEnergyPerformance,ScenarioName,Label,Baseline
14394,Pset_NRCEnergyPerformance,AnalysisRunId,Identifier,run-2026-09-17-01
14749,Pset_NRCEmbodiedCarbon,EmbodiedCarbon_A1A3_kgCO2e,Real,42.2
14749,Pset_NRCEmbodiedCarbon,EmbodiedCarbon_A1A5_kgCO2e,Real,47.3
14749,Pset_NRCEmbodiedCarbon,ScenarioName,Label,Baseline
14749,Pset_NRCEmbodiedCarbon,AnalysisRunId,Identifier,run-2026-09-17-01
14749,Pset_NRCOperationalCarbon,OperationalCarbon_kgCO2e_per_year,Real,25.9
14749,Pset_NRCOperationalCarbon,GridEmissionFactor_kgCO2e_per_kWh,Real,0.11
14749,Pset_NRCOperationalCarbon,ScenarioName,Label,Baseline
14749,Pset_NRCOperationalCarbon,AnalysisRunId,Identifier,run-2026-09-17-01
14749,Pset_NRCEnergyPerformance,EnergyUseIntensity_kWh_per_m2_year,Real,14.9
14749,Pset_NRCEnergyPerformance,ScenarioName,Label,Baseline
14749,Pset_NRCEnergyPerformance,AnalysisRunId,Identifier,run-2026-09-17-01
15103,Pset_NRCEmbodiedCarbon,EmbodiedCarbon_A1A3_kgCO2e,Real,43.3
15103,Pset_NRCEmbodiedCarbon,EmbodiedCarbon_A1A5_kgCO2e,Real,48.5
15103,Pset_NRCEmbodiedCarbon,ScenarioName,Label,Baseline
15103,Pset_NRCEmbodiedCarbon,AnalysisRunId,Identifier,run-2026-09-17-01
15103,Pset_NRCOperationalCarbon,OperationalCarbon_kgCO2e_per_year,Real,24.8
15103,Pset_NRCOperationalCarbon,GridEmissionFactor_kgCO2e_per_kWh,Real,0.11
15103,Pset_NRCOperationalCarbon,ScenarioName,Label,Baseline
15103,Pset_NRCOperationalCarbon,AnalysisRunId,Identifier,run-2026-09-17-01
15103,Pset_NRCEnergyPerformance,EnergyUseIntensity_kWh_per_m2_year,Real,7.9
15103,Pset_NRCEnergyPerformance,ScenarioName,Label,Baseline
15103,Pset_NRCEnergyPerformance,AnalysisRunId,Identifier,run-2026-09-17-01
15463,Pset_NRCEmbodiedCarbon,EmbodiedCarbon_A1A3_kgCO2e,Real,32.3
15463,Pset_NRCEmbodiedCarbon,EmbodiedCarbon_A1A5_kgCO2e,Real,36.2
15463,Pset_NRCEmbodiedCarbon,ScenarioName,Label,Baseline
15463,Pset_NRCEmbodiedCarbon,AnalysisRunId,Identifier,run-2026-09-17-01
15463,Pset_NRCOperationalCarbon,OperationalCarbon_kgCO2e_per_year,Real,19.3
15463,Pset_NRCOperationalCarbon,GridEmissionFactor_kgCO2e_per_kWh,Real,0.11
15463,Pset_NRCOperationalCarbon,ScenarioName,Label,Baseline
15463,Pset_NRCOperationalCarbon,AnalysisRunId,Identifier,run-2026-09-17-01
15463,Pset_NRCEnergyPerformance,EnergyUseIntensity_kWh_per_m2_year,Real,20.9
15463,Pset_NRCEnergyPerformance,ScenarioName,Label,Baseline
15463,Pset_NRCEnergyPerformance,AnalysisRunId,Identifier,run-2026-09-17-01
15856,Pset_NRCEmbodiedCarbon,EmbodiedCarbon_A1A3_kgCO2e,Real,47.8
15856,Pset_NRCEmbodiedCarbon,EmbodiedCarbon_A1A5_kgCO2e,Real,53.5
15856,Pset_NRCEmbodiedCarbon,ScenarioName,Label,Baseline
15856,Pset_NRCEmbodiedCarbon,AnalysisRunId,Identifier,run-2026-09-17-01
15856,Pset_NRCOperationalCarbon,OperationalCarbon_kgCO2e_per_year,Real,21.6
15856,Pset_NRCOperationalCarbon,GridEmissionFactor_kgCO2e_per_kWh,Real,0.11
15856,Pset_NRCOperationalCarbon,ScenarioName,Label,Baseline
15856,Pset_NRCOperationalCarbon,AnalysisRunId,Identifier,run-2026-09-17-01
15856,Pset_NRCEnergyPerformance,EnergyUseIntensity_kWh_per_m2_year,Real,11.2
15856,Pset_NRCEnergyPerformance,ScenarioName,Label,Baseline
15856,Pset_NRCEnergyPerformance,AnalysisRunId,Identifier,run-2026-09-17-01
15962,Pset_NRCEmbodiedCarbon,EmbodiedCarbon_A1A3_kgCO2e,Real,75.4
15962,Pset_NRCEmbodiedCarbon,EmbodiedCarbon_A1A5_kgCO2e,Real,84.4
15962,Pset_NRCEmbodiedCarbon,ScenarioName,Label,Baseline
15962,Pset_NRCEmbodiedCarbon,AnalysisRunId,Identifier,run-2026-09-17-01
15962,Pset_NRCOperationalCarbon,OperationalCarbon_kgCO2e_per_year,Real,41.9
15962,Pset_NRCOperationalCarbon,GridEmissionFactor_kgCO2e_per_kWh,Real,0.11
15962,Pset_NRCOperationalCarbon,ScenarioName,Label,Baseline
15962,Pset_NRCOperationalCarbon,AnalysisRunId,Identifier,run-2026-09-17-01
15962,Pset_NRCEnergyPerformance,EnergyUseIntensity_kWh_per_m2_year,Real,27.9
15962,Pset_NRCEnergyPerformance,ScenarioName,Label,Baseline
15962,Pset_NRCEnergyPerformance,AnalysisRunId,Identifier,run-2026-09-17-01
16013,Pset_NRCEmbodiedCarbon,EmbodiedCarbon_A1A3_kgCO2e,Real,98.3
16013,Pset_NRCEmbodiedCarbon,EmbodiedCarbon_A1A5_kgCO2e,Real,110.1
16013,Pset_NRCEmbodiedCarbon,ScenarioName,Label,Baseline
16013,Pset_NRCEmbodiedCarbon,AnalysisRunId,Identifier,run-2026-09-17-01
16013,Pset_NRCOperationalCarbon,OperationalCarbon_kgCO2e_per_year,Real,125.2
16013,Pset_NRCOperationalCarbon,GridEmissionFactor_kgCO2e_per_kWh,Real,0.11
16013,Pset_NRCOperationalCarbon,ScenarioName,Label,Baseline
16013,Pset_NRCOperationalCarbon,AnalysisRunId,Identifier,run-2026-09-17-01
16013,Pset_NRCEnergyPerformance,EnergyUseIntensity_kWh_per_m2_year,Real,24.7
16013,Pset_NRCEnergyPerformance,ScenarioName,Label,Baseline
16013,Pset_NRCEnergyPerformance,AnalysisRunId,Identifier,run-2026-09-17-01
16064,Pset_NRCEmbodiedCarbon,EmbodiedCarbon_A1A3_kgCO2e,Real,117.5
16064,Pset_NRCEmbodiedCarbon,EmbodiedCarbon_A1A5_kgCO2e,Real,131.6
16064,Pset_NRCEmbodiedCarbon,ScenarioName,Label,Baseline
16064,Pset_NRCEmbodiedCarbon,AnalysisRunId,Identifier,run-2026-09-17-01
16064,Pset_NRCOperationalCarbon,OperationalCarbon_kgCO2e_per_year,Real,87.4
16064,Pset_NRCOperationalCarbon,GridEmissionFactor_kgCO2e_per_kWh,Real,0.11
16064,Pset_NRCOperationalCarbon,ScenarioName,Label,Baseline
16064,Pset_NRCOperationalCarbon,AnalysisRunId,Identifier,run-2026-09-17-01
16064,Pset_NRCEnergyPerformance,EnergyUseIntensity_kWh_per_m2_year,Real,37.3
16064,Pset_NRCEnergyPerformance,ScenarioName,Label,Baseline
16064,Pset_NRCEnergyPerformance,AnalysisRunId,Identifier,run-2026-09-17-01
16115,Pset_NRCEmbodiedCarbon,EmbodiedCarbon_A1A3_kgCO2e,Real,85.9
16115,Pset_NRCEmbodiedCarbon,EmbodiedCarbon_A1A5_kgCO2e,Real,96.2
16115,Pset_NRCEmbodiedCarbon,ScenarioName,Label,Baseline
16115,Pset_NRCEmbodiedCarbon,AnalysisRunId,Identifier,run-2026-09-17-01
16115,Pset_NRCOperationalCarbon,OperationalCarbon_kgCO2e_per_year,Real,109.6
16115,Pset_NRCOperationalCarbon,GridEmissionFactor_kgCO2e_per_kWh,Real,0.11
16115,Pset_NRCOperationalCarbon,ScenarioName,Label,Baseline
16115,Pset_NRCOperationalCarbon,AnalysisRunId,Identifier,run-2026-09-17-01
16115,Pset_NRCEnergyPerformance,EnergyUseIntensity_kWh_per_m2_year,Real,36.5
16115,Pset_NRCEnergyPerformance,ScenarioName,Label,Baseline
16115,Pset_NRCEnergyPerformance,AnalysisRunId,Identifier,run-2026-09-17-01
16149,Pset_NRCEmbodiedCarbon,EmbodiedCarbon_A1A3_kgCO2e,Real,35.6
16149,Pset_NRCEmbodiedCarbon,EmbodiedCarbon_A1A5_kgCO2e,Real,39.9
16149,Pset_NRCEmbodiedCarbon,ScenarioName,Label,Baseline
16149,Pset_NRCEmbodiedCarbon,AnalysisRunId,Identifier,run-2026-09-17-01
16149,Pset_NRCOperationalCarbon,OperationalCarbon_kgCO2e_per_year,Real,40.2
16149,Pset_NRCOperationalCarbon,GridEmissionFactor_kgCO2e_per_kWh,Real,0.11
16149,Pset_NRCOperationalCarbon,ScenarioName,Label,Baseline
16149,Pset_NRCOperationalCarbon,AnalysisRunId,Identifier,run-2026-09-17-01
16149,Pset_NRCEnergyPerformance,EnergyUseIntensity_kWh_per_m2_year,Real,5.5
16149,Pset_NRCEnergyPerformance,ScenarioName,Label,Baseline
16149,Pset_NRCEnergyPerformance,AnalysisRunId,Identifier,run-2026-09-17-01
16175,Pset_NRCEmbodiedCarbon,EmbodiedCarbon_A1A3_kgCO2e,Real,43.7
16175,Pset_NRCEmbodiedCarbon,EmbodiedCarbon_A1A5_kgCO2e,Real,48.9
16175,Pset_NRCEmbodiedCarbon,ScenarioName,Label,Baseline
16175,Pset_NRCEmbodiedCarbon,AnalysisRunId,Identifier,run-2026-09-17-01
16175,Pset_NRCOperationalCarbon,OperationalCarbon_kgCO2e_per_year,Real,16.8
16175,Pset_NRCOperationalCarbon,GridEmissionFactor_kgCO2e_per_kWh,Real,0.11
16175,Pset_NRCOperationalCarbon,ScenarioName,Label,Baseline
16175,Pset_NRCOperationalCarbon,AnalysisRunId,Identifier,run-2026-09-17-01
16175,Pset_NRCEnergyPerformance,EnergyUseIntensity_kWh_per_m2_year,Real,13.2
16175,Pset_NRCEnergyPerformance,ScenarioName,Label,Baseline
16175,Pset_NRCEnergyPerformance,AnalysisRunId,Identifier,run-2026-09-17-01
16261,Pset_NRCEmbodiedCarbon,EmbodiedCarbon_A1A3_kgCO2e,Real,49.9
16261,Pset_NRCEmbodiedCarbon,EmbodiedCarbon_A1A5_kgCO2e,Real,55.9
16261,Pset_NRCEmbodiedCarbon,ScenarioName,Label,Baseline
16261,Pset_NRCEmbodiedCarbon,AnalysisRunId,Identifier,run-2026-09-17-01
16261,Pset_NRCOperationalCarbon,OperationalCarbon_kgCO2e_per_year,Real,65.2
16261,Pset_NRCOperationalCarbon,GridEmissionFactor_kgCO2e_per_kWh,Real,0.11
16261,Pset_NRCOperationalCarbon,ScenarioName,Label,Baseline
16261,Pset_NRCOperationalCarbon,AnalysisRunId,Identifier,run-2026-09-17-01
16261,Pset_NRCEnergyPerformance,EnergyUseIntensity_kWh_per_m2_year,Real,38.1
16261,Pset_NRCEnergyPerformance,ScenarioName,Label,Baseline
16261,Pset_NRCEnergyPerformance,AnalysisRunId,Identifier,run-2026-09-17-01
16411,Pset_NRCEmbodiedCarbon,EmbodiedCarbon_A1A3_kgCO2e,Real,46.9
16411,Pset_NRCEmbodiedCarbon,EmbodiedCarbon_A1A5_kgCO2e,Real,52.5
16411,Pset_NRCEmbodiedCarbon,ScenarioName,Label,Baseline
16411,Pset_NRCEmbodiedCarbon,AnalysisRunId,Identifier,run-2026-09-17-01
16411,Pset_NRCOperationalCarbon,OperationalCarbon_kgCO2e_per_year,Real,108.5
16411,Pset_NRCOperationalCarbon,GridEmissionFactor_kgCO2e_per_kWh,Real,0.11
16411,Pset_NRCOperationalCarbon,ScenarioName,Label,Baseline
16411,Pset_NRCOperationalCarbon,AnalysisRunId,Identifier,run-2026-09-17-01
16411,Pset_NRCEnergyPerformance,EnergyUseIntensity_kWh_per_m2_year,Real,29.5
16411,Pset_NRCEnergyPerformance,ScenarioName,Label,Baseline
16411,Pset_NRCEnergyPerformance,AnalysisRunId,Identifier,run-2026-09-17-01
16485,Pset_NRCEmbodiedCarbon,EmbodiedCarbon_A1A3_kgCO2e,Real,56.9
16485,Pset_NRCEmbodiedCarbon,EmbodiedCarbon_A1A5_kgCO2e,Real,63.7
16485,Pset_NRCEmbodiedCarbon,ScenarioName,Label,Baseline
16485,Pset_NRCEmbodiedCarbon,AnalysisRunId,Identifier,run-2026-09-17-01
16485,Pset_NRCOperationalCarbon,OperationalCarbon_kgCO2e_per_year,Real,24.9
16485,Pset_NRCOperationalCarbon,GridEmissionFactor_kgCO2e_per_kWh,Real,0.11
16485,Pset_NRCOperationalCarbon,ScenarioName,Label,Baseline
16485,Pset_NRCOperationalCarbon,AnalysisRunId,Identifier,run-2026-09-17-01
16485,Pset_NRCEnergyPerformance,EnergyUseIntensity_kWh_per_m2_year,Real,16.2
16485,Pset_NRCEnergyPerformance,ScenarioName,Label,Baseline
16485,Pset_NRCEnergyPerformance,AnalysisRunId,Identifier,run-2026-09-17-01
16531,Pset_NRCEmbodiedCarbon,EmbodiedCarbon_A1A3_kgCO2e,Real,43.1
16531,Pset_NRCEmbodiedCarbon,EmbodiedCarbon_A1A5_kgCO2e,Real,48.3
16531,Pset_NRCEmbodiedCarbon,ScenarioName,Label,Baseline
16531,Pset_NRCEmbodiedCarbon,AnalysisRunId,Identifier,run-2026-09-17-01
16531,Pset_NRCOperationalCarbon,OperationalCarbon_kgCO2e_per_year,Real,70.8
16531,Pset_NRCOperationalCarbon,GridEmissionFactor_kgCO2e_per_kWh,Real,0.11
16531,Pset_NRCOperationalCarbon,ScenarioName,Label,Baseline
16531,Pset_NRCOperationalCarbon,AnalysisRunId,Identifier,run-2026-09-17-01
16531,Pset_NRCEnergyPerformance,EnergyUseIntensity_kWh_per_m2_year,Real,44.2
16531,Pset_NRCEnergyPerformance,ScenarioName,Label,Baseline
16531,Pset_NRCEnergyPerformance,AnalysisRunId,Identifier,run-2026-09-17-01
16563,Pset_NRCEmbodiedCarbon,EmbodiedCarbon_A1A3_kgCO2e,Real,31.8
16563,Pset_NRCEmbodiedCarbon,EmbodiedCarbon_A1A5_kgCO2e,Real,35.6
16563,Pset_NRCEmbodiedCarbon,ScenarioName,Label,Baseline
16563,Pset_NRCEmbodiedCarbon,AnalysisRunId,Identifier,run-2026-09-17-01
16563,Pset_NRCOperationalCarbon,OperationalCarbon_kgCO2e_per_year,Real,22.5
16563,Pset_NRCOperationalCarbon,GridEmissionFactor_kgCO2e_per_kWh,Real,0.11
16563,Pset_NRCOperationalCarbon,ScenarioName,Label,Baseline
16563,Pset_NRCOperationalCarbon,AnalysisRunId,Identifier,run-2026-09-17-01
16563,Pset_NRCEnergyPerformance,EnergyUseIntensity_kWh_per_m2_year,Real,16.6
16563,Pset_NRCEnergyPerformance,ScenarioName,Label,Baseline
16563,Pset_NRCEnergyPerformance,AnalysisRunId,Identifier,run-2026-09-17-01
16589,Pset_NRCEmbodiedCarbon,EmbodiedCarbon_A1A3_kgCO2e,Real,36.4
16589,Pset_NRCEmbodiedCarbon,EmbodiedCarbon_A1A5_kgCO2e,Real,40.8
16589,Pset_NRCEmbodiedCarbon,ScenarioName,Label,Baseline
16589,Pset_NRCEmbodiedCarbon,AnalysisRunId,Identifier,run-2026-09-17-01
16589,Pset_NRCOperationalCarbon,OperationalCarbon_kgCO2e_per_year,Real,19.4
16589,Pset_NRCOperationalCarbon,GridEmissionFactor_kgCO2e_per_kWh,Real,0.11
16589,Pset_NRCOperationalCarbon,ScenarioName,Label,Baseline
16589,Pset_NRCOperationalCarbon,AnalysisRunId,Identifier,run-2026-09-17-01
16589,Pset_NRCEnergyPerformance,EnergyUseIntensity_kWh_per_m2_year,Real,13.2
16589,Pset_NRCEnergyPerformance,ScenarioName,Label,Baseline
16589,Pset_NRCEnergyPerformance,AnalysisRunId,Identifier,run-2026-09-17-01
16615,Pset_NRCEmbodiedCarbon,EmbodiedCarbon_A1A3_kgCO2e,Real,50.7
16615,Pset_NRCEmbodiedCarbon,EmbodiedCarbon_A1A5_kgCO2e,Real,56.8
16615,Pset_NRCEmbodiedCarbon,ScenarioName,Label,Baseline
16615,Pset_NRCEmbodiedCarbon,AnalysisRunId,Identifier,run-2026-09-17-01
16615,Pset_NRCOperationalCarbon,OperationalCarbon_kgCO2e_per_year,Real,38.1
16615,Pset_NRCOperationalCarbon,GridEmissionFactor_kgCO2e_per_kWh,Real,0.11
16615,Pset_NRCOperationalCarbon,ScenarioName,Label,Baseline
16615,Pset_NRCOperationalCarbon,AnalysisRunId,Identifier,run-2026-09-17-01
16615,Pset_NRCEnergyPerformance,EnergyUseIntensity_kWh_per_m2_year,Real,16.8
16615,Pset_NRCEnergyPerformance,ScenarioName,Label,Baseline
16615,Pset_NRCEnergyPerformance,AnalysisRunId,Identifier,run-2026-09-17-01
16641,Pset_NRCEmbodiedCarbon,EmbodiedCarbon_A1A3_kgCO2e,Real,36.8
16641,Pset_NRCEmbodiedCarbon,EmbodiedCarbon_A1A5_kgCO2e,Real,41.2
16641,Pset_NRCEmbodiedCarbon,ScenarioName,Label,Baseline
16641,Pset_NRCEmbodiedCarbon,AnalysisRunId,Identifier,run-2026-09-17-01
16641,Pset_NRCOperationalCarbon,OperationalCarbon_kgCO2e_per_year,Real,20.5
16641,Pset_NRCOperationalCarbon,GridEmissionFactor_kgCO2e_per_kWh,Real,0.11
16641,Pset_NRCOperationalCarbon,ScenarioName,Label,Baseline
16641,Pset_NRCOperationalCarbon,AnalysisRunId,Identifier,run-2026-09-17-01
16641,Pset_NRCEnergyPerformance,EnergyUseIntensity_kWh_per_m2_year,Real,20.2
16641,Pset_NRCEnergyPerformance,ScenarioName,Label,Baseline
16641,Pset_NRCEnergyPerformance,AnalysisRunId,Identifier,run-2026-09-17-01
16667,Pset_NRCEmbodiedCarbon,EmbodiedCarbon_A1A3_kgCO2e,Real,45.9
16667,Pset_NRCEmbodiedCarbon,EmbodiedCarbon_A1A5_kgCO2e,Real,51.4
16667,Pset_NRCEmbodiedCarbon,ScenarioName,Label,Baseline
16667,Pset_NRCEmbodiedCarbon,AnalysisRunId,Identifier,run-2026-09-17-01
16667,Pset_NRCOperationalCarbon,OperationalCarbon_kgCO2e_per_year,Real,19.4
16667,Pset_NRCOperationalCarbon,GridEmissionFactor_kgCO2e_per_kWh,Real,0.11
16667,Pset_NRCOperationalCarbon,ScenarioName,Label,Baseline
16667,Pset_NRCOperationalCarbon,AnalysisRunId,Identifier,run-2026-09-17-01
16667,Pset_NRCEnergyPerformance,EnergyUseIntensity_kWh_per_m2_year,Real,13.2
16667,Pset_NRCEnergyPerformance,ScenarioName,Label,Baseline
16667,Pset_NRCEnergyPerformance,AnalysisRunId,Identifier,run-2026-09-17-01
16693,Pset_NRCEmbodiedCarbon,EmbodiedCarbon_A1A3_kgCO2e,Real,32.6
16693,Pset_NRCEmbodiedCarbon,EmbodiedCarbon_A1A5_kgCO2e,Real,36.5
16693,Pset_NRCEmbodiedCarbon,ScenarioName,Label,Baseline
16693,Pset_NRCEmbodiedCarbon,AnalysisRunId,Identifier,run-2026-09-17-01
16693,Pset_NRCOperationalCarbon,OperationalCarbon_kgCO2e_per_year,Real,30.5
16693,Pset_NRCOperationalCarbon,GridEmissionFactor_kgCO2e_per_kWh,Real,0.11
16693,Pset_NRCOperationalCarbon,ScenarioName,Label,Baseline
16693,Pset_NRCOperationalCarbon,AnalysisRunId,Identifier,run-2026-09-17-01
16693,Pset_NRCEnergyPerformance,EnergyUseIntensity_kWh_per_m2_year,Real,10.3
16693,Pset_NRCEnergyPerformance,ScenarioName,Label,Baseline
16693,Pset_NRCEnergyPerformance,AnalysisRunId,Identifier,run-2026-09-17-01
16719,Pset_NRCEmbodiedCarbon,EmbodiedCarbon_A1A3_kgCO2e,Real,32.3
16719,Pset_NRCEmbodiedCarbon,EmbodiedCarbon_A1A5_kgCO2e,Real,36.2
16719,Pset_NRCEmbodiedCarbon,ScenarioName,Label,Baseline
16719,Pset_NRCEmbodiedCarbon,AnalysisRunId,Identifier,run-2026-09-17-01
16719,Pset_NRCOperationalCarbon,OperationalCarbon_kgCO2e_per_year,Real,29.4
16719,Pset_NRCOperationalCarbon,GridEmissionFactor_kgCO2e_per_kWh,Real,0.11
16719,Pset_NRCOperationalCarbon,ScenarioName,Label,Baseline
16719,Pset_NRCOperationalCarbon,AnalysisRunId,Identifier,run-2026-09-17-01
16719,Pset_NRCEnergyPerformance,EnergyUseIntensity_kWh_per_m2_year,Real,19.3
16719,Pset_NRCEnergyPerformance,ScenarioName,Label,Baseline
16719,Pset_NRCEnergyPerformance,AnalysisRunId,Identifier,run-2026-09-17-01
16802,Pset_NRCEmbodiedCarbon,EmbodiedCarbon_A1A3_kgCO2e,Real,41.5
16802,Pset_NRCEmbodiedCarbon,EmbodiedCarbon_A1A5_kgCO2e,Real,46.5
16802,Pset_NRCEmbodiedCarbon,ScenarioName,Label,Baseline
16802,Pset_NRCEmbodiedCarbon,AnalysisRunId,Identifier,run-2026-09-17-01
16802,Pset_NRCOperationalCarbon,OperationalCarbon_kgCO2e_per_year,Real,102.9
16802,Pset_NRCOperationalCarbon,GridEmissionFactor_kgCO2e_per_kWh,Real,0.11
16802,Pset_NRCOperationalCarbon,ScenarioName,Label,Baseline
16802,Pset_NRCOperationalCarbon,AnalysisRunId,Identifier,run-2026-09-17-01
16802,Pset_NRCEnergyPerformance,EnergyUseIntensity_kWh_per_m2_year,Real,18.4
16802,Pset_NRCEnergyPerformance,ScenarioName,Label,Baseline
16802,Pset_NRCEnergyPerformance,AnalysisRunId,Identifier,run-2026-09-17-01
16884,Pset_NRCEmbodiedCarbon,EmbodiedCarbon_A1A3_kgCO2e,Real,38.7
16884,Pset_NRCEmbodiedCarbon,EmbodiedCarbon_A1A5_kgCO2e,Real,43.3
16884,Pset_NRCEmbodiedCarbon,ScenarioName,Label,Baseline
16884,Pset_NRCEmbodiedCarbon,AnalysisRunId,Identifier,run-2026-09-17-01
16884,Pset_NRCOperationalCarbon,OperationalCarbon_kgCO2e_per_year,Real,50.8
16884,Pset_NRCOperationalCarbon,GridEmissionFactor_kgCO2e_per_kWh,Real,0.11
16884,Pset_NRCOperationalCarbon,ScenarioName,Label,Baseline
16884,Pset_NRCOperationalCarbon,AnalysisRunId,Identifier,run-2026-09-17-01
16884,Pset_NRCEnergyPerformance,EnergyUseIntensity_kWh_per_m2_year,Real,28.0
16884,Pset_NRCEnergyPerformance,ScenarioName,Label,Baseline
16884,Pset_NRCEnergyPerformance,AnalysisRunId,Identifier,run-2026-09-17-01
16914,Pset_NRCEmbodiedCarbon,EmbodiedCarbon_A1A3_kgCO2e,Real,35.4
16914,Pset_NRCEmbodiedCarbon,EmbodiedCarbon_A1A5_kgCO2e,Real,39.6
16914,Pset_NRCEmbodiedCarbon,ScenarioName,Label,Baseline
16914,Pset_NRCEmbodiedCarbon,AnalysisRunId,Identifier,run-2026-09-17-01
16914,Pset_NRCOperationalCarbon,OperationalCarbon_kgCO2e_per_year,Real,25.0
16914,Pset_NRCOperationalCarbon,GridEmissionFactor_kgCO2e_per_kWh,Real,0.11
16914,Pset_NRCOperationalCarbon,ScenarioName,Label,Baseline
16914,Pset_NRCOperationalCarbon,AnalysisRunId,Identifier,run-2026-09-17-01
16914,Pset_NRCEnergyPerformance,EnergyUseIntensity_kWh_per_m2_year,Real,7.3
16914,Pset_NRCEnergyPerformance,ScenarioName,Label,Baseline
16914,Pset_NRCEnergyPerformance,AnalysisRunId,Identifier,run-2026-09-17-01
16940,Pset_NRCEmbodiedCarbon,EmbodiedCarbon_A1A3_kgCO2e,Real,45.6
16940,Pset_NRCEmbodiedCarbon,EmbodiedCarbon_A1A5_kgCO2e,Real,51.1
16940,Pset_NRCEmbodiedCarbon,ScenarioName,Label,Baseline
16940,Pset_NRCEmbodiedCarbon,AnalysisRunId,Identifier,run-2026-09-17-01
16940,Pset_NRCOperationalCarbon,OperationalCarbon_kgCO2e_per_year,Real,75.3
16940,Pset_NRCOperationalCarbon,GridEmissionFactor_kgCO2e_per_kWh,Real,0.11
16940,Pset_NRCOperationalCarbon,ScenarioName,Label,Baseline
16940,Pset_NRCOperationalCarbon,AnalysisRunId,Identifier,run-2026-09-17-01
16940,Pset_NRCEnergyPerformance,EnergyUseIntensity_kWh_per_m2_year,Real,17.3
16940,Pset_NRCEnergyPerformance,ScenarioName,Label,Baseline
16940,Pset_NRCEnergyPerformance,AnalysisRunId,Identifier,run-2026-09-17-01
16971,Pset_NRCEmbodiedCarbon,EmbodiedCarbon_A1A3_kgCO2e,Real,51.9
16971,Pset_NRCEmbodiedCarbon,EmbodiedCarbon_A1A5_kgCO2e,Real,58.1
16971,Pset_NRCEmbodiedCarbon,ScenarioName,Label,Baseline
16971,Pset_NRCEmbodiedCarbon,AnalysisRunId,Identifier,run-2026-09-17-01
16971,Pset_NRCOperationalCarbon,OperationalCarbon_kgCO2e_per_year,Real,27.2
16971,Pset_NRCOperationalCarbon,GridEmissionFactor_kgCO2e_per_kWh,Real,0.11
16971,Pset_NRCOperationalCarbon,ScenarioName,Label,Baseline
16971,Pset_NRCOperationalCarbon,AnalysisRunId,Identifier,run-2026-09-17-01
16971,Pset_NRCEnergyPerformance,EnergyUseIntensity_kWh_per_m2_year,Real,5.3
16971,Pset_NRCEnergyPerformance,ScenarioName,Label,Baseline
16971,Pset_NRCEnergyPerformance,AnalysisRunId,Identifier,run-2026-09-17-01
16997,Pset_NRCEmbodiedCarbon,EmbodiedCarbon_A1A3_kgCO2e,Real,40.3
16997,Pset_NRCEmbodiedCarbon,EmbodiedCarbon_A1A5_kgCO2e,Real,45.1
16997,Pset_NRCEmbodiedCarbon,ScenarioName,Label,Baseline
16997,Pset_NRCEmbodiedCarbon,AnalysisRunId,Identifier,run-2026-09-17-01
16997,Pset_NRCOperationalCarbon,OperationalCarbon_kgCO2e_per_year,Real,24.7
16997,Pset_NRCOperationalCarbon,GridEmissionFactor_kgCO2e_per_kWh,Real,0.11
16997,Pset_NRCOperationalCarbon,ScenarioName,Label,Baseline
16997,Pset_NRCOperationalCarbon,AnalysisRunId,Identifier,run-2026-09-17-01
16997,Pset_NRCEnergyPerformance,EnergyUseIntensity_kWh_per_m2_year,Real,14.6
16997,Pset_NRCEnergyPerformance,ScenarioName,Label,Baseline
16997,Pset_NRCEnergyPerformance,AnalysisRunId,Identifier,run-2026-09-17-01
17023,Pset_NRCEmbodiedCarbon,EmbodiedCarbon_A1A3_kgCO2e,Real,49.4
17023,Pset_NRCEmbodiedCarbon,EmbodiedCarbon_A1A5_kgCO2e,Real,55.3
17023,Pset_NRCEmbodiedCarbon,ScenarioName,Label,Baseline
17023,Pset_NRCEmbodiedCarbon,AnalysisRunId,Identifier,run-2026-09-17-01
17023,Pset_NRCOperationalCarbon,OperationalCarbon_kgCO2e_per_year,Real,23.6
17023,Pset_NRCOperationalCarbon,GridEmissionFactor_kgCO2e_per_kWh,Real,0.11
17023,Pset_NRCOperationalCarbon,ScenarioName,Label,Baseline
17023,Pset_NRCOperationalCarbon,AnalysisRunId,Identifier,run-2026-09-17-01
17023,Pset_NRCEnergyPerformance,EnergyUseIntensity_kWh_per_m2_year,Real,7.6
17023,Pset_NRCEnergyPerformance,ScenarioName,Label,Baseline
17023,Pset_NRCEnergyPerformance,AnalysisRunId,Identifier,run-2026-09-17-01
17341,Pset_NRCEmbodiedCarbon,EmbodiedCarbon_A1A3_kgCO2e,Real,35.6
17341,Pset_NRCEmbodiedCarbon,EmbodiedCarbon_A1A5_kgCO2e,Real,39.9
17341,Pset_NRCEmbodiedCarbon,ScenarioName,Label,Baseline
17341,Pset_NRCEmbodiedCarbon,AnalysisRunId,Identifier,run-2026-09-17-01
17341,Pset_NRCOperationalCarbon,OperationalCarbon_kgCO2e_per_year,Real,58.6
17341,Pset_NRCOperationalCarbon,GridEmissionFactor_kgCO2e_per_kWh,Real,0.11
17341,Pset_NRCOperationalCarbon,ScenarioName,Label,Baseline
17341,Pset_NRCOperationalCarbon,AnalysisRunId,Identifier,run-2026-09-17-01
17341,Pset_NRCEnergyPerformance,EnergyUseIntensity_kWh_per_m2_year,Real,22.1
17341,Pset_NRCEnergyPerformance,ScenarioName,Label,Baseline
17341,Pset_NRCEnergyPerformance,AnalysisRunId,Identifier,run-2026-09-17-01
17409,Pset_NRCEmbodiedCarbon,EmbodiedCarbon_A1A3_kgCO2e,Real,35.2
17409,Pset_NRCEmbodiedCarbon,EmbodiedCarbon_A1A5_kgCO2e,Real,39.4
17409,Pset_NRCEmbodiedCarbon,ScenarioName,Label,Baseline
17409,Pset_NRCEmbodiedCarbon,AnalysisRunId,Identifier,run-2026-09-17-01
17409,Pset_NRCOperationalCarbon,OperationalCarbon_kgCO2e_per_year,Real,104.1
17409,Pset_NRCOperationalCarbon,GridEmissionFactor_kgCO2e_per_kWh,Real,0.11
17409,Pset_NRCOperationalCarbon,ScenarioName,Label,Baseline
17409,Pset_NRCOperationalCarbon,AnalysisRunId,Identifier,run-2026-09-17-01
17409,Pset_NRCEnergyPerformance,EnergyUseIntensity_kWh_per_m2_year,Real,32.5
17409,Pset_NRCEnergyPerformance,ScenarioName,Label,Baseline
17409,Pset_NRCEnergyPerformance,AnalysisRunId,Identifier,run-2026-09-17-01
17532,Pset_NRCEmbodiedCarbon,EmbodiedCarbon_A1A3_kgCO2e,Real,47.1
17532,Pset_NRCEmbodiedCarbon,EmbodiedCarbon_A1A5_kgCO2e,Real,52.8
17532,Pset_NRCEmbodiedCarbon,ScenarioName,Label,Baseline
17532,Pset_NRCEmbodiedCarbon,AnalysisRunId,Identifier,run-2026-09-17-01
17532,Pset_NRCOperationalCarbon,OperationalCarbon_kgCO2e_per_year,Real,145.2
17532,Pset_NRCOperationalCarbon,GridEmissionFactor_kgCO2e_per_kWh,Real,0.11
17532,Pset_NRCOperationalCarbon,ScenarioName,Label,Baseline
17532,Pset_NRCOperationalCarbon,AnalysisRunId,Identifier,run-2026-09-17-01
17532,Pset_NRCEnergyPerformance,EnergyUseIntensity_kWh_per_m2_year,Real,40.9
17532,Pset_NRCEnergyPerformance,ScenarioName,Label,Baseline
17532,Pset_NRCEnergyPerformance,AnalysisRunId,Identifier,run-2026-09-17-01
17602,Pset_NRCEmbodiedCarbon,EmbodiedCarbon_A1A3_kgCO2e,Real,46.4
17602,Pset_NRCEmbodiedCarbon,EmbodiedCarbon_A1A5_kgCO2e,Real,52.0
17602,Pset_NRCEmbodiedCarbon,ScenarioName,Label,Baseline
17602,Pset_NRCEmbodiedCarbon,AnalysisRunId,Identifier,run-2026-09-17-01
17602,Pset_NRCOperationalCarbon,OperationalCarbon_kgCO2e_per_year,Real,137.4
17602,Pset_NRCOperationalCarbon,GridEmissionFactor_kgCO2e_per_kWh,Real,0.11
17602,Pset_NRCOperationalCarbon,ScenarioName,Label,Baseline
17602,Pset_NRCOperationalCarbon,AnalysisRunId,Identifier,run-2026-09-17-01
17602,Pset_NRCEnergyPerformance,EnergyUseIntensity_kWh_per_m2_year,Real,15.8
17602,Pset_NRCEnergyPerformance,ScenarioName,Label,Baseline
17602,Pset_NRCEnergyPerformance,AnalysisRunId,Identifier,run-2026-09-17-01
17716,Pset_NRCEmbodiedCarbon,EmbodiedCarbon_A1A3_kgCO2e,Real,31.5
17716,Pset_NRCEmbodiedCarbon,EmbodiedCarbon_A1A5_kgCO2e,Real,35.3
17716,Pset_NRCEmbodiedCarbon,ScenarioName,Label,Baseline
17716,Pset_NRCEmbodiedCarbon,AnalysisRunId,Identifier,run-2026-09-17-01
17716,Pset_NRCOperationalCarbon,OperationalCarbon_kgCO2e_per_year,Real,118.5
17716,Pset_NRCOperationalCarbon,GridEmissionFactor_kgCO2e_per_kWh,Real,0.11
17716,Pset_NRCOperationalCarbon,ScenarioName,Label,Baseline
17716,Pset_NRCOperationalCarbon,AnalysisRunId,Identifier,run-2026-09-17-01
17716,Pset_NRCEnergyPerformance,EnergyUseIntensity_kWh_per_m2_year,Real,37.6
17716,Pset_NRCEnergyPerformance,ScenarioName,Label,Baseline
17716,Pset_NRCEnergyPerformance,AnalysisRunId,Identifier,run-2026-09-17-01
17786,Pset_NRCEmbodiedCarbon,EmbodiedCarbon_A1A3_kgCO2e,Real,43.4
17786,Pset_NRCEmbodiedCarbon,EmbodiedCarbon_A1A5_kgCO2e,Real,48.6
17786,Pset_NRCEmbodiedCarbon,ScenarioName,Label,Baseline
17786,Pset_NRCEmbodiedCarbon,AnalysisRunId,Identifier,run-2026-09-17-01
17786,Pset_NRCOperationalCarbon,OperationalCarbon_kgCO2e_per_year,Real,40.8
17786,Pset_NRCOperationalCarbon,GridEmissionFactor_kgCO2e_per_kWh,Real,0.11
17786,Pset_NRCOperationalCarbon,ScenarioName,Label,Baseline
17786,Pset_NRCOperationalCarbon,AnalysisRunId,Identifier,run-2026-09-17-01
17786,Pset_NRCEnergyPerformance,EnergyUseIntensity_kWh_per_m2_year,Real,20.9
17786,Pset_NRCEnergyPerformance,ScenarioName,Label,Baseline
17786,Pset_NRCEnergyPerformance,AnalysisRunId,Identifier,run-2026-09-17-01
17815,Pset_NRCEmbodiedCarbon,EmbodiedCarbon_A1A3_kgCO2e,Real,58.3
17815,Pset_NRCEmbodiedCarbon,EmbodiedCarbon_A1A5_kgCO2e,Real,65.3
17815,Pset_NRCEmbodiedCarbon,ScenarioName,Label,Baseline
17815,Pset_NRCEmbodiedCarbon,AnalysisRunId,Identifier,run-2026-09-17-01
17815,Pset_NRCOperationalCarbon,OperationalCarbon_kgCO2e_per_year,Real,66.3
17815,Pset_NRCOperationalCarbon,GridEmissionFactor_kgCO2e_per_kWh,Real,0.11
17815,Pset_NRCOperationalCarbon,ScenarioName,Label,Baseline
17815,Pset_NRCOperationalCarbon,AnalysisRunId,Identifier,run-2026-09-17-01
17815,Pset_NRCEnergyPerformance,EnergyUseIntensity_kWh_per_m2_year,Real,45.1
17815,Pset_NRCEnergyPerformance,ScenarioName,Label,Baseline
17815,Pset_NRCEnergyPerformance,AnalysisRunId,Identifier,run-2026-09-17-01
17844,Pset_NRCEmbodiedCarbon,EmbodiedCarbon_A1A3_kgCO2e,Real,51.9
17844,Pset_NRCEmbodiedCarbon,EmbodiedCarbon_A1A5_kgCO2e,Real,58.1
17844,Pset_NRCEmbodiedCarbon,ScenarioName,Label,Baseline
17844,Pset_NRCEmbodiedCarbon,AnalysisRunId,Identifier,run-2026-09-17-01
17844,Pset_NRCOperationalCarbon,OperationalCarbon_kgCO2e_per_year,Real,125.2
17844,Pset_NRCOperationalCarbon,GridEmissionFactor_kgCO2e_per_kWh,Real,0.11
17844,Pset_NRCOperationalCarbon,ScenarioName,Label,Baseline
17844,Pset_NRCOperationalCarbon,AnalysisRunId,Identifier,run-2026-09-17-01
17844,Pset_NRCEnergyPerformance,EnergyUseIntensity_kWh_per_m2_year,Real,24.7
17844,Pset_NRCEnergyPerformance,ScenarioName,Label,Baseline
17844,Pset_NRCEnergyPerformance,AnalysisRunId,Identifier,run-2026-09-17-01
17873,Pset_NRCEmbodiedCarbon,EmbodiedCarbon_A1A3_kgCO2e,Real,41.4
17873,Pset_NRCEmbodiedCarbon,EmbodiedCarbon_A1A5_kgCO2e,Real,46.4
17873,Pset_NRCEmbodiedCarbon,ScenarioName,Label,Baseline
17873,Pset_NRCEmbodiedCarbon,AnalysisRunId,Identifier,run-2026-09-17-01
17873,Pset_NRCOperationalCarbon,OperationalCarbon_kgCO2e_per_year,Real,148.5
17873,Pset_NRCOperationalCarbon,GridEmissionFactor_kgCO2e_per_kWh,Real,0.11
17873,Pset_NRCOperationalCarbon,ScenarioName,Label,Baseline
17873,Pset_NRCOperationalCarbon,AnalysisRunId,Identifier,run-2026-09-17-01
17873,Pset_NRCEnergyPerformance,EnergyUseIntensity_kWh_per_m2_year,Real,30.9
17873,Pset_NRCEnergyPerformance,ScenarioName,Label,Baseline
17873,Pset_NRCEnergyPerformance,AnalysisRunId,Identifier,run-2026-09-17-01
17902,Pset_NRCEmbodiedCarbon,EmbodiedCarbon_A1A3_kgCO2e,Real,47.0
17902,Pset_NRCEmbodiedCarbon,EmbodiedCarbon_A1A5_kgCO2e,Real,52.6
17902,Pset_NRCEmbodiedCarbon,ScenarioName,Label,Baseline
17902,Pset_NRCEmbodiedCarbon,AnalysisRunId,Identifier,run-2026-09-17-01
17902,Pset_NRCOperationalCarbon,OperationalCarbon_kgCO2e_per_year,Real,147.4
17902,Pset_NRCOperationalCarbon,GridEmissionFactor_kgCO2e_per_kWh,Real,0.11
17902,Pset_NRCOperationalCarbon,ScenarioName,Label,Baseline
17902,Pset_NRCOperationalCarbon,AnalysisRunId,Identifier,run-2026-09-17-01
17902,Pset_NRCEnergyPerformance,EnergyUseIntensity_kWh_per_m2_year,Real,23.9
17902,Pset_NRCEnergyPerformance,ScenarioName,Label,Baseline
17902,Pset_NRCEnergyPerformance,AnalysisRunId,Identifier,run-2026-09-17-01
19275,Pset_NRCEmbodiedCarbon,EmbodiedCarbon_A1A3_kgCO2e,Real,48.1
19275,Pset_NRCEmbodiedCarbon,EmbodiedCarbon_A1A5_kgCO2e,Real,53.9
19275,Pset_NRCEmbodiedCarbon,ScenarioName,Label,Baseline
19275,Pset_NRCEmbodiedCarbon,AnalysisRunId,Identifier,run-2026-09-17-01
19275,Pset_NRCOperationalCarbon,OperationalCarbon_kgCO2e_per_year,Real,80.7
19275,Pset_NRCOperationalCarbon,GridEmissionFactor_kgCO2e_per_kWh,Real,0.11
19275,Pset_NRCOperationalCarbon,ScenarioName,Label,Baseline
19275,Pset_NRCOperationalCarbon,AnalysisRunId,Identifier,run-2026-09-17-01
19275,Pset_NRCEnergyPerformance,EnergyUseIntensity_kWh_per_m2_year,Real,19.2
19275,Pset_NRCEnergyPerformance,ScenarioName,Label,Baseline
19275,Pset_NRCEnergyPerformance,AnalysisRunId,Identifier,run-2026-09-17-01
20657,Pset_NRCEmbodiedCarbon,EmbodiedCarbon_A1A3_kgCO2e,Real,39.5
20657,Pset_NRCEmbodiedCarbon,EmbodiedCarbon_A1A5_kgCO2e,Real,44.2
20657,Pset_NRCEmbodiedCarbon,ScenarioName,Label,Baseline
20657,Pset_NRCEmbodiedCarbon,AnalysisRunId,Identifier,run-2026-09-17-01
20657,Pset_NRCOperationalCarbon,OperationalCarbon_kgCO2e_per_year,Real,80.7
20657,Pset_NRCOperationalCarbon,GridEmissionFactor_kgCO2e_per_kWh,Real,0.11
20657,Pset_NRCOperationalCarbon,ScenarioName,Label,Baseline
20657,Pset_NRCOperationalCarbon,AnalysisRunId,Identifier,run-2026-09-17-01
20657,Pset_NRCEnergyPerformance,EnergyUseIntensity_kWh_per_m2_year,Real,19.2
20657,Pset_NRCEnergyPerformance,ScenarioName,Label,Baseline
20657,Pset_NRCEnergyPerformance,AnalysisRunId,Identifier,run-2026-09-17-01
20726,Pset_NRCEmbodiedCarbon,EmbodiedCarbon_A1A3_kgCO2e,Real,35.9
20726,Pset_NRCEmbodiedCarbon,EmbodiedCarbon_A1A5_kgCO2e,Real,40.2
20726,Pset_NRCEmbodiedCarbon,ScenarioName,Label,Baseline
20726,Pset_NRCEmbodiedCarbon,AnalysisRunId,Identifier,run-2026-09-17-01
20726,Pset_NRCOperationalCarbon,OperationalCarbon_kgCO2e_per_year,Real,101.8
20726,Pset_NRCOperationalCarbon,GridEmissionFactor_kgCO2e_per_kWh,Real,0.11
20726,Pset_NRCOperationalCarbon,ScenarioName,Label,Baseline
20726,Pset_NRCOperationalCarbon,AnalysisRunId,Identifier,run-2026-09-17-01
20726,Pset_NRCEnergyPerformance,EnergyUseIntensity_kWh_per_m2_year,Real,42.4
20726,Pset_NRCEnergyPerformance,ScenarioName,Label,Baseline
20726,Pset_NRCEnergyPerformance,AnalysisRunId,Identifier,run-2026-09-17-01
20755,Pset_NRCEmbodiedCarbon,EmbodiedCarbon_A1A3_kgCO2e,Real,54.3
20755,Pset_NRCEmbodiedCarbon,EmbodiedCarbon_A1A5_kgCO2e,Real,60.8
20755,Pset_NRCEmbodiedCarbon,ScenarioName,Label,Baseline
20755,Pset_NRCEmbodiedCarbon,AnalysisRunId,Identifier,run-2026-09-17-01
20755,Pset_NRCOperationalCarbon,OperationalCarbon_kgCO2e_per_year,Real,134.1
20755,Pset_NRCOperationalCarbon,GridEmissionFactor_kgCO2e_per_kWh,Real,0.11
20755,Pset_NRCOperationalCarbon,ScenarioName,Label,Baseline
20755,Pset_NRCOperationalCarbon,AnalysisRunId,Identifier,run-2026-09-17-01
20755,Pset_NRCEnergyPerformance,EnergyUseIntensity_kWh_per_m2_year,Real,25.8
20755,Pset_NRCEnergyPerformance,ScenarioName,Label,Baseline
20755,Pset_NRCEnergyPerformance,AnalysisRunId,Identifier,run-2026-09-17-01
20792,Pset_NRCEmbodiedCarbon,EmbodiedCarbon_A1A3_kgCO2e,Real,2563.3
20792,Pset_NRCEmbodiedCarbon,EmbodiedCarbon_A1A5_kgCO2e,Real,2870.9
20792,Pset_NRCEmbodiedCarbon,ScenarioName,Label,Baseline
20792,Pset_NRCEmbodiedCarbon,AnalysisRunId,Identifier,run-2026-09-17-01
20792,Pset_NRCOperationalCarbon,OperationalCarbon_kgCO2e_per_year,Real,283.3
20792,Pset_NRCOperationalCarbon,GridEmissionFactor_kgCO2e_per_kWh,Real,0.11
20792,Pset_NRCOperationalCarbon,ScenarioName,Label,Baseline
20792,Pset_NRCOperationalCarbon,AnalysisRunId,Identifier,run-2026-09-17-01
20792,Pset_NRCEnergyPerformance,EnergyUseIntensity_kWh_per_m2_year,Real,45.1
20792,Pset_NRCEnergyPerformance,ScenarioName,Label,Baseline
20792,Pset_NRCEnergyPerformance,AnalysisRunId,Identifier,run-2026-09-17-01
20903,Pset_NRCEmbodiedCarbon,EmbodiedCarbon_A1A3_kgCO2e,Real,2143.3
20903,Pset_NRCEmbodiedCarbon,EmbodiedCarbon_A1A5_kgCO2e,Real,2400.5
20903,Pset_NRCEmbodiedCarbon,ScenarioName,Label,Baseline
20903,Pset_NRCEmbodiedCarbon,AnalysisRunId,Identifier,run-2026-09-17-01
20903,Pset_NRCOperationalCarbon,OperationalCarbon_kgCO2e_per_year,Real,324.4
20903,Pset_NRCOperationalCarbon,GridEmissionFactor_kgCO2e_per_kWh,Real,0.11
20903,Pset_NRCOperationalCarbon,ScenarioName,Label,Baseline
20903,Pset_NRCOperationalCarbon,AnalysisRunId,Identifier,run-2026-09-17-01
20903,Pset_NRCEnergyPerformance,EnergyUseIntensity_kWh_per_m2_year,Real,56.5
20903,Pset_NRCEnergyPerformance,ScenarioName,Label,Baseline
20903,Pset_NRCEnergyPerformance,AnalysisRunId,Identifier,run-2026-09-17-01
20958,Pset_NRCEmbodiedCarbon,EmbodiedCarbon_A1A3_kgCO2e,Real,1896.2
20958,Pset_NRCEmbodiedCarbon,EmbodiedCarbon_A1A5_kgCO2e,Real,2123.7
20958,Pset_NRCEmbodiedCarbon,ScenarioName,Label,Baseline
20958,Pset_NRCEmbodiedCarbon,AnalysisRunId,Identifier,run-2026-09-17-01
20958,Pset_NRCOperationalCarbon,OperationalCarbon_kgCO2e_per_year,Real,314.4
20958,Pset_NRCOperationalCarbon,GridEmissionFactor_kgCO2e_per_kWh,Real,0.11
20958,Pset_NRCOperationalCarbon,ScenarioName,Label,Baseline
20958,Pset_NRCOperationalCarbon,AnalysisRunId,Identifier,run-2026-09-17-01
20958,Pset_NRCEnergyPerformance,EnergyUseIntensity_kWh_per_m2_year,Real,78.4
20958,Pset_NRCEnergyPerformance,ScenarioName,Label,Baseline
20958,Pset_NRCEnergyPerformance,AnalysisRunId,Identifier,run-2026-09-17-01
21013,Pset_NRCEmbodiedCarbon,EmbodiedCarbon_A1A3_kgCO2e,Real,1748.3
21013,Pset_NRCEmbodiedCarbon,EmbodiedCarbon_A1A5_kgCO2e,Real,1958.1
21013,Pset_NRCEmbodiedCarbon,ScenarioName,Label,Baseline
21013,Pset_NRCEmbodiedCarbon,AnalysisRunId,Identifier,run-2026-09-17-01
21013,Pset_NRCOperationalCarbon,OperationalCarbon_kgCO2e_per_year,Real,294.4
21013,Pset_NRCOperationalCarbon,GridEmissionFactor_kgCO2e_per_kWh,Real,0.11
21013,Pset_NRCOperationalCarbon,ScenarioName,Label,Baseline
21013,Pset_NRCOperationalCarbon,AnalysisRunId,Identifier,run-2026-09-17-01
21013,Pset_NRCEnergyPerformance,EnergyUseIntensity_kWh_per_m2_year,Real,76.2
21013,Pset_NRCEnergyPerformance,ScenarioName,Label,Baseline
21013,Pset_NRCEnergyPerformance,AnalysisRunId,Identifier,run-2026-09-17-01
21080,Pset_NRCEmbodiedCarbon,EmbodiedCarbon_A1A3_kgCO2e,Real,2202.9
21080,Pset_NRCEmbodiedCarbon,EmbodiedCarbon_A1A5_kgCO2e,Real,2467.2
21080,Pset_NRCEmbodiedCarbon,ScenarioName,Label,Baseline
21080,Pset_NRCEmbodiedCarbon,AnalysisRunId,Identifier,run-2026-09-17-01
21080,Pset_NRCOperationalCarbon,OperationalCarbon_kgCO2e_per_year,Real,339.9
21080,Pset_NRCOperationalCarbon,GridEmissionFactor_kgCO2e_per_kWh,Real,0.11
21080,Pset_NRCOperationalCarbon,ScenarioName,Label,Baseline
21080,Pset_NRCOperationalCarbon,AnalysisRunId,Identifier,run-2026-09-17-01
21080,Pset_NRCEnergyPerformance,EnergyUseIntensity_kWh_per_m2_year,Real,69.6
21080,Pset_NRCEnergyPerformance,ScenarioName,Label,Baseline
21080,Pset_NRCEnergyPerformance,AnalysisRunId,Identifier,run-2026-09-17-01
21147,Pset_NRCEmbodiedCarbon,EmbodiedCarbon_A1A3_kgCO2e,Real,1973.6
21147,Pset_NRCEmbodiedCarbon,EmbodiedCarbon_A1A5_kgCO2e,Real,2210.4
21147,Pset_NRCEmbodiedCarbon,ScenarioName,Label,Baseline
21147,Pset_NRCEmbodiedCarbon,AnalysisRunId,Identifier,run-2026-09-17-01
21147,Pset_NRCOperationalCarbon,OperationalCarbon_kgCO2e_per_year,Real,308.8
21147,Pset_NRCOperationalCarbon,GridEmissionFactor_kgCO2e_per_kWh,Real,0.11
21147,Pset_NRCOperationalCarbon,ScenarioName,Label,Baseline
21147,Pset_NRCOperationalCarbon,AnalysisRunId,Identifier,run-2026-09-17-01
21147,Pset_NRCEnergyPerformance,EnergyUseIntensity_kWh_per_m2_year,Real,82.3
21147,Pset_NRCEnergyPerformance,ScenarioName,Label,Baseline
21147,Pset_NRCEnergyPerformance,AnalysisRunId,Identifier,run-2026-09-17-01
21195,Pset_NRCEmbodiedCarbon,EmbodiedCarbon_A1A3_kgCO2e,Real,2478.6
21195,Pset_NRCEmbodiedCarbon,EmbodiedCarbon_A1A5_kgCO2e,Real,2776.0
21195,Pset_NRCEmbodiedCarbon,ScenarioName,Label,Baseline
21195,Pset_NRCEmbodiedCarbon,AnalysisRunId,Identifier,run-2026-09-17-01
21195,Pset_NRCOperationalCarbon,OperationalCarbon_kgCO2e_per_year,Real,320.0
21195,Pset_NRCOperationalCarbon,GridEmissionFactor_kgCO2e_per_kWh,Real,0.11
21195,Pset_NRCOperationalCarbon,ScenarioName,Label,Baseline
21195,Pset_NRCOperationalCarbon,AnalysisRunId,Identifier,run-2026-09-17-01
21195,Pset_NRCEnergyPerformance,EnergyUseIntensity_kWh_per_m2_year,Real,74.5
21195,Pset_NRCEnergyPerformance,ScenarioName,Label,Baseline
21195,Pset_NRCEnergyPerformance,AnalysisRunId,Identifier,run-2026-09-17-01
21336,Pset_NRCEmbodiedCarbon,EmbodiedCarbon_A1A3_kgCO2e,Real,1950.5
21336,Pset_NRCEmbodiedCarbon,EmbodiedCarbon_A1A5_kgCO2e,Real,2184.6
21336,Pset_NRCEmbodiedCarbon,ScenarioName,Label,Baseline
21336,Pset_NRCEmbodiedCarbon,AnalysisRunId,Identifier,run-2026-09-17-01
21336,Pset_NRCOperationalCarbon,OperationalCarbon_kgCO2e_per_year,Real,286.6
21336,Pset_NRCOperationalCarbon,GridEmissionFactor_kgCO2e_per_kWh,Real,0.11
21336,Pset_NRCOperationalCarbon,ScenarioName,Label,Baseline
21336,Pset_NRCOperationalCarbon,AnalysisRunId,Identifier,run-2026-09-17-01
21336,Pset_NRCEnergyPerformance,EnergyUseIntensity_kWh_per_m2_year,Real,66.1
21336,Pset_NRCEnergyPerformance,ScenarioName,Label,Baseline
21336,Pset_NRCEnergyPerformance,AnalysisRunId,Identifier,run-2026-09-17-01
21401,Pset_NRCEmbodiedCarbon,EmbodiedCarbon_A1A3_kgCO2e,Real,2905.0
21401,Pset_NRCEmbodiedCarbon,EmbodiedCarbon_A1A5_kgCO2e,Real,3253.6
21401,Pset_NRCEmbodiedCarbon,ScenarioName,Label,Baseline
21401,Pset_NRCEmbodiedCarbon,AnalysisRunId,Identifier,run-2026-09-17-01
21401,Pset_NRCOperationalCarbon,OperationalCarbon_kgCO2e_per_year,Real,221.2
21401,Pset_NRCOperationalCarbon,GridEmissionFactor_kgCO2e_per_kWh,Real,0.11
21401,Pset_NRCOperationalCarbon,ScenarioName,Label,Baseline
21401,Pset_NRCOperationalCarbon,AnalysisRunId,Identifier,run-2026-09-17-01
21401,Pset_NRCEnergyPerformance,EnergyUseIntensity_kWh_per_m2_year,Real,50.3
21401,Pset_NRCEnergyPerformance,ScenarioName,Label,Baseline
21401,Pset_NRCEnergyPerformance,AnalysisRunId,Identifier,run-2026-09-17-01
21449,Pset_NRCEmbodiedCarbon,EmbodiedCarbon_A1A3_kgCO2e,Real,2766.9
21449,Pset_NRCEmbodiedCarbon,EmbodiedCarbon_A1A5_kgCO2e,Real,3098.9
21449,Pset_NRCEmbodiedCarbon,ScenarioName,Label,Baseline
21449,Pset_NRCEmbodiedCarbon,AnalysisRunId,Identifier,run-2026-09-17-01
21449,Pset_NRCOperationalCarbon,OperationalCarbon_kgCO2e_per_year,Real,195.6
21449,Pset_NRCOperationalCarbon,GridEmissionFactor_kgCO2e_per_kWh,Real,0.11
21449,Pset_NRCOperationalCarbon,ScenarioName,Label,Baseline
21449,Pset_NRCOperationalCarbon,AnalysisRunId,Identifier,run-2026-09-17-01
21449,Pset_NRCEnergyPerformance,EnergyUseIntensity_kWh_per_m2_year,Real,52.0
21449,Pset_NRCEnergyPerformance,ScenarioName,Label,Baseline
21449,Pset_NRCEnergyPerformance,AnalysisRunId,Identifier,run-2026-09-17-01
21497,Pset_NRCEmbodiedCarbon,EmbodiedCarbon_A1A3_kgCO2e,Real,1915.6
21497,Pset_NRCEmbodiedCarbon,EmbodiedCarbon_A1A5_kgCO2e,Real,2145.5
21497,Pset_NRCEmbodiedCarbon,ScenarioName,Label,Baseline
21497,Pset_NRCEmbodiedCarbon,AnalysisRunId,Identifier,run-2026-09-17-01
21497,Pset_NRCOperationalCarbon,OperationalCarbon_kgCO2e_per_year,Real,356.6
21497,Pset_NRCOperationalCarbon,GridEmissionFactor_kgCO2e_per_kWh,Real,0.11
21497,Pset_NRCOperationalCarbon,ScenarioName,Label,Baseline
21497,Pset_NRCOperationalCarbon,AnalysisRunId,Identifier,run-2026-09-17-01
21497,Pset_NRCEnergyPerformance,EnergyUseIntensity_kWh_per_m2_year,Real,50.8
21497,Pset_NRCEnergyPerformance,ScenarioName,Label,Baseline
21497,Pset_NRCEnergyPerformance,AnalysisRunId,Identifier,run-2026-09-17-01
21545,Pset_NRCEmbodiedCarbon,EmbodiedCarbon_A1A3_kgCO2e,Real,2729.9
21545,Pset_NRCEmbodiedCarbon,EmbodiedCarbon_A1A5_kgCO2e,Real,3057.5
21545,Pset_NRCEmbodiedCarbon,ScenarioName,Label,Baseline
21545,Pset_NRCEmbodiedCarbon,AnalysisRunId,Identifier,run-2026-09-17-01
21545,Pset_NRCOperationalCarbon,OperationalCarbon_kgCO2e_per_year,Real,210.1
21545,Pset_NRCOperationalCarbon,GridEmissionFactor_kgCO2e_per_kWh,Real,0.11
21545,Pset_NRCOperationalCarbon,ScenarioName,Label,Baseline
21545,Pset_NRCOperationalCarbon,AnalysisRunId,Identifier,run-2026-09-17-01
21545,Pset_NRCEnergyPerformance,EnergyUseIntensity_kWh_per_m2_year,Real,65.2
21545,Pset_NRCEnergyPerformance,ScenarioName,Label,Baseline
21545,Pset_NRCEnergyPerformance,AnalysisRunId,Identifier,run-2026-09-17-01
21610,Pset_NRCEmbodiedCarbon,EmbodiedCarbon_A1A3_kgCO2e,Real,2662.7
21610,Pset_NRCEmbodiedCarbon,EmbodiedCarbon_A1A5_kgCO2e,Real,2982.2
21610,Pset_NRCEmbodiedCarbon,ScenarioName,Label,Baseline
21610,Pset_NRCEmbodiedCarbon,AnalysisRunId,Identifier,run-2026-09-17-01
21610,Pset_NRCOperationalCarbon,OperationalCarbon_kgCO2e_per_year,Real,351.1
21610,Pset_NRCOperationalCarbon,GridEmissionFactor_kgCO2e_per_kWh,Real,0.11
21610,Pset_NRCOperationalCarbon,ScenarioName,Label,Baseline
21610,Pset_NRCOperationalCarbon,AnalysisRunId,Identifier,run-2026-09-17-01
21610,Pset_NRCEnergyPerformance,EnergyUseIntensity_kWh_per_m2_year,Real,61.8
21610,Pset_NRCEnergyPerformance,ScenarioName,Label,Baseline
21610,Pset_NRCEnergyPerformance,AnalysisRunId,Identifier,run-2026-09-17-01
21658,Pset_NRCEmbodiedCarbon,EmbodiedCarbon_A1A3_kgCO2e,Real,2460.9
21658,Pset_NRCEmbodiedCarbon,EmbodiedCarbon_A1A5_kgCO2e,Real,2756.2
21658,Pset_NRCEmbodiedCarbon,ScenarioName,Label,Baseline
21658,Pset_NRCEmbodiedCarbon,AnalysisRunId,Identifier,run-2026-09-17-01
21658,Pset_NRCOperationalCarbon,OperationalCarbon_kgCO2e_per_year,Real,198.9
21658,Pset_NRCOperationalCarbon,GridEmissionFactor_kgCO2e_per_kWh,Real,0.11
21658,Pset_NRCOperationalCarbon,ScenarioName,Label,Baseline
21658,Pset_NRCOperationalCarbon,AnalysisRunId,Identifier,run-2026-09-17-01
21658,Pset_NRCEnergyPerformance,EnergyUseIntensity_kWh_per_m2_year,Real,73.0
21658,Pset_NRCEnergyPerformance,ScenarioName,Label,Baseline
21658,Pset_NRCEnergyPerformance,AnalysisRunId,Identifier,run-2026-09-17-01
21821,Pset_NRCEmbodiedCarbon,EmbodiedCarbon_A1A3_kgCO2e,Real,95.4
21821,Pset_NRCEmbodiedCarbon,EmbodiedCarbon_A1A5_kgCO2e,Real,106.8
21821,Pset_NRCEmbodiedCarbon,ScenarioName,Label,Baseline
21821,Pset_NRCEmbodiedCarbon,AnalysisRunId,Identifier,run-2026-09-17-01
21821,Pset_NRCOperationalCarbon,OperationalCarbon_kgCO2e_per_year,Real,105.1
21821,Pset_NRCOperationalCarbon,GridEmissionFactor_kgCO2e_per_kWh,Real,0.11
21821,Pset_NRCOperationalCarbon,ScenarioName,Label,Baseline
21821,Pset_NRCOperationalCarbon,AnalysisRunId,Identifier,run-2026-09-17-01
21821,Pset_NRCEnergyPerformance,EnergyUseIntensity_kWh_per_m2_year,Real,37.4
21821,Pset_NRCEnergyPerformance,ScenarioName,Label,Baseline
21821,Pset_NRCEnergyPerformance,AnalysisRunId,Identifier,run-2026-09-17-01
21929,Pset_NRCEmbodiedCarbon,EmbodiedCarbon_A1A3_kgCO2e,Real,68.5
21929,Pset_NRCEmbodiedCarbon,EmbodiedCarbon_A1A5_kgCO2e,Real,76.7
21929,Pset_NRCEmbodiedCarbon,ScenarioName,Label,Baseline
21929,Pset_NRCEmbodiedCarbon,AnalysisRunId,Identifier,run-2026-09-17-01
21929,Pset_NRCOperationalCarbon,OperationalCarbon_kgCO2e_per_year,Real,131.7
21929,Pset_NRCOperationalCarbon,GridEmissionFactor_kgCO2e_per_kWh,Real,0.11
21929,Pset_NRCOperationalCarbon,ScenarioName,Label,Baseline
21929,Pset_NRCOperationalCarbon,AnalysisRunId,Identifier,run-2026-09-17-01
21929,Pset_NRCEnergyPerformance,EnergyUseIntensity_kWh_per_m2_year,Real,33.6
21929,Pset_NRCEnergyPerformance,ScenarioName,Label,Baseline
21929,Pset_NRCEnergyPerformance,AnalysisRunId,Identifier,run-2026-09-17-01
21980,Pset_NRCEmbodiedCarbon,EmbodiedCarbon_A1A3_kgCO2e,Real,152.7
21980,Pset_NRCEmbodiedCarbon,EmbodiedCarbon_A1A5_kgCO2e,Real,171.0
21980,Pset_NRCEmbodiedCarbon,ScenarioName,Label,Baseline
21980,Pset_NRCEmbodiedCarbon,AnalysisRunId,Identifier,run-2026-09-17-01
21980,Pset_NRCOperationalCarbon,OperationalCarbon_kgCO2e_per_year,Real,56.7
21980,Pset_NRCOperationalCarbon,GridEmissionFactor_kgCO2e_per_kWh,Real,0.11
21980,Pset_NRCOperationalCarbon,ScenarioName,Label,Baseline
21980,Pset_NRCOperationalCarbon,AnalysisRunId,Identifier,run-2026-09-17-01
21980,Pset_NRCEnergyPerformance,EnergyUseIntensity_kWh_per_m2_year,Real,33.9
21980,Pset_NRCEnergyPerformance,ScenarioName,Label,Baseline
21980,Pset_NRCEnergyPerformance,AnalysisRunId,Identifier,run-2026-09-17-01
22032,Pset_NRCEmbodiedCarbon,EmbodiedCarbon_A1A3_kgCO2e,Real,116.3
22032,Pset_NRCEmbodiedCarbon,EmbodiedCarbon_A1A5_kgCO2e,Real,130.3
22032,Pset_NRCEmbodiedCarbon,ScenarioName,Label,Baseline
22032,Pset_NRCEmbodiedCarbon,AnalysisRunId,Identifier,run-2026-09-17-01
22032,Pset_NRCOperationalCarbon,OperationalCarbon_kgCO2e_per_year,Real,39.6
22032,Pset_NRCOperationalCarbon,GridEmissionFactor_kgCO2e_per_kWh,Real,0.11
22032,Pset_NRCOperationalCarbon,ScenarioName,Label,Baseline
22032,Pset_NRCOperationalCarbon,AnalysisRunId,Identifier,run-2026-09-17-01
22032,Pset_NRCEnergyPerformance,EnergyUseIntensity_kWh_per_m2_year,Real,28.2
22032,Pset_NRCEnergyPerformance,ScenarioName,Label,Baseline
22032,Pset_NRCEnergyPerformance,AnalysisRunId,Identifier,run-2026-09-17-01
22084,Pset_NRCEmbodiedCarbon,EmbodiedCarbon_A1A3_kgCO2e,Real,163.8
22084,Pset_NRCEmbodiedCarbon,EmbodiedCarbon_A1A5_kgCO2e,Real,183.5
22084,Pset_NRCEmbodiedCarbon,ScenarioName,Label,Baseline
22084,Pset_NRCEmbodiedCarbon,AnalysisRunId,Identifier,run-2026-09-17-01
22084,Pset_NRCOperationalCarbon,OperationalCarbon_kgCO2e_per_year,Real,55.8
22084,Pset_NRCOperationalCarbon,GridEmissionFactor_kgCO2e_per_kWh,Real,0.11
22084,Pset_NRCOperationalCarbon,ScenarioName,Label,Baseline
22084,Pset_NRCOperationalCarbon,AnalysisRunId,Identifier,run-2026-09-17-01
22084,Pset_NRCEnergyPerformance,EnergyUseIntensity_kWh_per_m2_year,Real,20.8
22084,Pset_NRCEnergyPerformance,ScenarioName,Label,Baseline
22084,Pset_NRCEnergyPerformance,AnalysisRunId,Identifier,run-2026-09-17-01
22136,Pset_NRCEmbodiedCarbon,EmbodiedCarbon_A1A3_kgCO2e,Real,150.2
22136,Pset_NRCEmbodiedCarbon,EmbodiedCarbon_A1A5_kgCO2e,Real,168.2
22136,Pset_NRCEmbodiedCarbon,ScenarioName,Label,Baseline
22136,Pset_NRCEmbodiedCarbon,AnalysisRunId,Identifier,run-2026-09-17-01
22136,Pset_NRCOperationalCarbon,OperationalCarbon_kgCO2e_per_year,Real,51.4
22136,Pset_NRCOperationalCarbon,GridEmissionFactor_kgCO2e_per_kWh,Real,0.11
22136,Pset_NRCOperationalCarbon,ScenarioName,Label,Baseline
22136,Pset_NRCOperationalCarbon,AnalysisRunId,Identifier,run-2026-09-17-01
22136,Pset_NRCEnergyPerformance,EnergyUseIntensity_kWh_per_m2_year,Real,18.8
22136,Pset_NRCEnergyPerformance,ScenarioName,Label,Baseline
22136,Pset_NRCEnergyPerformance,AnalysisRunId,Identifier,run-2026-09-17-01
22188,Pset_NRCEmbodiedCarbon,EmbodiedCarbon_A1A3_kgCO2e,Real,183.7
22188,Pset_NRCEmbodiedCarbon,EmbodiedCarbon_A1A5_kgCO2e,Real,205.7
22188,Pset_NRCEmbodiedCarbon,ScenarioName,Label,Baseline
22188,Pset_NRCEmbodiedCarbon,AnalysisRunId,Identifier,run-2026-09-17-01
22188,Pset_NRCOperationalCarbon,OperationalCarbon_kgCO2e_per_year,Real,24.7
22188,Pset_NRCOperationalCarbon,GridEmissionFactor_kgCO2e_per_kWh,Real,0.11
22188,Pset_NRCOperationalCarbon,ScenarioName,Label,Baseline
22188,Pset_NRCOperationalCarbon,AnalysisRunId,Identifier,run-2026-09-17-01
22188,Pset_NRCEnergyPerformance,EnergyUseIntensity_kWh_per_m2_year,Real,11.5
22188,Pset_NRCEnergyPerformance,ScenarioName,Label,Baseline
22188,Pset_NRCEnergyPerformance,AnalysisRunId,Identifier,run-2026-09-17-01
22240,Pset_NRCEmbodiedCarbon,EmbodiedCarbon_A1A3_kgCO2e,Real,179.6
22240,Pset_NRCEmbodiedCarbon,EmbodiedCarbon_A1A5_kgCO2e,Real,201.2
22240,Pset_NRCEmbodiedCarbon,ScenarioName,Label,Baseline
22240,Pset_NRCEmbodiedCarbon,AnalysisRunId,Identifier,run-2026-09-17-01
22240,Pset_NRCOperationalCarbon,OperationalCarbon_kgCO2e_per_year,Real,54.1
22240,Pset_NRCOperationalCarbon,GridEmissionFactor_kgCO2e_per_kWh,Real,0.11
22240,Pset_NRCOperationalCarbon,ScenarioName,Label,Baseline
22240,Pset_NRCOperationalCarbon,AnalysisRunId,Identifier,run-2026-09-17-01
22240,Pset_NRCEnergyPerformance,EnergyUseIntensity_kWh_per_m2_year,Real,29.4
22240,Pset_NRCEnergyPerformance,ScenarioName,Label,Baseline
22240,Pset_NRCEnergyPerformance,AnalysisRunId,Identifier,run-2026-09-17-01
22292,Pset_NRCEmbodiedCarbon,EmbodiedCarbon_A1A3_kgCO2e,Real,162.8
22292,Pset_NRCEmbodiedCarbon,EmbodiedCarbon_A1A5_kgCO2e,Real,182.3
22292,Pset_NRCEmbodiedCarbon,ScenarioName,Label,Baseline
22292,Pset_NRCEmbodiedCarbon,AnalysisRunId,Identifier,run-2026-09-17-01
22292,Pset_NRCOperationalCarbon,OperationalCarbon_kgCO2e_per_year,Real,57.4
22292,Pset_NRCOperationalCarbon,GridEmissionFactor_kgCO2e_per_kWh,Real,0.11
22292,Pset_NRCOperationalCarbon,ScenarioName,Label,Baseline
22292,Pset_NRCOperationalCarbon,AnalysisRunId,Identifier,run-2026-09-17-01
22292,Pset_NRCEnergyPerformance,EnergyUseIntensity_kWh_per_m2_year,Real,24.4
22292,Pset_NRCEnergyPerformance,ScenarioName,Label,Baseline
22292,Pset_NRCEnergyPerformance,AnalysisRunId,Identifier,run-2026-09-17-01
22344,Pset_NRCEmbodiedCarbon,EmbodiedCarbon_A1A3_kgCO2e,Real,126.7
22344,Pset_NRCEmbodiedCarbon,EmbodiedCarbon_A1A5_kgCO2e,Real,141.9
22344,Pset_NRCEmbodiedCarbon,ScenarioName,Label,Baseline
22344,Pset_NRCEmbodiedCarbon,AnalysisRunId,Identifier,run-2026-09-17-01
22344,Pset_NRCOperationalCarbon,OperationalCarbon_kgCO2e_per_year,Real,49.2
22344,Pset_NRCOperationalCarbon,GridEmissionFactor_kgCO2e_per_kWh,Real,0.11
22344,Pset_NRCOperationalCarbon,ScenarioName,Label,Baseline
22344,Pset_NRCOperationalCarbon,AnalysisRunId,Identifier,run-2026-09-17-01
22344,Pset_NRCEnergyPerformance,EnergyUseIntensity_kWh_per_m2_year,Real,30.8
22344,Pset_NRCEnergyPerformance,ScenarioName,Label,Baseline
22344,Pset_NRCEnergyPerformance,AnalysisRunId,Identifier,run-2026-09-17-01
22396,Pset_NRCEmbodiedCarbon,EmbodiedCarbon_A1A3_kgCO2e,Real,186.4
22396,Pset_NRCEmbodiedCarbon,EmbodiedCarbon_A1A5_kgCO2e,Real,208.8
22396,Pset_NRCEmbodiedCarbon,ScenarioName,Label,Baseline
22396,Pset_NRCEmbodiedCarbon,AnalysisRunId,Identifier,run-2026-09-17-01
22396,Pset_NRCOperationalCarbon,OperationalCarbon_kgCO2e_per_year,Real,53.0
22396,Pset_NRCOperationalCarbon,GridEmissionFactor_kgCO2e_per_kWh,Real,0.11
22396,Pset_NRCOperationalCarbon,ScenarioName,Label,Baseline
22396,Pset_NRCOperationalCarbon,AnalysisRunId,Identifier,run-2026-09-17-01
22396,Pset_NRCEnergyPerformance,EnergyUseIntensity_kWh_per_m2_year,Real,22.4
22396,Pset_NRCEnergyPerformance,ScenarioName,Label,Baseline
22396,Pset_NRCEnergyPerformance,AnalysisRunId,Identifier,run-2026-09-17-01
22448,Pset_NRCEmbodiedCarbon,EmbodiedCarbon_A1A3_kgCO2e,Real,131.0
22448,Pset_NRCEmbodiedCarbon,EmbodiedCarbon_A1A5_kgCO2e,Real,146.7
22448,Pset_NRCEmbodiedCarbon,ScenarioName,Label,Baseline
22448,Pset_NRCEmbodiedCarbon,AnalysisRunId,Identifier,run-2026-09-17-01
22448,Pset_NRCOperationalCarbon,OperationalCarbon_kgCO2e_per_year,Real,53.0
22448,Pset_NRCOperationalCarbon,GridEmissionFactor_kgCO2e_per_kWh,Real,0.11
22448,Pset_NRCOperationalCarbon,ScenarioName,Label,Baseline
22448,Pset_NRCOperationalCarbon,AnalysisRunId,Identifier,run-2026-09-17-01
22448,Pset_NRCEnergyPerformance,EnergyUseIntensity_kWh_per_m2_year,Real,22.4
22448,Pset_NRCEnergyPerformance,ScenarioName,Label,Baseline
22448,Pset_NRCEnergyPerformance,AnalysisRunId,Identifier,run-2026-09-17-01
22475,Pset_NRCOperationalCarbon,OperationalCarbon_kgCO2e_per_year,Real,251.3
22475,Pset_NRCOperationalCarbon,GridEmissionFactor_kgCO2e_per_kWh,Real,0.11
22475,Pset_NRCOperationalCarbon,ScenarioName,Label,Baseline
22475,Pset_NRCOperationalCarbon,AnalysisRunId,Identifier,run-2026-09-17-01
22475,Pset_NRCEnergyPerformance,EnergyUseIntensity_kWh_per_m2_year,Real,73.6
22475,Pset_NRCEnergyPerformance,ScenarioName,Label,Baseline
22475,Pset_NRCEnergyPerformance,AnalysisRunId,Identifier,run-2026-09-17-01
22492,Pset_NRCEmbodiedCarbon,EmbodiedCarbon_A1A3_kgCO2e,Real,1838.5
22492,Pset_NRCEmbodiedCarbon,EmbodiedCarbon_A1A5_kgCO2e,Real,2059.1
22492,Pset_NRCEmbodiedCarbon,ScenarioName,Label,Baseline
22492,Pset_NRCEmbodiedCarbon,AnalysisRunId,Identifier,run-2026-09-17-01
22492,Pset_NRCOperationalCarbon,OperationalCarbon_kgCO2e_per_year,Real,223.4
22492,Pset_NRCOperationalCarbon,GridEmissionFactor_kgCO2e_per_kWh,Real,0.11
22492,Pset_NRCOperationalCarbon,ScenarioName,Label,Baseline
22492,Pset_NRCOperationalCarbon,AnalysisRunId,Identifier,run-2026-09-17-01
22492,Pset_NRCEnergyPerformance,EnergyUseIntensity_kWh_per_m2_year,Real,62.8
22492,Pset_NRCEnergyPerformance,ScenarioName,Label,Baseline
22492,Pset_NRCEnergyPerformance,AnalysisRunId,Identifier,run-2026-09-17-01
22663,Pset_NRCEmbodiedCarbon,EmbodiedCarbon_A1A3_kgCO2e,Real,1004.2
22663,Pset_NRCEmbodiedCarbon,EmbodiedCarbon_A1A5_kgCO2e,Real,1124.7
22663,Pset_NRCEmbodiedCarbon,ScenarioName,Label,Baseline
22663,Pset_NRCEmbodiedCarbon,AnalysisRunId,Identifier,run-2026-09-17-01
22663,Pset_NRCOperationalCarbon,OperationalCarbon_kgCO2e_per_year,Real,276.5
22663,Pset_NRCOperationalCarbon,GridEmissionFactor_kgCO2e_per_kWh,Real,0.11
22663,Pset_NRCOperationalCarbon,ScenarioName,Label,Baseline
22663,Pset_NRCOperationalCarbon,AnalysisRunId,Identifier,run-2026-09-17-01
22663,Pset_NRCEnergyPerformance,EnergyUseIntensity_kWh_per_m2_year,Real,82.6
22663,Pset_NRCEnergyPerformance,ScenarioName,Label,Baseline
22663,Pset_NRCEnergyPerformance,AnalysisRunId,Identifier,run-2026-09-17-01
22708,Pset_NRCEmbodiedCarbon,EmbodiedCarbon_A1A3_kgCO2e,Real,965.4
22708,Pset_NRCEmbodiedCarbon,EmbodiedCarbon_A1A5_kgCO2e,Real,1081.2
22708,Pset_NRCEmbodiedCarbon,ScenarioName,Label,Baseline
22708,Pset_NRCEmbodiedCarbon,AnalysisRunId,Identifier,run-2026-09-17-01
22708,Pset_NRCOperationalCarbon,OperationalCarbon_kgCO2e_per_year,Real,277.6
22708,Pset_NRCOperationalCarbon,GridEmissionFactor_kgCO2e_per_kWh,Real,0.11
22708,Pset_NRCOperationalCarbon,ScenarioName,Label,Baseline
22708,Pset_NRCOperationalCarbon,AnalysisRunId,Identifier,run-2026-09-17-01
22708,Pset_NRCEnergyPerformance,EnergyUseIntensity_kWh_per_m2_year,Real,89.6
22708,Pset_NRCEnergyPerformance,ScenarioName,Label,Baseline
22708,Pset_NRCEnergyPerformance,AnalysisRunId,Identifier,run-2026-09-17-01
22753,Pset_NRCEmbodiedCarbon,EmbodiedCarbon_A1A3_kgCO2e,Real,673.1
22753,Pset_NRCEmbodiedCarbon,EmbodiedCarbon_A1A5_kgCO2e,Real,753.9
22753,Pset_NRCEmbodiedCarbon,ScenarioName,Label,Baseline
22753,Pset_NRCEmbodiedCarbon,AnalysisRunId,Identifier,run-2026-09-17-01
22753,Pset_NRCOperationalCarbon,OperationalCarbon_kgCO2e_per_year,Real,254.3
22753,Pset_NRCOperationalCarbon,GridEmissionFactor_kgCO2e_per_kWh,Real,0.11
22753,Pset_NRCOperationalCarbon,ScenarioName,Label,Baseline
22753,Pset_NRCOperationalCarbon,AnalysisRunId,Identifier,run-2026-09-17-01
22753,Pset_NRCEnergyPerformance,EnergyUseIntensity_kWh_per_m2_year,Real,66.4
22753,Pset_NRCEnergyPerformance,ScenarioName,Label,Baseline
22753,Pset_NRCEnergyPerformance,AnalysisRunId,Identifier,run-2026-09-17-01
22798,Pset_NRCEmbodiedCarbon,EmbodiedCarbon_A1A3_kgCO2e,Real,958.6
22798,Pset_NRCEmbodiedCarbon,EmbodiedCarbon_A1A5_kgCO2e,Real,1073.6
22798,Pset_NRCEmbodiedCarbon,ScenarioName,Label,Baseline
22798,Pset_NRCEmbodiedCarbon,AnalysisRunId,Identifier,run-2026-09-17-01
22798,Pset_NRCOperationalCarbon,OperationalCarbon_kgCO2e_per_year,Real,410.8
22798,Pset_NRCOperationalCarbon,GridEmissionFactor_kgCO2e_per_kWh,Real,0.11
22798,Pset_NRCOperationalCarbon,ScenarioName,Label,Baseline
22798,Pset_NRCOperationalCarbon,AnalysisRunId,Identifier,run-2026-09-17-01
22798,Pset_NRCEnergyPerformance,EnergyUseIntensity_kWh_per_m2_year,Real,73.9
22798,Pset_NRCEnergyPerformance,ScenarioName,Label,Baseline
22798,Pset_NRCEnergyPerformance,AnalysisRunId,Identifier,run-2026-09-17-01
23162,Pset_NRCEmbodiedCarbon,EmbodiedCarbon_A1A3_kgCO2e,Real,197.8
23162,Pset_NRCEmbodiedCarbon,EmbodiedCarbon_A1A5_kgCO2e,Real,221.5
23162,Pset_NRCEmbodiedCarbon,ScenarioName,Label,Baseline
23162,Pset_NRCEmbodiedCarbon,AnalysisRunId,Identifier,run-2026-09-17-01
23162,Pset_NRCOperationalCarbon,OperationalCarbon_kgCO2e_per_year,Real,34.5
23162,Pset_NRCOperationalCarbon,GridEmissionFactor_kgCO2e_per_kWh,Real,0.11
23162,Pset_NRCOperationalCarbon,ScenarioName,Label,Baseline
23162,Pset_NRCOperationalCarbon,AnalysisRunId,Identifier,run-2026-09-17-01
23162,Pset_NRCEnergyPerformance,EnergyUseIntensity_kWh_per_m2_year,Real,35.7
23162,Pset_NRCEnergyPerformance,ScenarioName,Label,Baseline
23162,Pset_NRCEnergyPerformance,AnalysisRunId,Identifier,run-2026-09-17-01
23251,Pset_NRCEmbodiedCarbon,EmbodiedCarbon_A1A3_kgCO2e,Real,183.4
23251,Pset_NRCEmbodiedCarbon,EmbodiedCarbon_A1A5_kgCO2e,Real,205.4
23251,Pset_NRCEmbodiedCarbon,ScenarioName,Label,Baseline
23251,Pset_NRCEmbodiedCarbon,AnalysisRunId,Identifier,run-2026-09-17-01
23251,Pset_NRCOperationalCarbon,OperationalCarbon_kgCO2e_per_year,Real,38.9
23251,Pset_NRCOperationalCarbon,GridEmissionFactor_kgCO2e_per_kWh,Real,0.11
23251,Pset_NRCOperationalCarbon,ScenarioName,Label,Baseline
23251,Pset_NRCOperationalCarbon,AnalysisRunId,Identifier,run-2026-09-17-01
23251,Pset_NRCEnergyPerformance,EnergyUseIntensity_kWh_per_m2_year,Real,11.7
23251,Pset_NRCEnergyPerformance,ScenarioName,Label,Baseline
23251,Pset_NRCEnergyPerformance,AnalysisRunId,Identifier,run-2026-09-17-01
23286,Pset_NRCEmbodiedCarbon,EmbodiedCarbon_A1A3_kgCO2e,Real,801.1
23286,Pset_NRCEmbodiedCarbon,EmbodiedCarbon_A1A5_kgCO2e,Real,897.2
23286,Pset_NRCEmbodiedCarbon,ScenarioName,Label,Baseline
23286,Pset_NRCEmbodiedCarbon,AnalysisRunId,Identifier,run-2026-09-17-01
23286,Pset_NRCOperationalCarbon,OperationalCarbon_kgCO2e_per_year,Real,314.2
23286,Pset_NRCOperationalCarbon,GridEmissionFactor_kgCO2e_per_kWh,Real,0.11
23286,Pset_NRCOperationalCarbon,ScenarioName,Label,Baseline
23286,Pset_NRCOperationalCarbon,AnalysisRunId,Identifier,run-2026-09-17-01
23286,Pset_NRCEnergyPerformance,EnergyUseIntensity_kWh_per_m2_year,Real,45.0
23286,Pset_NRCEnergyPerformance,ScenarioName,Label,Baseline
23286,Pset_NRCEnergyPerformance,AnalysisRunId,Identifier,run-2026-09-17-01
23369,Pset_NRCEmbodiedCarbon,EmbodiedCarbon_A1A3_kgCO2e,Real,973.8
23369,Pset_NRCEmbodiedCarbon,EmbodiedCarbon_A1A5_kgCO2e,Real,1090.7
23369,Pset_NRCEmbodiedCarbon,ScenarioName,Label,Baseline
23369,Pset_NRCEmbodiedCarbon,AnalysisRunId,Identifier,run-2026-09-17-01
23369,Pset_NRCOperationalCarbon,OperationalCarbon_kgCO2e_per_year,Real,322.0
23369,Pset_NRCOperationalCarbon,GridEmissionFactor_kgCO2e_per_kWh,Real,0.11
23369,Pset_NRCOperationalCarbon,ScenarioName,Label,Baseline
23369,Pset_NRCOperationalCarbon,AnalysisRunId,Identifier,run-2026-09-17-01
23369,Pset_NRCEnergyPerformance,EnergyUseIntensity_kWh_per_m2_year,Real,55.1
23369,Pset_NRCEnergyPerformance,ScenarioName,Label,Baseline
23369,Pset_NRCEnergyPerformance,AnalysisRunId,Identifier,run-2026-09-17-01
23408,Pset_NRCEmbodiedCarbon,EmbodiedCarbon_A1A3_kgCO2e,Real,1132.7
23408,Pset_NRCEmbodiedCarbon,EmbodiedCarbon_A1A5_kgCO2e,Real,1268.6
23408,Pset_NRCEmbodiedCarbon,ScenarioName,Label,Baseline
23408,Pset_NRCEmbodiedCarbon,AnalysisRunId,Identifier,run-2026-09-17-01
23408,Pset_NRCOperationalCarbon,OperationalCarbon_kgCO2e_per_year,Real,330.8
23408,Pset_NRCOperationalCarbon,GridEmissionFactor_kgCO2e_per_kWh,Real,0.11
23408,Pset_NRCOperationalCarbon,ScenarioName,Label,Baseline
23408,Pset_NRCOperationalCarbon,AnalysisRunId,Identifier,run-2026-09-17-01
23408,Pset_NRCEnergyPerformance,EnergyUseIntensity_kWh_per_m2_year,Real,65.1
23408,Pset_NRCEnergyPerformance,ScenarioName,Label,Baseline
23408,Pset_NRCEnergyPerformance,AnalysisRunId,Identifier,run-2026-09-17-01
23446,Pset_NRCEmbodiedCarbon,EmbodiedCarbon_A1A3_kgCO2e,Real,1204.9
23446,Pset_NRCEmbodiedCarbon,EmbodiedCarbon_A1A5_kgCO2e,Real,1349.5
23446,Pset_NRCEmbodiedCarbon,ScenarioName,Label,Baseline
23446,Pset_NRCEmbodiedCarbon,AnalysisRunId,Identifier,run-2026-09-17-01
23446,Pset_NRCOperationalCarbon,OperationalCarbon_kgCO2e_per_year,Real,250.8
23446,Pset_NRCOperationalCarbon,GridEmissionFactor_kgCO2e_per_kWh,Real,0.11
23446,Pset_NRCOperationalCarbon,ScenarioName,Label,Baseline
23446,Pset_NRCOperationalCarbon,AnalysisRunId,Identifier,run-2026-09-17-01
23446,Pset_NRCEnergyPerformance,EnergyUseIntensity_kWh_per_m2_year,Real,57.3
23446,Pset_NRCEnergyPerformance,ScenarioName,Label,Baseline
23446,Pset_NRCEnergyPerformance,AnalysisRunId,Identifier,run-2026-09-17-01
23485,Pset_NRCEmbodiedCarbon,EmbodiedCarbon_A1A3_kgCO2e,Real,760.2
23485,Pset_NRCEmbodiedCarbon,EmbodiedCarbon_A1A5_kgCO2e,Real,851.4
23485,Pset_NRCEmbodiedCarbon,ScenarioName,Label,Baseline
23485,Pset_NRCEmbodiedCarbon,AnalysisRunId,Identifier,run-2026-09-17-01
23485,Pset_NRCOperationalCarbon,OperationalCarbon_kgCO2e_per_year,Real,277.5
23485,Pset_NRCOperationalCarbon,GridEmissionFactor_kgCO2e_per_kWh,Real,0.11
23485,Pset_NRCOperationalCarbon,ScenarioName,Label,Baseline
23485,Pset_NRCOperationalCarbon,AnalysisRunId,Identifier,run-2026-09-17-01
23485,Pset_NRCEnergyPerformance,EnergyUseIntensity_kWh_per_m2_year,Real,62.6
23485,Pset_NRCEnergyPerformance,ScenarioName,Label,Baseline
23485,Pset_NRCEnergyPerformance,AnalysisRunId,Identifier,run-2026-09-17-01
23524,Pset_NRCEmbodiedCarbon,EmbodiedCarbon_A1A3_kgCO2e,Real,946.6
23524,Pset_NRCEmbodiedCarbon,EmbodiedCarbon_A1A5_kgCO2e,Real,1060.2
23524,Pset_NRCEmbodiedCarbon,ScenarioName,Label,Baseline
23524,Pset_NRCEmbodiedCarbon,AnalysisRunId,Identifier,run-2026-09-17-01
23524,Pset_NRCOperationalCarbon,OperationalCarbon_kgCO2e_per_year,Real,289.7
23524,Pset_NRCOperationalCarbon,GridEmissionFactor_kgCO2e_per_kWh,Real,0.11
23524,Pset_NRCOperationalCarbon,ScenarioName,Label,Baseline
23524,Pset_NRCOperationalCarbon,AnalysisRunId,Identifier,run-2026-09-17-01
23524,Pset_NRCEnergyPerformance,EnergyUseIntensity_kWh_per_m2_year,Real,54.7
23524,Pset_NRCEnergyPerformance,ScenarioName,Label,Baseline
23524,Pset_NRCEnergyPerformance,AnalysisRunId,Identifier,run-2026-09-17-01
23562,Pset_NRCEmbodiedCarbon,EmbodiedCarbon_A1A3_kgCO2e,Real,743.5
23562,Pset_NRCEmbodiedCarbon,EmbodiedCarbon_A1A5_kgCO2e,Real,832.7
23562,Pset_NRCEmbodiedCarbon,ScenarioName,Label,Baseline
23562,Pset_NRCEmbodiedCarbon,AnalysisRunId,Identifier,run-2026-09-17-01
23562,Pset_NRCOperationalCarbon,OperationalCarbon_kgCO2e_per_year,Real,301.9
23562,Pset_NRCOperationalCarbon,GridEmissionFactor_kgCO2e_per_kWh,Real,0.11
23562,Pset_NRCOperationalCarbon,ScenarioName,Label,Baseline
23562,Pset_NRCOperationalCarbon,AnalysisRunId,Identifier,run-2026-09-17-01
23562,Pset_NRCEnergyPerformance,EnergyUseIntensity_kWh_per_m2_year,Real,46.8
23562,Pset_NRCEnergyPerformance,ScenarioName,Label,Baseline
23562,Pset_NRCEnergyPerformance,AnalysisRunId,Identifier,run-2026-09-17-01
23671,Pset_NRCEmbodiedCarbon,EmbodiedCarbon_A1A3_kgCO2e,Real,77.2
23671,Pset_NRCEmbodiedCarbon,EmbodiedCarbon_A1A5_kgCO2e,Real,86.5
23671,Pset_NRCEmbodiedCarbon,ScenarioName,Label,Baseline
23671,Pset_NRCEmbodiedCarbon,AnalysisRunId,Identifier,run-2026-09-17-01
23671,Pset_NRCOperationalCarbon,OperationalCarbon_kgCO2e_per_year,Real,30.1
23671,Pset_NRCOperationalCarbon,GridEmissionFactor_kgCO2e_per_kWh,Real,0.11
23671,Pset_NRCOperationalCarbon,ScenarioName,Label,Baseline
23671,Pset_NRCOperationalCarbon,AnalysisRunId,Identifier,run-2026-09-17-01
23671,Pset_NRCEnergyPerformance,EnergyUseIntensity_kWh_per_m2_year,Real,28.1
23671,Pset_NRCEnergyPerformance,ScenarioName,Label,Baseline
23671,Pset_NRCEnergyPerformance,AnalysisRunId,Identifier,run-2026-09-17-01
23768,Pset_NRCEmbodiedCarbon,EmbodiedCarbon_A1A3_kgCO2e,Real,54.2
23768,Pset_NRCEmbodiedCarbon,EmbodiedCarbon_A1A5_kgCO2e,Real,60.7
23768,Pset_NRCEmbodiedCarbon,ScenarioName,Label,Baseline
23768,Pset_NRCEmbodiedCarbon,AnalysisRunId,Identifier,run-2026-09-17-01
23768,Pset_NRCOperationalCarbon,OperationalCarbon_kgCO2e_per_year,Real,80.0
23768,Pset_NRCOperationalCarbon,GridEmissionFactor_kgCO2e_per_kWh,Real,0.11
23768,Pset_NRCOperationalCarbon,ScenarioName,Label,Baseline
23768,Pset_NRCOperationalCarbon,AnalysisRunId,Identifier,run-2026-09-17-01
23768,Pset_NRCEnergyPerformance,EnergyUseIntensity_kWh_per_m2_year,Real,27.7
23768,Pset_NRCEnergyPerformance,ScenarioName,Label,Baseline
23768,Pset_NRCEnergyPerformance,AnalysisRunId,Identifier,run-2026-09-17-01
23826,Pset_NRCEmbodiedCarbon,EmbodiedCarbon_A1A3_kgCO2e,Real,56.6
23826,Pset_NRCEmbodiedCarbon,EmbodiedCarbon_A1A5_kgCO2e,Real,63.4
23826,Pset_NRCEmbodiedCarbon,ScenarioName,Label,Baseline
23826,Pset_NRCEmbodiedCarbon,AnalysisRunId,Identifier,run-2026-09-17-01
23826,Pset_NRCOperationalCarbon,OperationalCarbon_kgCO2e_per_year,Real,95.5
23826,Pset_NRCOperationalCarbon,GridEmissionFactor_kgCO2e_per_kWh,Real,0.11
23826,Pset_NRCOperationalCarbon,ScenarioName,Label,Baseline
23826,Pset_NRCOperationalCarbon,AnalysisRunId,Identifier,run-2026-09-17-01
23826,Pset_NRCEnergyPerformance,EnergyUseIntensity_kWh_per_m2_year,Real,28.8
23826,Pset_NRCEnergyPerformance,ScenarioName,Label,Baseline
23826,Pset_NRCEnergyPerformance,AnalysisRunId,Identifier,run-2026-09-17-01
23884,Pset_NRCEmbodiedCarbon,EmbodiedCarbon_A1A3_kgCO2e,Real,65.7
23884,Pset_NRCEmbodiedCarbon,EmbodiedCarbon_A1A5_kgCO2e,Real,73.6
23884,Pset_NRCEmbodiedCarbon,ScenarioName,Label,Baseline
23884,Pset_NRCEmbodiedCarbon,AnalysisRunId,Identifier,run-2026-09-17-01
23884,Pset_NRCOperationalCarbon,OperationalCarbon_kgCO2e_per_year,Real,114.4
23884,Pset_NRCOperationalCarbon,GridEmissionFactor_kgCO2e_per_kWh,Real,0.11
23884,Pset_NRCOperationalCarbon,ScenarioName,Label,Baseline
23884,Pset_NRCOperationalCarbon,AnalysisRunId,Identifier,run-2026-09-17-01
23884,Pset_NRCEnergyPerformance,EnergyUseIntensity_kWh_per_m2_year,Real,31.0
23884,Pset_NRCEnergyPerformance,ScenarioName,Label,Baseline
23884,Pset_NRCEnergyPerformance,AnalysisRunId,Identifier,run-2026-09-17-01
23992,Pset_NRCEmbodiedCarbon,EmbodiedCarbon_A1A3_kgCO2e,Real,78.9
23992,Pset_NRCEmbodiedCarbon,EmbodiedCarbon_A1A5_kgCO2e,Real,88.4
23992,Pset_NRCEmbodiedCarbon,ScenarioName,Label,Baseline
23992,Pset_NRCEmbodiedCarbon,AnalysisRunId,Identifier,run-2026-09-17-01
23992,Pset_NRCOperationalCarbon,OperationalCarbon_kgCO2e_per_year,Real,48.9
23992,Pset_NRCOperationalCarbon,GridEmissionFactor_kgCO2e_per_kWh,Real,0.11
23992,Pset_NRCOperationalCarbon,ScenarioName,Label,Baseline
23992,Pset_NRCOperationalCarbon,AnalysisRunId,Identifier,run-2026-09-17-01
23992,Pset_NRCEnergyPerformance,EnergyUseIntensity_kWh_per_m2_year,Real,24.2
23992,Pset_NRCEnergyPerformance,ScenarioName,Label,Baseline
23992,Pset_NRCEnergyPerformance,AnalysisRunId,Identifier,run-2026-09-17-01
24060,Pset_NRCEmbodiedCarbon,EmbodiedCarbon_A1A3_kgCO2e,Real,58.5
24060,Pset_NRCEmbodiedCarbon,EmbodiedCarbon_A1A5_kgCO2e,Real,65.5
24060,Pset_NRCEmbodiedCarbon,ScenarioName,Label,Baseline
24060,Pset_NRCEmbodiedCarbon,AnalysisRunId,Identifier,run-2026-09-17-01
24060,Pset_NRCOperationalCarbon,OperationalCarbon_kgCO2e_per_year,Real,51.2
24060,Pset_NRCOperationalCarbon,GridEmissionFactor_kgCO2e_per_kWh,Real,0.11
24060,Pset_NRCOperationalCarbon,ScenarioName,Label,Baseline
24060,Pset_NRCOperationalCarbon,AnalysisRunId,Identifier,run-2026-09-17-01
24060,Pset_NRCEnergyPerformance,EnergyUseIntensity_kWh_per_m2_year,Real,19.3
24060,Pset_NRCEnergyPerformance,ScenarioName,Label,Baseline
24060,Pset_NRCEnergyPerformance,AnalysisRunId,Identifier,run-2026-09-17-01
24128,Pset_NRCEmbodiedCarbon,EmbodiedCarbon_A1A3_kgCO2e,Real,56.7
24128,Pset_NRCEmbodiedCarbon,EmbodiedCarbon_A1A5_kgCO2e,Real,63.5
24128,Pset_NRCEmbodiedCarbon,ScenarioName,Label,Baseline
24128,Pset_NRCEmbodiedCarbon,AnalysisRunId,Identifier,run-2026-09-17-01
24128,Pset_NRCOperationalCarbon,OperationalCarbon_kgCO2e_per_year,Real,86.6
24128,Pset_NRCOperationalCarbon,GridEmissionFactor_kgCO2e_per_kWh,Real,0.11
24128,Pset_NRCOperationalCarbon,ScenarioName,Label,Baseline
24128,Pset_NRCOperationalCarbon,AnalysisRunId,Identifier,run-2026-09-17-01
24128,Pset_NRCEnergyPerformance,EnergyUseIntensity_kWh_per_m2_year,Real,17.7
24128,Pset_NRCEnergyPerformance,ScenarioName,Label,Baseline
24128,Pset_NRCEnergyPerformance,AnalysisRunId,Identifier,run-2026-09-17-01
24186,Pset_NRCEmbodiedCarbon,EmbodiedCarbon_A1A3_kgCO2e,Real,61.9
24186,Pset_NRCEmbodiedCarbon,EmbodiedCarbon_A1A5_kgCO2e,Real,69.3
24186,Pset_NRCEmbodiedCarbon,ScenarioName,Label,Baseline
24186,Pset_NRCEmbodiedCarbon,AnalysisRunId,Identifier,run-2026-09-17-01
24186,Pset_NRCOperationalCarbon,OperationalCarbon_kgCO2e_per_year,Real,103.3
24186,Pset_NRCOperationalCarbon,GridEmissionFactor_kgCO2e_per_kWh,Real,0.11
24186,Pset_NRCOperationalCarbon,ScenarioName,Label,Baseline
24186,Pset_NRCOperationalCarbon,AnalysisRunId,Identifier,run-2026-09-17-01
24186,Pset_NRCEnergyPerformance,EnergyUseIntensity_kWh_per_m2_year,Real,32.9
24186,Pset_NRCEnergyPerformance,ScenarioName,Label,Baseline
24186,Pset_NRCEnergyPerformance,AnalysisRunId,Identifier,run-2026-09-17-01
24268,Pset_NRCEmbodiedCarbon,EmbodiedCarbon_A1A3_kgCO2e,Real,48.3
24268,Pset_NRCEmbodiedCarbon,EmbodiedCarbon_A1A5_kgCO2e,Real,54.1
24268,Pset_NRCEmbodiedCarbon,ScenarioName,Label,Baseline
24268,Pset_NRCEmbodiedCarbon,AnalysisRunId,Identifier,run-2026-09-17-01
24268,Pset_NRCOperationalCarbon,OperationalCarbon_kgCO2e_per_year,Real,111.1
24268,Pset_NRCOperationalCarbon,GridEmissionFactor_kgCO2e_per_kWh,Real,0.11
24268,Pset_NRCOperationalCarbon,ScenarioName,Label,Baseline
24268,Pset_NRCOperationalCarbon,AnalysisRunId,Identifier,run-2026-09-17-01
24268,Pset_NRCEnergyPerformance,EnergyUseIntensity_kWh_per_m2_year,Real,36.0
24268,Pset_NRCEnergyPerformance,ScenarioName,Label,Baseline
24268,Pset_NRCEnergyPerformance,AnalysisRunId,Identifier,run-2026-09-17-01
24326,Pset_NRCEmbodiedCarbon,EmbodiedCarbon_A1A3_kgCO2e,Real,82.3
24326,Pset_NRCEmbodiedCarbon,EmbodiedCarbon_A1A5_kgCO2e,Real,92.2
24326,Pset_NRCEmbodiedCarbon,ScenarioName,Label,Baseline
24326,Pset_NRCEmbodiedCarbon,AnalysisRunId,Identifier,run-2026-09-17-01
24326,Pset_NRCOperationalCarbon,OperationalCarbon_kgCO2e_per_year,Real,119.9
24326,Pset_NRCOperationalCarbon,GridEmissionFactor_kgCO2e_per_kWh,Real,0.11
24326,Pset_NRCOperationalCarbon,ScenarioName,Label,Baseline
24326,Pset_NRCOperationalCarbon,AnalysisRunId,Identifier,run-2026-09-17-01
24326,Pset_NRCEnergyPerformance,EnergyUseIntensity_kWh_per_m2_year,Real,40.0
24326,Pset_NRCEnergyPerformance,ScenarioName,Label,Baseline
24326,Pset_NRCEnergyPerformance,AnalysisRunId,Identifier,run-2026-09-17-01
24408,Pset_NRCEmbodiedCarbon,EmbodiedCarbon_A1A3_kgCO2e,Real,46.4
24408,Pset_NRCEmbodiedCarbon,EmbodiedCarbon_A1A5_kgCO2e,Real,52.0
24408,Pset_NRCEmbodiedCarbon,ScenarioName,Label,Baseline
24408,Pset_NRCEmbodiedCarbon,AnalysisRunId,Identifier,run-2026-09-17-01
24408,Pset_NRCOperationalCarbon,OperationalCarbon_kgCO2e_per_year,Real,42.3
24408,Pset_NRCOperationalCarbon,GridEmissionFactor_kgCO2e_per_kWh,Real,0.11
24408,Pset_NRCOperationalCarbon,ScenarioName,Label,Baseline
24408,Pset_NRCOperationalCarbon,AnalysisRunId,Identifier,run-2026-09-17-01
24408,Pset_NRCEnergyPerformance,EnergyUseIntensity_kWh_per_m2_year,Real,34.2
24408,Pset_NRCEnergyPerformance,ScenarioName,Label,Baseline
24408,Pset_NRCEnergyPerformance,AnalysisRunId,Identifier,run-2026-09-17-01
24476,Pset_NRCEmbodiedCarbon,EmbodiedCarbon_A1A3_kgCO2e,Real,49.2
24476,Pset_NRCEmbodiedCarbon,EmbodiedCarbon_A1A5_kgCO2e,Real,55.1
24476,Pset_NRCEmbodiedCarbon,ScenarioName,Label,Baseline
24476,Pset_NRCEmbodiedCarbon,AnalysisRunId,Identifier,run-2026-09-17-01
24476,Pset_NRCOperationalCarbon,OperationalCarbon_kgCO2e_per_year,Real,50.1
24476,Pset_NRCOperationalCarbon,GridEmissionFactor_kgCO2e_per_kWh,Real,0.11
24476,Pset_NRCOperationalCarbon,ScenarioName,Label,Baseline
24476,Pset_NRCOperationalCarbon,AnalysisRunId,Identifier,run-2026-09-17-01
24476,Pset_NRCEnergyPerformance,EnergyUseIntensity_kWh_per_m2_year,Real,38.3
24476,Pset_NRCEnergyPerformance,ScenarioName,Label,Baseline
24476,Pset_NRCEnergyPerformance,AnalysisRunId,Identifier,run-2026-09-17-01
24544,Pset_NRCEmbodiedCarbon,EmbodiedCarbon_A1A3_kgCO2e,Real,59.5
24544,Pset_NRCEmbodiedCarbon,EmbodiedCarbon_A1A5_kgCO2e,Real,66.6
24544,Pset_NRCEmbodiedCarbon,ScenarioName,Label,Baseline
24544,Pset_NRCEmbodiedCarbon,AnalysisRunId,Identifier,run-2026-09-17-01
24544,Pset_NRCOperationalCarbon,OperationalCarbon_kgCO2e_per_year,Real,52.3
24544,Pset_NRCOperationalCarbon,GridEmissionFactor_kgCO2e_per_kWh,Real,0.11
24544,Pset_NRCOperationalCarbon,ScenarioName,Label,Baseline
24544,Pset_NRCOperationalCarbon,AnalysisRunId,Identifier,run-2026-09-17-01
24544,Pset_NRCEnergyPerformance,EnergyUseIntensity_kWh_per_m2_year,Real,26.3
24544,Pset_NRCEnergyPerformance,ScenarioName,Label,Baseline
24544,Pset_NRCEnergyPerformance,AnalysisRunId,Identifier,run-2026-09-17-01
24596,Pset_NRCEmbodiedCarbon,EmbodiedCarbon_A1A3_kgCO2e,Real,934.7
24596,Pset_NRCEmbodiedCarbon,EmbodiedCarbon_A1A5_kgCO2e,Real,1046.9
24596,Pset_NRCEmbodiedCarbon,ScenarioName,Label,Baseline
24596,Pset_NRCEmbodiedCarbon,AnalysisRunId,Identifier,run-2026-09-17-01
24596,Pset_NRCOperationalCarbon,OperationalCarbon_kgCO2e_per_year,Real,331.9
24596,Pset_NRCOperationalCarbon,GridEmissionFactor_kgCO2e_per_kWh,Real,0.11
24596,Pset_NRCOperationalCarbon,ScenarioName,Label,Baseline
24596,Pset_NRCOperationalCarbon,AnalysisRunId,Identifier,run-2026-09-17-01
24596,Pset_NRCEnergyPerformance,EnergyUseIntensity_kWh_per_m2_year,Real,72.1
24596,Pset_NRCEnergyPerformance,ScenarioName,Label,Baseline
24596,Pset_NRCEnergyPerformance,AnalysisRunId,Identifier,run-2026-09-17-01
24680,Pset_NRCEmbodiedCarbon,EmbodiedCarbon_A1A3_kgCO2e,Real,661.6
24680,Pset_NRCEmbodiedCarbon,EmbodiedCarbon_A1A5_kgCO2e,Real,741.0
24680,Pset_NRCEmbodiedCarbon,ScenarioName,Label,Baseline
24680,Pset_NRCEmbodiedCarbon,AnalysisRunId,Identifier,run-2026-09-17-01
24680,Pset_NRCOperationalCarbon,OperationalCarbon_kgCO2e_per_year,Real,372.0
24680,Pset_NRCOperationalCarbon,GridEmissionFactor_kgCO2e_per_kWh,Real,0.11
24680,Pset_NRCOperationalCarbon,ScenarioName,Label,Baseline
24680,Pset_NRCOperationalCarbon,AnalysisRunId,Identifier,run-2026-09-17-01
24680,Pset_NRCEnergyPerformance,EnergyUseIntensity_kWh_per_m2_year,Real,83.6
24680,Pset_NRCEnergyPerformance,ScenarioName,Label,Baseline
24680,Pset_NRCEnergyPerformance,AnalysisRunId,Identifier,run-2026-09-17-01
24723,Pset_NRCEmbodiedCarbon,EmbodiedCarbon_A1A3_kgCO2e,Real,796.6
24723,Pset_NRCEmbodiedCarbon,EmbodiedCarbon_A1A5_kgCO2e,Real,892.2
24723,Pset_NRCEmbodiedCarbon,ScenarioName,Label,Baseline
24723,Pset_NRCEmbodiedCarbon,AnalysisRunId,Identifier,run-2026-09-17-01
24723,Pset_NRCOperationalCarbon,OperationalCarbon_kgCO2e_per_year,Real,412.0
24723,Pset_NRCOperationalCarbon,GridEmissionFactor_kgCO2e_per_kWh,Real,0.11
24723,Pset_NRCOperationalCarbon,ScenarioName,Label,Baseline
24723,Pset_NRCOperationalCarbon,AnalysisRunId,Identifier,run-2026-09-17-01
24723,Pset_NRCEnergyPerformance,EnergyUseIntensity_kWh_per_m2_year,Real,87.0
24723,Pset_NRCEnergyPerformance,ScenarioName,Label,Baseline
24723,Pset_NRCEnergyPerformance,AnalysisRunId,Identifier,run-2026-09-17-01
24768,Pset_NRCEmbodiedCarbon,EmbodiedCarbon_A1A3_kgCO2e,Real,709.1
24768,Pset_NRCEmbodiedCarbon,EmbodiedCarbon_A1A5_kgCO2e,Real,794.2
24768,Pset_NRCEmbodiedCarbon,ScenarioName,Label,Baseline
24768,Pset_NRCEmbodiedCarbon,AnalysisRunId,Identifier,run-2026-09-17-01
24768,Pset_NRCOperationalCarbon,OperationalCarbon_kgCO2e_per_year,Real,358.6
24768,Pset_NRCOperationalCarbon,GridEmissionFactor_kgCO2e_per_kWh,Real,0.11
24768,Pset_NRCOperationalCarbon,ScenarioName,Label,Baseline
24768,Pset_NRCOperationalCarbon,AnalysisRunId,Identifier,run-2026-09-17-01
24768,Pset_NRCEnergyPerformance,EnergyUseIntensity_kWh_per_m2_year,Real,77.4
24768,Pset_NRCEnergyPerformance,ScenarioName,Label,Baseline
24768,Pset_NRCEnergyPerformance,AnalysisRunId,Identifier,run-2026-09-17-01
24813,Pset_NRCEmbodiedCarbon,EmbodiedCarbon_A1A3_kgCO2e,Real,789.9
24813,Pset_NRCEmbodiedCarbon,EmbodiedCarbon_A1A5_kgCO2e,Real,884.7
24813,Pset_NRCEmbodiedCarbon,ScenarioName,Label,Baseline
24813,Pset_NRCEmbodiedCarbon,AnalysisRunId,Identifier,run-2026-09-17-01
24813,Pset_NRCOperationalCarbon,OperationalCarbon_kgCO2e_per_year,Real,315.3
24813,Pset_NRCOperationalCarbon,GridEmissionFactor_kgCO2e_per_kWh,Real,0.11
24813,Pset_NRCOperationalCarbon,ScenarioName,Label,Baseline
24813,Pset_NRCOperationalCarbon,AnalysisRunId,Identifier,run-2026-09-17-01
24813,Pset_NRCEnergyPerformance,EnergyUseIntensity_kWh_per_m2_year,Real,52.0
24813,Pset_NRCEnergyPerformance,ScenarioName,Label,Baseline
24813,Pset_NRCEnergyPerformance,AnalysisRunId,Identifier,run-2026-09-17-01
26941,Pset_NRCEmbodiedCarbon,EmbodiedCarbon_A1A3_kgCO2e,Real,33.9
26941,Pset_NRCEmbodiedCarbon,EmbodiedCarbon_A1A5_kgCO2e,Real,38.0
26941,Pset_NRCEmbodiedCarbon,ScenarioName,Label,Baseline
26941,Pset_NRCEmbodiedCarbon,AnalysisRunId,Identifier,run-2026-09-17-01
26941,Pset_NRCOperationalCarbon,OperationalCarbon_kgCO2e_per_year,Real,366.4
26941,Pset_NRCOperationalCarbon,GridEmissionFactor_kgCO2e_per_kWh,Real,0.11
26941,Pset_NRCOperationalCarbon,ScenarioName,Label,Baseline
26941,Pset_NRCOperationalCarbon,AnalysisRunId,Identifier,run-2026-09-17-01
26941,Pset_NRCEnergyPerformance,EnergyUseIntensity_kWh_per_m2_year,Real,87.5
26941,Pset_NRCEnergyPerformance,ScenarioName,Label,Baseline
26941,Pset_NRCEnergyPerformance,AnalysisRunId,Identifier,run-2026-09-17-01
29098,Pset_NRCEmbodiedCarbon,EmbodiedCarbon_A1A3_kgCO2e,Real,38.8
29098,Pset_NRCEmbodiedCarbon,EmbodiedCarbon_A1A5_kgCO2e,Real,43.5
29098,Pset_NRCEmbodiedCarbon,ScenarioName,Label,Baseline
29098,Pset_NRCEmbodiedCarbon,AnalysisRunId,Identifier,run-2026-09-17-01
29098,Pset_NRCOperationalCarbon,OperationalCarbon_kgCO2e_per_year,Real,348.6
29098,Pset_NRCOperationalCarbon,GridEmissionFactor_kgCO2e_per_kWh,Real,0.11
29098,Pset_NRCOperationalCarbon,ScenarioName,Label,Baseline
29098,Pset_NRCOperationalCarbon,AnalysisRunId,Identifier,run-2026-09-17-01
29098,Pset_NRCEnergyPerformance,EnergyUseIntensity_kWh_per_m2_year,Real,53.3
29098,Pset_NRCEnergyPerformance,ScenarioName,Label,Baseline
29098,Pset_NRCEnergyPerformance,AnalysisRunId,Identifier,run-2026-09-17-01
29127,Pset_NRCEmbodiedCarbon,EmbodiedCarbon_A1A3_kgCO2e,Real,52.9
29127,Pset_NRCEmbodiedCarbon,EmbodiedCarbon_A1A5_kgCO2e,Real,59.2
29127,Pset_NRCEmbodiedCarbon,ScenarioName,Label,Baseline
29127,Pset_NRCEmbodiedCarbon,AnalysisRunId,Identifier,run-2026-09-17-01
29127,Pset_NRCOperationalCarbon,OperationalCarbon_kgCO2e_per_year,Real,347.5
29127,Pset_NRCOperationalCarbon,GridEmissionFactor_kgCO2e_per_kWh,Real,0.11
29127,Pset_NRCOperationalCarbon,ScenarioName,Label,Baseline
29127,Pset_NRCOperationalCarbon,AnalysisRunId,Identifier,run-2026-09-17-01
29127,Pset_NRCEnergyPerformance,EnergyUseIntensity_kWh_per_m2_year,Real,46.3
29127,Pset_NRCEnergyPerformance,ScenarioName,Label,Baseline
29127,Pset_NRCEnergyPerformance,AnalysisRunId,Identifier,run-2026-09-17-01
31241,Pset_NRCEmbodiedCarbon,EmbodiedCarbon_A1A3_kgCO2e,Real,49.2
31241,Pset_NRCEmbodiedCarbon,EmbodiedCarbon_A1A5_kgCO2e,Real,55.1
31241,Pset_NRCEmbodiedCarbon,ScenarioName,Label,Baseline
31241,Pset_NRCEmbodiedCarbon,AnalysisRunId,Identifier,run-2026-09-17-01
31241,Pset_NRCOperationalCarbon,OperationalCarbon_kgCO2e_per_year,Real,342.0
31241,Pset_NRCOperationalCarbon,GridEmissionFactor_kgCO2e_per_kWh,Real,0.11
31241,Pset_NRCOperationalCarbon,ScenarioName,Label,Baseline
31241,Pset_NRCOperationalCarbon,AnalysisRunId,Identifier,run-2026-09-17-01
31241,Pset_NRCEnergyPerformance,EnergyUseIntensity_kWh_per_m2_year,Real,57.3
31241,Pset_NRCEnergyPerformance,ScenarioName,Label,Baseline
31241,Pset_NRCEnergyPerformance,AnalysisRunId,Identifier,run-2026-09-17-01
31313,Pset_NRCEmbodiedCarbon,EmbodiedCarbon_A1A3_kgCO2e,Real,32.3
31313,Pset_NRCEmbodiedCarbon,EmbodiedCarbon_A1A5_kgCO2e,Real,36.2
31313,Pset_NRCEmbodiedCarbon,ScenarioName,Label,Baseline
31313,Pset_NRCEmbodiedCarbon,AnalysisRunId,Identifier,run-2026-09-17-01
31313,Pset_NRCOperationalCarbon,OperationalCarbon_kgCO2e_per_year,Real,331.9
31313,Pset_NRCOperationalCarbon,GridEmissionFactor_kgCO2e_per_kWh,Real,0.11
31313,Pset_NRCOperationalCarbon,ScenarioName,Label,Baseline
31313,Pset_NRCOperationalCarbon,AnalysisRunId,Identifier,run-2026-09-17-01
31313,Pset_NRCEnergyPerformance,EnergyUseIntensity_kWh_per_m2_year,Real,72.1
31313,Pset_NRCEnergyPerformance,ScenarioName,Label,Baseline
31313,Pset_NRCEnergyPerformance,AnalysisRunId,Identifier,run-2026-09-17-01
31342,Pset_NRCEmbodiedCarbon,EmbodiedCarbon_A1A3_kgCO2e,Real,52.0
31342,Pset_NRCEmbodiedCarbon,EmbodiedCarbon_A1A5_kgCO2e,Real,58.2
31342,Pset_NRCEmbodiedCarbon,ScenarioName,Label,Baseline
31342,Pset_NRCEmbodiedCarbon,AnalysisRunId,Identifier,run-2026-09-17-01
31342,Pset_NRCOperationalCarbon,OperationalCarbon_kgCO2e_per_year,Real,346.4
31342,Pset_NRCOperationalCarbon,GridEmissionFactor_kgCO2e_per_kWh,Real,0.11
31342,Pset_NRCOperationalCarbon,ScenarioName,Label,Baseline
31342,Pset_NRCOperationalCarbon,AnalysisRunId,Identifier,run-2026-09-17-01
31342,Pset_NRCEnergyPerformance,EnergyUseIntensity_kWh_per_m2_year,Real,85.3
31342,Pset_NRCEnergyPerformance,ScenarioName,Label,Baseline
31342,Pset_NRCEnergyPerformance,AnalysisRunId,Identifier,run-2026-09-17-01
31371,Pset_NRCEmbodiedCarbon,EmbodiedCarbon_A1A3_kgCO2e,Real,42.3
31371,Pset_NRCEmbodiedCarbon,EmbodiedCarbon_A1A5_kgCO2e,Real,47.4
31371,Pset_NRCEmbodiedCarbon,ScenarioName,Label,Baseline
31371,Pset_NRCEmbodiedCarbon,AnalysisRunId,Identifier,run-2026-09-17-01
31371,Pset_NRCOperationalCarbon,OperationalCarbon_kgCO2e_per_year,Real,377.5
31371,Pset_NRCOperationalCarbon,GridEmissionFactor_kgCO2e_per_kWh,Real,0.11
31371,Pset_NRCOperationalCarbon,ScenarioName,Label,Baseline
31371,Pset_NRCOperationalCarbon,AnalysisRunId,Identifier,run-2026-09-17-01
31371,Pset_NRCEnergyPerformance,EnergyUseIntensity_kWh_per_m2_year,Real,72.6
31371,Pset_NRCEnergyPerformance,ScenarioName,Label,Baseline
31371,Pset_NRCEnergyPerformance,AnalysisRunId,Identifier,run-2026-09-17-01
31400,Pset_NRCEmbodiedCarbon,EmbodiedCarbon_A1A3_kgCO2e,Real,43.1
31400,Pset_NRCEmbodiedCarbon,EmbodiedCarbon_A1A5_kgCO2e,Real,48.3
31400,Pset_NRCEmbodiedCarbon,ScenarioName,Label,Baseline
31400,Pset_NRCEmbodiedCarbon,AnalysisRunId,Identifier,run-2026-09-17-01
31400,Pset_NRCOperationalCarbon,OperationalCarbon_kgCO2e_per_year,Real,402.0
31400,Pset_NRCOperationalCarbon,GridEmissionFactor_kgCO2e_per_kWh,Real,0.11
31400,Pset_NRCOperationalCarbon,ScenarioName,Label,Baseline
31400,Pset_NRCOperationalCarbon,AnalysisRunId,Identifier,run-2026-09-17-01
31400,Pset_NRCEnergyPerformance,EnergyUseIntensity_kWh_per_m2_year,Real,63.9
31400,Pset_NRCEnergyPerformance,ScenarioName,Label,Baseline
31400,Pset_NRCEnergyPerformance,AnalysisRunId,Identifier,run-2026-09-17-01
31431,Pset_NRCEmbodiedCarbon,EmbodiedCarbon_A1A3_kgCO2e,Real,888.8
31431,Pset_NRCEmbodiedCarbon,EmbodiedCarbon_A1A5_kgCO2e,Real,995.5
31431,Pset_NRCEmbodiedCarbon,ScenarioName,Label,Baseline
31431,Pset_NRCEmbodiedCarbon,AnalysisRunId,Identifier,run-2026-09-17-01
31431,Pset_NRCOperationalCarbon,OperationalCarbon_kgCO2e_per_year,Real,295.4
31431,Pset_NRCOperationalCarbon,GridEmissionFactor_kgCO2e_per_kWh,Real,0.11
31431,Pset_NRCOperationalCarbon,ScenarioName,Label,Baseline
31431,Pset_NRCOperationalCarbon,AnalysisRunId,Identifier,run-2026-09-17-01
31431,Pset_NRCEnergyPerformance,EnergyUseIntensity_kWh_per_m2_year,Real,77.8
31431,Pset_NRCEnergyPerformance,ScenarioName,Label,Baseline
31431,Pset_NRCEnergyPerformance,AnalysisRunId,Identifier,run-2026-09-17-01
31476,Pset_NRCEmbodiedCarbon,EmbodiedCarbon_A1A3_kgCO2e,Real,875.1
31476,Pset_NRCEmbodiedCarbon,EmbodiedCarbon_A1A5_kgCO2e,Real,980.1
31476,Pset_NRCEmbodiedCarbon,ScenarioName,Label,Baseline
31476,Pset_NRCEmbodiedCarbon,AnalysisRunId,Identifier,run-2026-09-17-01
31476,Pset_NRCOperationalCarbon,OperationalCarbon_kgCO2e_per_year,Real,310.9
31476,Pset_NRCOperationalCarbon,GridEmissionFactor_kgCO2e_per_kWh,Real,0.11
31476,Pset_NRCOperationalCarbon,ScenarioName,Label,Baseline
31476,Pset_NRCOperationalCarbon,AnalysisRunId,Identifier,run-2026-09-17-01
31476,Pset_NRCEnergyPerformance,EnergyUseIntensity_kWh_per_m2_year,Real,90.9
31476,Pset_NRCEnergyPerformance,ScenarioName,Label,Baseline
31476,Pset_NRCEnergyPerformance,AnalysisRunId,Identifier,run-2026-09-17-01
32063,Pset_NRCEmbodiedCarbon,EmbodiedCarbon_A1A3_kgCO2e,Real,282.6
32063,Pset_NRCEmbodiedCarbon,EmbodiedCarbon_A1A5_kgCO2e,Real,316.5
32063,Pset_NRCEmbodiedCarbon,ScenarioName,Label,Baseline
32063,Pset_NRCEmbodiedCarbon,AnalysisRunId,Identifier,run-2026-09-17-01
32063,Pset_NRCOperationalCarbon,OperationalCarbon_kgCO2e_per_year,Real,143.0
32063,Pset_NRCOperationalCarbon,GridEmissionFactor_kgCO2e_per_kWh,Real,0.11
32063,Pset_NRCOperationalCarbon,ScenarioName,Label,Baseline
32063,Pset_NRCOperationalCarbon,AnalysisRunId,Identifier,run-2026-09-17-01
32063,Pset_NRCEnergyPerformance,EnergyUseIntensity_kWh_per_m2_year,Real,26.8
32063,Pset_NRCEnergyPerformance,ScenarioName,Label,Baseline
32063,Pset_NRCEnergyPerformance,AnalysisRunId,Identifier,run-2026-09-17-01
32096,Pset_NRCEmbodiedCarbon,EmbodiedCarbon_A1A3_kgCO2e,Real,128.7
32096,Pset_NRCEmbodiedCarbon,EmbodiedCarbon_A1A5_kgCO2e,Real,144.1
32096,Pset_NRCEmbodiedCarbon,ScenarioName,Label,Baseline
32096,Pset_NRCEmbodiedCarbon,AnalysisRunId,Identifier,run-2026-09-17-01
32096,Pset_NRCOperationalCarbon,OperationalCarbon_kgCO2e_per_year,Real,164.0
32096,Pset_NRCOperationalCarbon,GridEmissionFactor_kgCO2e_per_kWh,Real,0.11
32096,Pset_NRCOperationalCarbon,ScenarioName,Label,Baseline
32096,Pset_NRCOperationalCarbon,AnalysisRunId,Identifier,run-2026-09-17-01
32096,Pset_NRCEnergyPerformance,EnergyUseIntensity_kWh_per_m2_year,Real,38.0
32096,Pset_NRCEnergyPerformance,ScenarioName,Label,Baseline
32096,Pset_NRCEnergyPerformance,AnalysisRunId,Identifier,run-2026-09-17-01
32115,Pset_NRCEmbodiedCarbon,EmbodiedCarbon_A1A3_kgCO2e,Real,132.6
32115,Pset_NRCEmbodiedCarbon,EmbodiedCarbon_A1A5_kgCO2e,Real,148.5
32115,Pset_NRCEmbodiedCarbon,ScenarioName,Label,Baseline
32115,Pset_NRCEmbodiedCarbon,AnalysisRunId,Identifier,run-2026-09-17-01
32115,Pset_NRCOperationalCarbon,OperationalCarbon_kgCO2e_per_year,Real,125.3
32115,Pset_NRCOperationalCarbon,GridEmissionFactor_kgCO2e_per_kWh,Real,0.11
32115,Pset_NRCOperationalCarbon,ScenarioName,Label,Baseline
32115,Pset_NRCOperationalCarbon,AnalysisRunId,Identifier,run-2026-09-17-01
32115,Pset_NRCEnergyPerformance,EnergyUseIntensity_kWh_per_m2_year,Real,35.6
32115,Pset_NRCEnergyPerformance,ScenarioName,Label,Baseline
32115,Pset_NRCEnergyPerformance,AnalysisRunId,Identifier,run-2026-09-17-01
32116,Pset_NRCEmbodiedCarbon,EmbodiedCarbon_A1A3_kgCO2e,Real,601.1
32116,Pset_NRCEmbodiedCarbon,EmbodiedCarbon_A1A5_kgCO2e,Real,673.2
32116,Pset_NRCEmbodiedCarbon,ScenarioName,Label,Baseline
32116,Pset_NRCEmbodiedCarbon,AnalysisRunId,Identifier,run-2026-09-17-01
32116,Pset_NRCOperationalCarbon,OperationalCarbon_kgCO2e_per_year,Real,171.8
32116,Pset_NRCOperationalCarbon,GridEmissionFactor_kgCO2e_per_kWh,Real,0.11
32116,Pset_NRCOperationalCarbon,ScenarioName,Label,Baseline
32116,Pset_NRCOperationalCarbon,AnalysisRunId,Identifier,run-2026-09-17-01
32116,Pset_NRCEnergyPerformance,EnergyUseIntensity_kWh_per_m2_year,Real,40.0
32116,Pset_NRCEnergyPerformance,ScenarioName,Label,Baseline
32116,Pset_NRCEnergyPerformance,AnalysisRunId,Identifier,run-2026-09-17-01
32346,Pset_NRCEmbodiedCarbon,EmbodiedCarbon_A1A3_kgCO2e,Real,51.5
32346,Pset_NRCEmbodiedCarbon,EmbodiedCarbon_A1A5_kgCO2e,Real,57.7
32346,Pset_NRCEmbodiedCarbon,ScenarioName,Label,Baseline
32346,Pset_NRCEmbodiedCarbon,AnalysisRunId,Identifier,run-2026-09-17-01
32346,Pset_NRCOperationalCarbon,OperationalCarbon_kgCO2e_per_year,Real,23.8
32346,Pset_NRCOperationalCarbon,GridEmissionFactor_kgCO2e_per_kWh,Real,0.11
32346,Pset_NRCOperationalCarbon,ScenarioName,Label,Baseline
32346,Pset_NRCOperationalCarbon,AnalysisRunId,Identifier,run-2026-09-17-01
32346,Pset_NRCEnergyPerformance,EnergyUseIntensity_kWh_per_m2_year,Real,14.8
32346,Pset_NRCEnergyPerformance,ScenarioName,Label,Baseline
32346,Pset_NRCEnergyPerformance,AnalysisRunId,Identifier,run-2026-09-17-01
35163,Pset_NRCEmbodiedCarbon,EmbodiedCarbon_A1A3_kgCO2e,Real,77.3
35163,Pset_NRCEmbodiedCarbon,EmbodiedCarbon_A1A5_kgCO2e,Real,86.6
35163,Pset_NRCEmbodiedCarbon,ScenarioName,Label,Baseline
35163,Pset_NRCEmbodiedCarbon,AnalysisRunId,Identifier,run-2026-09-17-01
35163,Pset_NRCOperationalCarbon,OperationalCarbon_kgCO2e_per_year,Real,46.0
35163,Pset_NRCOperationalCarbon,GridEmissionFactor_kgCO2e_per_kWh,Real,0.11
35163,Pset_NRCOperationalCarbon,ScenarioName,Label,Baseline
35163,Pset_NRCOperationalCarbon,AnalysisRunId,Identifier,run-2026-09-17-01
35163,Pset_NRCEnergyPerformance,EnergyUseIntensity_kWh_per_m2_year,Real,13.6
35163,Pset_NRCEnergyPerformance,ScenarioName,Label,Baseline
35163,Pset_NRCEnergyPerformance,AnalysisRunId,Identifier,run-2026-09-17-01
35199,Pset_NRCEmbodiedCarbon,EmbodiedCarbon_A1A3_kgCO2e,Real,718.0
35199,Pset_NRCEmbodiedCarbon,EmbodiedCarbon_A1A5_kgCO2e,Real,804.2
35199,Pset_NRCEmbodiedCarbon,ScenarioName,Label,Baseline
35199,Pset_NRCEmbodiedCarbon,AnalysisRunId,Identifier,run-2026-09-17-01
35199,Pset_NRCOperationalCarbon,OperationalCarbon_kgCO2e_per_year,Real,357.6
35199,Pset_NRCOperationalCarbon,GridEmissionFactor_kgCO2e_per_kWh,Real,0.11
35199,Pset_NRCOperationalCarbon,ScenarioName,Label,Baseline
35199,Pset_NRCOperationalCarbon,AnalysisRunId,Identifier,run-2026-09-17-01
35199,Pset_NRCEnergyPerformance,EnergyUseIntensity_kWh_per_m2_year,Real,51.4
35199,Pset_NRCEnergyPerformance,ScenarioName,Label,Baseline
35199,Pset_NRCEnergyPerformance,AnalysisRunId,Identifier,run-2026-09-17-01
35318,Pset_NRCEmbodiedCarbon,EmbodiedCarbon_A1A3_kgCO2e,Real,83.4
35318,Pset_NRCEmbodiedCarbon,EmbodiedCarbon_A1A5_kgCO2e,Real,93.4
35318,Pset_NRCEmbodiedCarbon,ScenarioName,Label,Baseline
35318,Pset_NRCEmbodiedCarbon,AnalysisRunId,Identifier,run-2026-09-17-01
35318,Pset_NRCOperationalCarbon,OperationalCarbon_kgCO2e_per_year,Real,117.3
35318,Pset_NRCOperationalCarbon,GridEmissionFactor_kgCO2e_per_kWh,Real,0.11
35318,Pset_NRCOperationalCarbon,ScenarioName,Label,Baseline
35318,Pset_NRCOperationalCarbon,AnalysisRunId,Identifier,run-2026-09-17-01
35318,Pset_NRCEnergyPerformance,EnergyUseIntensity_kWh_per_m2_year,Real,28.5
35318,Pset_NRCEnergyPerformance,ScenarioName,Label,Baseline
35318,Pset_NRCEnergyPerformance,AnalysisRunId,Identifier,run-2026-09-17-01
35357,Pset_NRCEmbodiedCarbon,EmbodiedCarbon_A1A3_kgCO2e,Real,578.2
35357,Pset_NRCEmbodiedCarbon,EmbodiedCarbon_A1A5_kgCO2e,Real,647.6
35357,Pset_NRCEmbodiedCarbon,ScenarioName,Label,Baseline
35357,Pset_NRCEmbodiedCarbon,AnalysisRunId,Identifier,run-2026-09-17-01
35357,Pset_NRCOperationalCarbon,OperationalCarbon_kgCO2e_per_year,Real,332.1
35357,Pset_NRCOperationalCarbon,GridEmissionFactor_kgCO2e_per_kWh,Real,0.11
35357,Pset_NRCOperationalCarbon,ScenarioName,Label,Baseline
35357,Pset_NRCOperationalCarbon,AnalysisRunId,Identifier,run-2026-09-17-01
35357,Pset_NRCEnergyPerformance,EnergyUseIntensity_kWh_per_m2_year,Real,60.2
35357,Pset_NRCEnergyPerformance,ScenarioName,Label,Baseline
35357,Pset_NRCEnergyPerformance,AnalysisRunId,Identifier,run-2026-09-17-01
35413,Pset_NRCEmbodiedCarbon,EmbodiedCarbon_A1A3_kgCO2e,Real,122.7
35413,Pset_NRCEmbodiedCarbon,EmbodiedCarbon_A1A5_kgCO2e,Real,137.4
35413,Pset_NRCEmbodiedCarbon,ScenarioName,Label,Baseline
35413,Pset_NRCEmbodiedCarbon,AnalysisRunId,Identifier,run-2026-09-17-01
35413,Pset_NRCOperationalCarbon,OperationalCarbon_kgCO2e_per_year,Real,61.8
35413,Pset_NRCOperationalCarbon,GridEmissionFactor_kgCO2e_per_kWh,Real,0.11
35413,Pset_NRCOperationalCarbon,ScenarioName,Label,Baseline
35413,Pset_NRCOperationalCarbon,AnalysisRunId,Identifier,run-2026-09-17-01
35413,Pset_NRCEnergyPerformance,EnergyUseIntensity_kWh_per_m2_year,Real,41.0
35413,Pset_NRCEnergyPerformance,ScenarioName,Label,Baseline
35413,Pset_NRCEnergyPerformance,AnalysisRunId,Identifier,run-2026-09-17-01
35452,Pset_NRCEmbodiedCarbon,EmbodiedCarbon_A1A3_kgCO2e,Real,1036.5
35452,Pset_NRCEmbodiedCarbon,EmbodiedCarbon_A1A5_kgCO2e,Real,1160.9
35452,Pset_NRCEmbodiedCarbon,ScenarioName,Label,Baseline
35452,Pset_NRCEmbodiedCarbon,AnalysisRunId,Identifier,run-2026-09-17-01
35452,Pset_NRCOperationalCarbon,OperationalCarbon_kgCO2e_per_year,Real,325.4
35452,Pset_NRCOperationalCarbon,GridEmissionFactor_kgCO2e_per_kWh,Real,0.11
35452,Pset_NRCOperationalCarbon,ScenarioName,Label,Baseline
35452,Pset_NRCOperationalCarbon,AnalysisRunId,Identifier,run-2026-09-17-01
35452,Pset_NRCEnergyPerformance,EnergyUseIntensity_kWh_per_m2_year,Real,57.1
35452,Pset_NRCEnergyPerformance,ScenarioName,Label,Baseline
35452,Pset_NRCEnergyPerformance,AnalysisRunId,Identifier,run-2026-09-17-01
35497,Pset_NRCEmbodiedCarbon,EmbodiedCarbon_A1A3_kgCO2e,Real,764.9
35497,Pset_NRCEmbodiedCarbon,EmbodiedCarbon_A1A5_kgCO2e,Real,856.7
35497,Pset_NRCEmbodiedCarbon,ScenarioName,Label,Baseline
35497,Pset_NRCEmbodiedCarbon,AnalysisRunId,Identifier,run-2026-09-17-01
35497,Pset_NRCOperationalCarbon,OperationalCarbon_kgCO2e_per_year,Real,329.8
35497,Pset_NRCOperationalCarbon,GridEmissionFactor_kgCO2e_per_kWh,Real,0.11
35497,Pset_NRCOperationalCarbon,ScenarioName,Label,Baseline
35497,Pset_NRCOperationalCarbon,AnalysisRunId,Identifier,run-2026-09-17-01
35497,Pset_NRCEnergyPerformance,EnergyUseIntensity_kWh_per_m2_year,Real,85.1
35497,Pset_NRCEnergyPerformance,ScenarioName,Label,Baseline
35497,Pset_NRCEnergyPerformance,AnalysisRunId,Identifier,run-2026-09-17-01
35783,Pset_NRCEmbodiedCarbon,EmbodiedCarbon_A1A3_kgCO2e,Real,47.7
35783,Pset_NRCEmbodiedCarbon,EmbodiedCarbon_A1A5_kgCO2e,Real,53.4
35783,Pset_NRCEmbodiedCarbon,ScenarioName,Label,Baseline
35783,Pset_NRCEmbodiedCarbon,AnalysisRunId,Identifier,run-2026-09-17-01
35783,Pset_NRCOperationalCarbon,OperationalCarbon_kgCO2e_per_year,Real,14.2
35783,Pset_NRCOperationalCarbon,GridEmissionFactor_kgCO2e_per_kWh,Real,0.11
35783,Pset_NRCOperationalCarbon,ScenarioName,Label,Baseline
35783,Pset_NRCOperationalCarbon,AnalysisRunId,Identifier,run-2026-09-17-01
35783,Pset_NRCEnergyPerformance,EnergyUseIntensity_kWh_per_m2_year,Real,11.0
35783,Pset_NRCEnergyPerformance,ScenarioName,Label,Baseline
35783,Pset_NRCEnergyPerformance,AnalysisRunId,Identifier,run-2026-09-17-01
35854,Pset_NRCEmbodiedCarbon,EmbodiedCarbon_A1A3_kgCO2e,Real,47.1
35854,Pset_NRCEmbodiedCarbon,EmbodiedCarbon_A1A5_kgCO2e,Real,52.8
35854,Pset_NRCEmbodiedCarbon,ScenarioName,Label,Baseline
35854,Pset_NRCEmbodiedCarbon,AnalysisRunId,Identifier,run-2026-09-17-01
35854,Pset_NRCOperationalCarbon,OperationalCarbon_kgCO2e_per_year,Real,18.4
35854,Pset_NRCOperationalCarbon,GridEmissionFactor_kgCO2e_per_kWh,Real,0.11
35854,Pset_NRCOperationalCarbon,ScenarioName,Label,Baseline
35854,Pset_NRCOperationalCarbon,AnalysisRunId,Identifier,run-2026-09-17-01
35854,Pset_NRCEnergyPerformance,EnergyUseIntensity_kWh_per_m2_year,Real,5.4
35854,Pset_NRCEnergyPerformance,ScenarioName,Label,Baseline
35854,Pset_NRCEnergyPerformance,AnalysisRunId,Identifier,run-2026-09-17-01
36125,Pset_NRCEmbodiedCarbon,EmbodiedCarbon_A1A3_kgCO2e,Real,39.8
36125,Pset_NRCEmbodiedCarbon,EmbodiedCarbon_A1A5_kgCO2e,Real,44.6
36125,Pset_NRCEmbodiedCarbon,ScenarioName,Label,Baseline
36125,Pset_NRCEmbodiedCarbon,AnalysisRunId,Identifier,run-2026-09-17-01
36125,Pset_NRCOperationalCarbon,OperationalCarbon_kgCO2e_per_year,Real,36.3
36125,Pset_NRCOperationalCarbon,GridEmissionFactor_kgCO2e_per_kWh,Real,0.11
36125,Pset_NRCOperationalCarbon,ScenarioName,Label,Baseline
36125,Pset_NRCOperationalCarbon,AnalysisRunId,Identifier,run-2026-09-17-01
36125,Pset_NRCEnergyPerformance,EnergyUseIntensity_kWh_per_m2_year,Real,12.9
36125,Pset_NRCEnergyPerformance,ScenarioName,Label,Baseline
36125,Pset_NRCEnergyPerformance,AnalysisRunId,Identifier,run-2026-09-17-01
36151,Pset_NRCEmbodiedCarbon,EmbodiedCarbon_A1A3_kgCO2e,Real,39.0
36151,Pset_NRCEmbodiedCarbon,EmbodiedCarbon_A1A5_kgCO2e,Real,43.7
36151,Pset_NRCEmbodiedCarbon,ScenarioName,Label,Baseline
36151,Pset_NRCEmbodiedCarbon,AnalysisRunId,Identifier,run-2026-09-17-01
36151,Pset_NRCOperationalCarbon,OperationalCarbon_kgCO2e_per_year,Real,35.2
36151,Pset_NRCOperationalCarbon,GridEmissionFactor_kgCO2e_per_kWh,Real,0.11
36151,Pset_NRCOperationalCarbon,ScenarioName,Label,Baseline
36151,Pset_NRCOperationalCarbon,AnalysisRunId,Identifier,run-2026-09-17-01
36151,Pset_NRCEnergyPerformance,EnergyUseIntensity_kWh_per_m2_year,Real,5.9
36151,Pset_NRCEnergyPerformance,ScenarioName,Label,Baseline
36151,Pset_NRCEnergyPerformance,AnalysisRunId,Identifier,run-2026-09-17-01
36423,Pset_NRCEmbodiedCarbon,EmbodiedCarbon_A1A3_kgCO2e,Real,35.6
36423,Pset_NRCEmbodiedCarbon,EmbodiedCarbon_A1A5_kgCO2e,Real,39.9
36423,Pset_NRCEmbodiedCarbon,ScenarioName,Label,Baseline
36423,Pset_NRCEmbodiedCarbon,AnalysisRunId,Identifier,run-2026-09-17-01
36423,Pset_NRCOperationalCarbon,OperationalCarbon_kgCO2e_per_year,Real,22.9
36423,Pset_NRCOperationalCarbon,GridEmissionFactor_kgCO2e_per_kWh,Real,0.11
36423,Pset_NRCOperationalCarbon,ScenarioName,Label,Baseline
36423,Pset_NRCOperationalCarbon,AnalysisRunId,Identifier,run-2026-09-17-01
36423,Pset_NRCEnergyPerformance,EnergyUseIntensity_kWh_per_m2_year,Real,10.7
36423,Pset_NRCEnergyPerformance,ScenarioName,Label,Baseline
36423,Pset_NRCEnergyPerformance,AnalysisRunId,Identifier,run-2026-09-17-01
36497,Pset_NRCEmbodiedCarbon,EmbodiedCarbon_A1A3_kgCO2e,Real,46.0
36497,Pset_NRCEmbodiedCarbon,EmbodiedCarbon_A1A5_kgCO2e,Real,51.5
36497,Pset_NRCEmbodiedCarbon,ScenarioName,Label,Baseline
36497,Pset_NRCEmbodiedCarbon,AnalysisRunId,Identifier,run-2026-09-17-01
36497,Pset_NRCOperationalCarbon,OperationalCarbon_kgCO2e_per_year,Real,54.1
36497,Pset_NRCOperationalCarbon,GridEmissionFactor_kgCO2e_per_kWh,Real,0.11
36497,Pset_NRCOperationalCarbon,ScenarioName,Label,Baseline
36497,Pset_NRCOperationalCarbon,AnalysisRunId,Identifier,run-2026-09-17-01
36497,Pset_NRCEnergyPerformance,EnergyUseIntensity_kWh_per_m2_year,Real,23.0
36497,Pset_NRCEnergyPerformance,ScenarioName,Label,Baseline
36497,Pset_NRCEnergyPerformance,AnalysisRunId,Identifier,run-2026-09-17-01
36526,Pset_NRCEmbodiedCarbon,EmbodiedCarbon_A1A3_kgCO2e,Real,41.0
36526,Pset_NRCEmbodiedCarbon,EmbodiedCarbon_A1A5_kgCO2e,Real,45.9
36526,Pset_NRCEmbodiedCarbon,ScenarioName,Label,Baseline
36526,Pset_NRCEmbodiedCarbon,AnalysisRunId,Identifier,run-2026-09-17-01
36526,Pset_NRCOperationalCarbon,OperationalCarbon_kgCO2e_per_year,Real,62.9
36526,Pset_NRCOperationalCarbon,GridEmissionFactor_kgCO2e_per_kWh,Real,0.11
36526,Pset_NRCOperationalCarbon,ScenarioName,Label,Baseline
36526,Pset_NRCOperationalCarbon,AnalysisRunId,Identifier,run-2026-09-17-01
36526,Pset_NRCEnergyPerformance,EnergyUseIntensity_kWh_per_m2_year,Real,17.0
36526,Pset_NRCEnergyPerformance,ScenarioName,Label,Baseline
36526,Pset_NRCEnergyPerformance,AnalysisRunId,Identifier,run-2026-09-17-01
36555,Pset_NRCEmbodiedCarbon,EmbodiedCarbon_A1A3_kgCO2e,Real,41.3
36555,Pset_NRCEmbodiedCarbon,EmbodiedCarbon_A1A5_kgCO2e,Real,46.3
36555,Pset_NRCEmbodiedCarbon,ScenarioName,Label,Baseline
36555,Pset_NRCEmbodiedCarbon,AnalysisRunId,Identifier,run-2026-09-17-01
36555,Pset_NRCOperationalCarbon,OperationalCarbon_kgCO2e_per_year,Real,52.9
36555,Pset_NRCOperationalCarbon,GridEmissionFactor_kgCO2e_per_kWh,Real,0.11
36555,Pset_NRCOperationalCarbon,ScenarioName,Label,Baseline
36555,Pset_NRCOperationalCarbon,AnalysisRunId,Identifier,run-2026-09-17-01
36555,Pset_NRCEnergyPerformance,EnergyUseIntensity_kWh_per_m2_year,Real,40.9
36555,Pset_NRCEnergyPerformance,ScenarioName,Label,Baseline
36555,Pset_NRCEnergyPerformance,AnalysisRunId,Identifier,run-2026-09-17-01
36584,Pset_NRCEmbodiedCarbon,EmbodiedCarbon_A1A3_kgCO2e,Real,37.1
36584,Pset_NRCEmbodiedCarbon,EmbodiedCarbon_A1A5_kgCO2e,Real,41.6
36584,Pset_NRCEmbodiedCarbon,ScenarioName,Label,Baseline
36584,Pset_NRCEmbodiedCarbon,AnalysisRunId,Identifier,run-2026-09-17-01
36584,Pset_NRCOperationalCarbon,OperationalCarbon_kgCO2e_per_year,Real,84.1
36584,Pset_NRCOperationalCarbon,GridEmissionFactor_kgCO2e_per_kWh,Real,0.11
36584,Pset_NRCOperationalCarbon,ScenarioName,Label,Baseline
36584,Pset_NRCOperationalCarbon,AnalysisRunId,Identifier,run-2026-09-17-01
36584,Pset_NRCEnergyPerformance,EnergyUseIntensity_kWh_per_m2_year,Real,16.3
36584,Pset_NRCEnergyPerformance,ScenarioName,Label,Baseline
36584,Pset_NRCEnergyPerformance,AnalysisRunId,Identifier,run-2026-09-17-01
36686,Pset_NRCEmbodiedCarbon,EmbodiedCarbon_A1A3_kgCO2e,Real,277.6
36686,Pset_NRCEmbodiedCarbon,EmbodiedCarbon_A1A5_kgCO2e,Real,310.9
36686,Pset_NRCEmbodiedCarbon,ScenarioName,Label,Baseline
36686,Pset_NRCEmbodiedCarbon,AnalysisRunId,Identifier,run-2026-09-17-01
36686,Pset_NRCOperationalCarbon,OperationalCarbon_kgCO2e_per_year,Real,139.5
36686,Pset_NRCOperationalCarbon,GridEmissionFactor_kgCO2e_per_kWh,Real,0.11
36686,Pset_NRCOperationalCarbon,ScenarioName,Label,Baseline
36686,Pset_NRCOperationalCarbon,AnalysisRunId,Identifier,run-2026-09-17-01
36686,Pset_NRCEnergyPerformance,EnergyUseIntensity_kWh_per_m2_year,Real,27.7
36686,Pset_NRCEnergyPerformance,ScenarioName,Label,Baseline
36686,Pset_NRCEnergyPerformance,AnalysisRunId,Identifier,run-2026-09-17-01
36892,Pset_NRCEmbodiedCarbon,EmbodiedCarbon_A1A3_kgCO2e,Real,243.1
36892,Pset_NRCEmbodiedCarbon,EmbodiedCarbon_A1A5_kgCO2e,Real,272.3
36892,Pset_NRCEmbodiedCarbon,ScenarioName,Label,Baseline
36892,Pset_NRCEmbodiedCarbon,AnalysisRunId,Identifier,run-2026-09-17-01
36892,Pset_NRCOperationalCarbon,OperationalCarbon_kgCO2e_per_year,Real,59.5
36892,Pset_NRCOperationalCarbon,GridEmissionFactor_kgCO2e_per_kWh,Real,0.11
36892,Pset_NRCOperationalCarbon,ScenarioName,Label,Baseline
36892,Pset_NRCOperationalCarbon,AnalysisRunId,Identifier,run-2026-09-17-01
36892,Pset_NRCEnergyPerformance,EnergyUseIntensity_kWh_per_m2_year,Real,25.9
36892,Pset_NRCEnergyPerformance,ScenarioName,Label,Baseline
36892,Pset_NRCEnergyPerformance,AnalysisRunId,Identifier,run-2026-09-17-01
37065,Pset_NRCEmbodiedCarbon,EmbodiedCarbon_A1A3_kgCO2e,Real,222.1
37065,Pset_NRCEmbodiedCarbon,EmbodiedCarbon_A1A5_kgCO2e,Real,248.8
37065,Pset_NRCEmbodiedCarbon,ScenarioName,Label,Baseline
37065,Pset_NRCEmbodiedCarbon,AnalysisRunId,Identifier,run-2026-09-17-01
37065,Pset_NRCOperationalCarbon,OperationalCarbon_kgCO2e_per_year,Real,95.1
37065,Pset_NRCOperationalCarbon,GridEmissionFactor_kgCO2e_per_kWh,Real,0.11
37065,Pset_NRCOperationalCarbon,ScenarioName,Label,Baseline
37065,Pset_NRCOperationalCarbon,AnalysisRunId,Identifier,run-2026-09-17-01
37065,Pset_NRCEnergyPerformance,EnergyUseIntensity_kWh_per_m2_year,Real,29.3
37065,Pset_NRCEnergyPerformance,ScenarioName,Label,Baseline
37065,Pset_NRCEnergyPerformance,AnalysisRunId,Identifier,run-2026-09-17-01
37195,Pset_NRCEmbodiedCarbon,EmbodiedCarbon_A1A3_kgCO2e,Real,311.7
37195,Pset_NRCEmbodiedCarbon,EmbodiedCarbon_A1A5_kgCO2e,Real,349.1
37195,Pset_NRCEmbodiedCarbon,ScenarioName,Label,Baseline
37195,Pset_NRCEmbodiedCarbon,AnalysisRunId,Identifier,run-2026-09-17-01
37195,Pset_NRCOperationalCarbon,OperationalCarbon_kgCO2e_per_year,Real,65.1
37195,Pset_NRCOperationalCarbon,GridEmissionFactor_kgCO2e_per_kWh,Real,0.11
37195,Pset_NRCOperationalCarbon,ScenarioName,Label,Baseline
37195,Pset_NRCOperationalCarbon,AnalysisRunId,Identifier,run-2026-09-17-01
37195,Pset_NRCEnergyPerformance,EnergyUseIntensity_kWh_per_m2_year,Real,36.0
37195,Pset_NRCEnergyPerformance,ScenarioName,Label,Baseline
37195,Pset_NRCEnergyPerformance,AnalysisRunId,Identifier,run-2026-09-17-01
37325,Pset_NRCEmbodiedCarbon,EmbodiedCarbon_A1A3_kgCO2e,Real,286.5
37325,Pset_NRCEmbodiedCarbon,EmbodiedCarbon_A1A5_kgCO2e,Real,320.9
37325,Pset_NRCEmbodiedCarbon,ScenarioName,Label,Baseline
37325,Pset_NRCEmbodiedCarbon,AnalysisRunId,Identifier,run-2026-09-17-01
37325,Pset_NRCOperationalCarbon,OperationalCarbon_kgCO2e_per_year,Real,102.8
37325,Pset_NRCOperationalCarbon,GridEmissionFactor_kgCO2e_per_kWh,Real,0.11
37325,Pset_NRCOperationalCarbon,ScenarioName,Label,Baseline
37325,Pset_NRCOperationalCarbon,AnalysisRunId,Identifier,run-2026-09-17-01
37325,Pset_NRCEnergyPerformance,EnergyUseIntensity_kWh_per_m2_year,Real,16.3
37325,Pset_NRCEnergyPerformance,ScenarioName,Label,Baseline
37325,Pset_NRCEnergyPerformance,AnalysisRunId,Identifier,run-2026-09-17-01
37456,Pset_NRCEmbodiedCarbon,EmbodiedCarbon_A1A3_kgCO2e,Real,361.2
37456,Pset_NRCEmbodiedCarbon,EmbodiedCarbon_A1A5_kgCO2e,Real,404.5
37456,Pset_NRCEmbodiedCarbon,ScenarioName,Label,Baseline
37456,Pset_NRCEmbodiedCarbon,AnalysisRunId,Identifier,run-2026-09-17-01
37456,Pset_NRCOperationalCarbon,OperationalCarbon_kgCO2e_per_year,Real,101.7
37456,Pset_NRCOperationalCarbon,GridEmissionFactor_kgCO2e_per_kWh,Real,0.11
37456,Pset_NRCOperationalCarbon,ScenarioName,Label,Baseline
37456,Pset_NRCOperationalCarbon,AnalysisRunId,Identifier,run-2026-09-17-01
37456,Pset_NRCEnergyPerformance,EnergyUseIntensity_kWh_per_m2_year,Real,40.3
37456,Pset_NRCEnergyPerformance,ScenarioName,Label,Baseline
37456,Pset_NRCEnergyPerformance,AnalysisRunId,Identifier,run-2026-09-17-01
37586,Pset_NRCEmbodiedCarbon,EmbodiedCarbon_A1A3_kgCO2e,Real,323.0
37586,Pset_NRCEmbodiedCarbon,EmbodiedCarbon_A1A5_kgCO2e,Real,361.8
37586,Pset_NRCEmbodiedCarbon,ScenarioName,Label,Baseline
37586,Pset_NRCEmbodiedCarbon,AnalysisRunId,Identifier,run-2026-09-17-01
37586,Pset_NRCOperationalCarbon,OperationalCarbon_kgCO2e_per_year,Real,104.0
37586,Pset_NRCOperationalCarbon,GridEmissionFactor_kgCO2e_per_kWh,Real,0.11
37586,Pset_NRCOperationalCarbon,ScenarioName,Label,Baseline
37586,Pset_NRCOperationalCarbon,AnalysisRunId,Identifier,run-2026-09-17-01
37586,Pset_NRCEnergyPerformance,EnergyUseIntensity_kWh_per_m2_year,Real,30.4
37586,Pset_NRCEnergyPerformance,ScenarioName,Label,Baseline
37586,Pset_NRCEnergyPerformance,AnalysisRunId,Identifier,run-2026-09-17-01
37716,Pset_NRCEmbodiedCarbon,EmbodiedCarbon_A1A3_kgCO2e,Real,355.2
37716,Pset_NRCEmbodiedCarbon,EmbodiedCarbon_A1A5_kgCO2e,Real,397.8
37716,Pset_NRCEmbodiedCarbon,ScenarioName,Label,Baseline
37716,Pset_NRCEmbodiedCarbon,AnalysisRunId,Identifier,run-2026-09-17-01
37716,Pset_NRCOperationalCarbon,OperationalCarbon_kgCO2e_per_year,Real,103.9
37716,Pset_NRCOperationalCarbon,GridEmissionFactor_kgCO2e_per_kWh,Real,0.11
37716,Pset_NRCOperationalCarbon,ScenarioName,Label,Baseline
37716,Pset_NRCOperationalCarbon,AnalysisRunId,Identifier,run-2026-09-17-01
37716,Pset_NRCEnergyPerformance,EnergyUseIntensity_kWh_per_m2_year,Real,23.3
37716,Pset_NRCEnergyPerformance,ScenarioName,Label,Baseline
37716,Pset_NRCEnergyPerformance,AnalysisRunId,Identifier,run-2026-09-17-01
37777,Pset_NRCEmbodiedCarbon,EmbodiedCarbon_A1A3_kgCO2e,Real,3069.5
37777,Pset_NRCEmbodiedCarbon,EmbodiedCarbon_A1A5_kgCO2e,Real,3437.8
37777,Pset_NRCEmbodiedCarbon,ScenarioName,Label,Baseline
37777,Pset_NRCEmbodiedCarbon,AnalysisRunId,Identifier,run-2026-09-17-01
37777,Pset_NRCOperationalCarbon,OperationalCarbon_kgCO2e_per_year,Real,325.4
37777,Pset_NRCOperationalCarbon,GridEmissionFactor_kgCO2e_per_kWh,Real,0.11
37777,Pset_NRCOperationalCarbon,ScenarioName,Label,Baseline
37777,Pset_NRCOperationalCarbon,AnalysisRunId,Identifier,run-2026-09-17-01
37777,Pset_NRCEnergyPerformance,EnergyUseIntensity_kWh_per_m2_year,Real,84.7
37777,Pset_NRCEnergyPerformance,ScenarioName,Label,Baseline
37777,Pset_NRCEnergyPerformance,AnalysisRunId,Identifier,run-2026-09-17-01
37864,Pset_NRCEmbodiedCarbon,EmbodiedCarbon_A1A3_kgCO2e,Real,1684.3
37864,Pset_NRCEmbodiedCarbon,EmbodiedCarbon_A1A5_kgCO2e,Real,1886.4
37864,Pset_NRCEmbodiedCarbon,ScenarioName,Label,Baseline
37864,Pset_NRCEmbodiedCarbon,AnalysisRunId,Identifier,run-2026-09-17-01
37864,Pset_NRCOperationalCarbon,OperationalCarbon_kgCO2e_per_year,Real,339.8
37864,Pset_NRCOperationalCarbon,GridEmissionFactor_kgCO2e_per_kWh,Real,0.11
37864,Pset_NRCOperationalCarbon,ScenarioName,Label,Baseline
37864,Pset_NRCOperationalCarbon,AnalysisRunId,Identifier,run-2026-09-17-01
37864,Pset_NRCEnergyPerformance,EnergyUseIntensity_kWh_per_m2_year,Real,44.8
37864,Pset_NRCEnergyPerformance,ScenarioName,Label,Baseline
37864,Pset_NRCEnergyPerformance,AnalysisRunId,Identifier,run-2026-09-17-01
37913,Pset_NRCEmbodiedCarbon,EmbodiedCarbon_A1A3_kgCO2e,Real,942.8
37913,Pset_NRCEmbodiedCarbon,EmbodiedCarbon_A1A5_kgCO2e,Real,1055.9
37913,Pset_NRCEmbodiedCarbon,ScenarioName,Label,Baseline
37913,Pset_NRCEmbodiedCarbon,AnalysisRunId,Identifier,run-2026-09-17-01
37913,Pset_NRCOperationalCarbon,OperationalCarbon_kgCO2e_per_year,Real,398.6
37913,Pset_NRCOperationalCarbon,GridEmissionFactor_kgCO2e_per_kWh,Real,0.11
37913,Pset_NRCOperationalCarbon,ScenarioName,Label,Baseline
37913,Pset_NRCOperationalCarbon,AnalysisRunId,Identifier,run-2026-09-17-01
37913,Pset_NRCEnergyPerformance,EnergyUseIntensity_kWh_per_m2_year,Real,81.8
37913,Pset_NRCEnergyPerformance,ScenarioName,Label,Baseline
37913,Pset_NRCEnergyPerformance,AnalysisRunId,Identifier,run-2026-09-17-01
37970,Pset_NRCEmbodiedCarbon,EmbodiedCarbon_A1A3_kgCO2e,Real,588.9
37970,Pset_NRCEmbodiedCarbon,EmbodiedCarbon_A1A5_kgCO2e,Real,659.6
37970,Pset_NRCEmbodiedCarbon,ScenarioName,Label,Baseline
37970,Pset_NRCEmbodiedCarbon,AnalysisRunId,Identifier,run-2026-09-17-01
37970,Pset_NRCOperationalCarbon,OperationalCarbon_kgCO2e_per_year,Real,399.7
37970,Pset_NRCOperationalCarbon,GridEmissionFactor_kgCO2e_per_kWh,Real,0.11
37970,Pset_NRCOperationalCarbon,ScenarioName,Label,Baseline
37970,Pset_NRCOperationalCarbon,AnalysisRunId,Identifier,run-2026-09-17-01
37970,Pset_NRCEnergyPerformance,EnergyUseIntensity_kWh_per_m2_year,Real,88.8
37970,Pset_NRCEnergyPerformance,ScenarioName,Label,Baseline
37970,Pset_NRCEnergyPerformance,AnalysisRunId,Identifier,run-2026-09-17-01
38015,Pset_NRCEmbodiedCarbon,EmbodiedCarbon_A1A3_kgCO2e,Real,934.3
38015,Pset_NRCEmbodiedCarbon,EmbodiedCarbon_A1A5_kgCO2e,Real,1046.4
38015,Pset_NRCEmbodiedCarbon,ScenarioName,Label,Baseline
38015,Pset_NRCEmbodiedCarbon,AnalysisRunId,Identifier,run-2026-09-17-01
38015,Pset_NRCOperationalCarbon,OperationalCarbon_kgCO2e_per_year,Real,388.6
38015,Pset_NRCOperationalCarbon,GridEmissionFactor_kgCO2e_per_kWh,Real,0.11
38015,Pset_NRCOperationalCarbon,ScenarioName,Label,Baseline
38015,Pset_NRCOperationalCarbon,AnalysisRunId,Identifier,run-2026-09-17-01
38015,Pset_NRCEnergyPerformance,EnergyUseIntensity_kWh_per_m2_year,Real,57.7
38015,Pset_NRCEnergyPerformance,ScenarioName,Label,Baseline
38015,Pset_NRCEnergyPerformance,AnalysisRunId,Identifier,run-2026-09-17-01
38060,Pset_NRCEmbodiedCarbon,EmbodiedCarbon_A1A3_kgCO2e,Real,874.5
38060,Pset_NRCEmbodiedCarbon,EmbodiedCarbon_A1A5_kgCO2e,Real,979.4
38060,Pset_NRCEmbodiedCarbon,ScenarioName,Label,Baseline
38060,Pset_NRCEmbodiedCarbon,AnalysisRunId,Identifier,run-2026-09-17-01
38060,Pset_NRCOperationalCarbon,OperationalCarbon_kgCO2e_per_year,Real,389.7
38060,Pset_NRCOperationalCarbon,GridEmissionFactor_kgCO2e_per_kWh,Real,0.11
38060,Pset_NRCOperationalCarbon,ScenarioName,Label,Baseline
38060,Pset_NRCOperationalCarbon,AnalysisRunId,Identifier,run-2026-09-17-01
38060,Pset_NRCEnergyPerformance,EnergyUseIntensity_kWh_per_m2_year,Real,64.7
38060,Pset_NRCEnergyPerformance,ScenarioName,Label,Baseline
38060,Pset_NRCEnergyPerformance,AnalysisRunId,Identifier,run-2026-09-17-01
38105,Pset_NRCEmbodiedCarbon,EmbodiedCarbon_A1A3_kgCO2e,Real,1010.4
38105,Pset_NRCEmbodiedCarbon,EmbodiedCarbon_A1A5_kgCO2e,Real,1131.6
38105,Pset_NRCEmbodiedCarbon,ScenarioName,Label,Baseline
38105,Pset_NRCEmbodiedCarbon,AnalysisRunId,Identifier,run-2026-09-17-01
38105,Pset_NRCOperationalCarbon,OperationalCarbon_kgCO2e_per_year,Real,224.3
38105,Pset_NRCOperationalCarbon,GridEmissionFactor_kgCO2e_per_kWh,Real,0.11
38105,Pset_NRCOperationalCarbon,ScenarioName,Label,Baseline
38105,Pset_NRCOperationalCarbon,AnalysisRunId,Identifier,run-2026-09-17-01
38105,Pset_NRCEnergyPerformance,EnergyUseIntensity_kWh_per_m2_year,Real,86.1
38105,Pset_NRCEnergyPerformance,ScenarioName,Label,Baseline
38105,Pset_NRCEnergyPerformance,AnalysisRunId,Identifier,run-2026-09-17-01
38150,Pset_NRCEmbodiedCarbon,EmbodiedCarbon_A1A3_kgCO2e,Real,912.3
38150,Pset_NRCEmbodiedCarbon,EmbodiedCarbon_A1A5_kgCO2e,Real,1021.8
38150,Pset_NRCEmbodiedCarbon,ScenarioName,Label,Baseline
38150,Pset_NRCEmbodiedCarbon,AnalysisRunId,Identifier,run-2026-09-17-01
38150,Pset_NRCOperationalCarbon,OperationalCarbon_kgCO2e_per_year,Real,221.0
38150,Pset_NRCOperationalCarbon,GridEmissionFactor_kgCO2e_per_kWh,Real,0.11
38150,Pset_NRCOperationalCarbon,ScenarioName,Label,Baseline
38150,Pset_NRCOperationalCarbon,AnalysisRunId,Identifier,run-2026-09-17-01
38150,Pset_NRCEnergyPerformance,EnergyUseIntensity_kWh_per_m2_year,Real,65.1
38150,Pset_NRCEnergyPerformance,ScenarioName,Label,Baseline
38150,Pset_NRCEnergyPerformance,AnalysisRunId,Identifier,run-2026-09-17-01
38195,Pset_NRCEmbodiedCarbon,EmbodiedCarbon_A1A3_kgCO2e,Real,976.9
38195,Pset_NRCEmbodiedCarbon,EmbodiedCarbon_A1A5_kgCO2e,Real,1094.1
38195,Pset_NRCEmbodiedCarbon,ScenarioName,Label,Baseline
38195,Pset_NRCEmbodiedCarbon,AnalysisRunId,Identifier,run-2026-09-17-01
38195,Pset_NRCOperationalCarbon,OperationalCarbon_kgCO2e_per_year,Real,222.1
38195,Pset_NRCOperationalCarbon,GridEmissionFactor_kgCO2e_per_kWh,Real,0.11
38195,Pset_NRCOperationalCarbon,ScenarioName,Label,Baseline
38195,Pset_NRCOperationalCarbon,AnalysisRunId,Identifier,run-2026-09-17-01
38195,Pset_NRCEnergyPerformance,EnergyUseIntensity_kWh_per_m2_year,Real,72.1
38195,Pset_NRCEnergyPerformance,ScenarioName,Label,Baseline
38195,Pset_NRCEnergyPerformance,AnalysisRunId,Identifier,run-2026-09-17-01
38240,Pset_NRCEmbodiedCarbon,EmbodiedCarbon_A1A3_kgCO2e,Real,770.3
38240,Pset_NRCEmbodiedCarbon,EmbodiedCarbon_A1A5_kgCO2e,Real,862.7
38240,Pset_NRCEmbodiedCarbon,ScenarioName,Label,Baseline
38240,Pset_NRCEmbodiedCarbon,AnalysisRunId,Identifier,run-2026-09-17-01
38240,Pset_NRCOperationalCarbon,OperationalCarbon_kgCO2e_per_year,Real,227.6
38240,Pset_NRCOperationalCarbon,GridEmissionFactor_kgCO2e_per_kWh,Real,0.11
38240,Pset_NRCOperationalCarbon,ScenarioName,Label,Baseline
38240,Pset_NRCOperationalCarbon,AnalysisRunId,Identifier,run-2026-09-17-01
38240,Pset_NRCEnergyPerformance,EnergyUseIntensity_kWh_per_m2_year,Real,61.1
38240,Pset_NRCEnergyPerformance,ScenarioName,Label,Baseline
38240,Pset_NRCEnergyPerformance,AnalysisRunId,Identifier,run-2026-09-17-01
39,Pset_NRCEmbodiedCarbon,EmbodiedCarbon_A1A3_kgCO2e,Real,49451.2
39,Pset_NRCEmbodiedCarbon,EmbodiedCarbon_A1A5_kgCO2e,Real,55385.4
39,Pset_NRCEmbodiedCarbon,ScenarioName,Label,Baseline
39,Pset_NRCEmbodiedCarbon,AnalysisRunId,Identifier,run-2026-09-17-01
39,Pset_NRCOperationalCarbon,OperationalCarbon_kgCO2e_per_year,Real,17457.0
39,Pset_NRCOperationalCarbon,ScenarioName,Label,Baseline
39,Pset_NRCOperationalCarbon,AnalysisRunId,Identifier,run-2026-09-17-01
36,Pset_NRCEmbodiedCarbon,EmbodiedCarbon_A1A3_kgCO2e,Real,115730.3
36,Pset_NRCEmbodiedCarbon,EmbodiedCarbon_A1A5_kgCO2e,Real,129618.1
36,Pset_NRCEmbodiedCarbon,ScenarioName,Label,Baseline
36,Pset_NRCEmbodiedCarbon,AnalysisRunId,Identifier,run-2026-09-17-01
36,Pset_NRCOperationalCarbon,OperationalCarbon_kgCO2e_per_year,Real,37196.2
36,Pset_NRCOperationalCarbon,ScenarioName,Label,Baseline
36,Pset_NRCOperationalCarbon,AnalysisRunId,Identifier,run-2026-09-17-01
47,Pset_NRCEmbodiedCarbon,EmbodiedCarbon_A1A3_kgCO2e,Real,11761.3
47,Pset_NRCEmbodiedCarbon,EmbodiedCarbon_A1A5_kgCO2e,Real,13172.7
47,Pset_NRCEmbodiedCarbon,ScenarioName,Label,Baseline
47,Pset_NRCEmbodiedCarbon,AnalysisRunId,Identifier,run-2026-09-17-01
47,Pset_NRCOperationalCarbon,OperationalCarbon_kgCO2e_per_year,Real,4001.7
47,Pset_NRCOperationalCarbon,ScenarioName,Label,Baseline
47,Pset_NRCOperationalCarbon,AnalysisRunId,Identifier,run-2026-09-17-01
43,Pset_NRCEmbodiedCarbon,EmbodiedCarbon_A1A3_kgCO2e,Real,48696.8
43,Pset_NRCEmbodiedCarbon,EmbodiedCarbon_A1A5_kgCO2e,Real,54540.6
43,Pset_NRCEmbodiedCarbon,ScenarioName,Label,Baseline
43,Pset_NRCEmbodiedCarbon,AnalysisRunId,Identifier,run-2026-09-17-01
43,Pset_NRCOperationalCarbon,OperationalCarbon_kgCO2e_per_year,Real,13970.2
43,Pset_NRCOperationalCarbon,ScenarioName,Label,Baseline
43,Pset_NRCOperationalCarbon,AnalysisRunId,Identifier,run-2026-09-17-01
51,Pset_NRCEmbodiedCarbon,EmbodiedCarbon_A1A3_kgCO2e,Real,5821.0
51,Pset_NRCEmbodiedCarbon,EmbodiedCarbon_A1A5_kgCO2e,Real,6519.4
51,Pset_NRCEmbodiedCarbon,ScenarioName,Label,Baseline
51,Pset_NRCEmbodiedCarbon,AnalysisRunId,Identifier,run-2026-09-17-01
51,Pset_NRCOperationalCarbon,OperationalCarbon_kgCO2e_per_year,Real,1767.3
51,Pset_NRCOperationalCarbon,ScenarioName,Label,Baseline
51,Pset_NRCOperationalCarbon,AnalysisRunId,Identifier,run-2026-09-17-01
34,Pset_NRCAnalyticsProvenance,AnalysisRunId,Identifier,run-2026-09-17-01
34,Pset_NRCAnalyticsProvenance,SourceTool,Label,nrc-ifc-llm/poc/generate_synthetic_analytics.py
34,Pset_NRCAnalyticsProvenance,Methodology,Label,"Synthetic, illustrative; not EN 15978"
34,Pset_NRCAnalyticsProvenance,ComputedAt,Label,2026-09-17T00:00:00Z
34,Pset_NRCAnalyticsProvenance,ComputedBy,Label,Ara 3D
34,Pset_NRCAnalyticsProvenance,MetricDictionaryVersion,Label,NRC-metrics-0.1
34,Pset_NRCAnalyticsProvenance,ResultDatasetURI,Text,poc/data/nrc_analytics_long.csv
34,Pset_NRCAnalyticsProvenance,ResultDatasetFormat,Label,CSV
34,Pset_NRCAnalyticsProvenance,JoinKey,Label,GlobalId
